{"Mode":{"InScheme":{"Id":"http://data.europa.eu/snb/learning-assessment/25831c2","Type":"ConceptScheme"},"PrefLabel":{"En":"Online"},"Id":"http://data.europa.eu/snb/learning-assessment/920fbb3cbe","Type":"Concept"},"DcType":null,"Title":{"En":"Maximum Likelihood Estimation"},"AdmissionsProcedure":null,"ApplicationDeadline":"2024-08-16","Description":{"En":"The course is aimed at IT professionals in employment in the Republic of Ireland registered companies. To qualify for direct entry they must have a Level 8 Honours Degree (2.2) or higher in Computer Science, Computing, Computer Applications or a related discipline. Applicants without these entry requirements (e.g., Level 7 degree or lower than an Honours 2.2 in a Level 8 degree) may be considered if they can demonstrate previously obtained competence equivalent to the entry requirements.\n\nIt is important to understand and assess the suitability of machine learning techniques for use with your data.  \n\nThe suitability of many techniques used in machine learning relies on several assumptions which are not always adhered to. The implications of understanding how these techniques estimate the weights in the various models is significant when concluding the results.  \n\nIn this course, you will examine Maximum Likelihood Estimation (MLE). It is one of the most important parameter estimation techniques in statistical modelling. We outline why this is the case and we will show you how they can derive theoretical estimates from first principles.\n\nIn this course we will outline Maximum likelihood estimation is one of the most important parameter estimation techniques in statistical modelling.\n\nUpon completion you will understand what a maximum likelihood estimator is and how to implement it to estimate a parameter for the mean and regression models.\n\nYou will also be able to outline the optimal characteristics of a maximum likelihood estimator."},"LearningAchievementSpecification":{"EQFLevel":{"InScheme":{"Id":"http://data.europa.eu/snb/eqf/25831c2","Type":"ConceptScheme"},"PrefLabel":{"En":"Level 7"},"Id":"http://data.europa.eu/snb/eqf/7","Type":"Concept"},"CreditPoint":null,"LearningOutcome":[{"Title":{"En":"L01"},"RelatedESCOSkill":[{"Notation":"Skill","InScheme":{"Id":"http://data.europa.eu/esco/concept-scheme/skills","Type":"ConceptScheme"},"PrefLabel":{"En":"analyse big data"},"Id":"http://data.europa.eu/esco/skill/47a49cd6-097d-457a-9f7b-c290c14930d5","Type":"Concept"}],"AdditionalNote":{"NoteLiteral":{"En":"Upon completion of the ELO, the learner will understand what Maximum Likelihood Estimation (MLE) is."},"Id":"urn:eciu:note:660a468b-4a11-ef11-9f89-0022488b0cca","Type":"Note"},"Id":"urn:epass:learningOutcome:917f52a7-c10d-483b-83b6-11f9a4aeed3e-1","Type":"LearningOutcome"},{"Title":{"En":"L02"},"RelatedESCOSkill":[{"Notation":"Skill","InScheme":{"Id":"http://data.europa.eu/esco/concept-scheme/skills","Type":"ConceptScheme"},"PrefLabel":{"En":"evaluate data, information and digital content"},"Id":"http://data.europa.eu/esco/skill/1d6c7de4-350e-4868-a47b-333b4b0d9650","Type":"Concept"}],"AdditionalNote":{"NoteLiteral":{"En":"Upon completion of the ELO, the learner will implement MLE to estimate parameter estimates for the mean and regression models."},"Id":"urn:eciu:note:08cb76df-4a11-ef11-9f89-0022488b0cca","Type":"Note"},"Id":"urn:epass:learningOutcome:917f52a7-c10d-483b-83b6-11f9a4aeed3e-2","Type":"LearningOutcome"},{"Title":{"En":"L03"},"RelatedESCOSkill":[{"Notation":"Skill","InScheme":{"Id":"http://data.europa.eu/esco/concept-scheme/skills","Type":"ConceptScheme"},"PrefLabel":{"En":"digital competencies"},"Id":"http://data.europa.eu/esco/skill/aeecc330-0be9-419f-bddb-5218de926004","Type":"Concept"}],"AdditionalNote":{"NoteLiteral":{"En":"Upon completion of the ELO, the learner will outline the optimal characteristics of a maximum likelihood estimator."},"Id":"urn:eciu:note:a56e8c64-4b11-ef11-9f89-0022488b0cca","Type":"Note"},"Id":"urn:epass:learningOutcome:917f52a7-c10d-483b-83b6-11f9a4aeed3e-3","Type":"LearningOutcome"}],"LearningSetting":null,"Mode":null,"Title":{"En":"Maximum Likelihood Estimation"},"DcType":null,"HomePage":null,"VolumeOfLearning":"PT4H","Id":"urn:eciu:qualification:917f52a7-c10d-483b-83b6-11f9a4aeed3e","Type":"Qualification"},"IsPartOf":{"Mode":null,"DcType":null,"Title":{"En":"Maximum Likelihood Estimation"},"AdmissionsProcedure":null,"ApplicationDeadline":null,"Description":null,"LearningAchievementSpecification":null,"IsPartOf":null,"Temporal":null,"ProvidedBy":null,"LearningActivitySpecification":null,"BannerImage":null,"MoreInformation":[{"NoteLiteral":"CA6831","Subject":{"InScheme":{"Id":"urn:eciu:note","Type":"ConceptScheme"},"PrefLabel":{"En":"EducationIdentifier"},"Id":"a1bfd31a-4a11-ef11-9f89-0022488b0cca","Type":"Concept"}}],"Id":"urn:eciu:learningOpportunity:a1bfd31a-4a11-ef11-9f89-0022488b0cca","Type":"LearningOpportunity"},"Temporal":{"EndDate":"2024-05-20T00:00:00Z","Name":{"En":"Temporal"},"StartDate":"2024-08-30T00:00:00Z"},"ProvidedBy":{"Location":null,"Logo":null,"LegalName":{"En":"DUBLIN CITY UNIVERSITY (DCU)"},"Registration":null,"Homepage":null,"Id":"urn:eciu:org:ee9c51fc-6954-ed11-bba2-6045bd886566","Type":"Organisation"},"LearningActivitySpecification":{"Mode":null,"DcType":null,"Title":{"En":""},"Description":null,"MoreInformation":[{"NoteLiteral":"- The course will become **accessible as of the 20th of May 2024**.\n- You can already **register for it by clicking this link:\u00A0 [https://www.futurelearn.com/invitations/dcu/maximum-likelihood-estimation/iq2l7c06zvmwa02qj5eujy73i97l4fr](https://www.futurelearn.com/invitations/dcu/maximum-likelihood-estimation/iq2l7c06zvmwa02qj5eujy73i97l4fr)**\n- On clicking the link, you will be prompted to **set up an account with the FutureLearn**, which will be your Learning Environment for this course.\n- To gain access to the course in FutureLearn, **please use your Tampere City email address** when opening the account.\n- The course is asynchronous and provides you with the opportunity to comment on course content etc. with your peers during the course.","Subject":{"InScheme":{"Id":"urn:eciu:note","Type":"ConceptScheme"},"PrefLabel":{"En":"ParticipantInformation"},"Id":"917f52a7-c10d-483b-83b6-11f9a4aeed3e","Type":"Concept"}}],"HasPart":null,"Id":"urn:eciu:learningActivitySpec:917f52a7-c10d-483b-83b6-11f9a4aeed3e","Type":"LearningActivitySpecification"},"BannerImage":null,"MoreInformation":[{"NoteLiteral":"","Subject":{"InScheme":{"Id":"urn:eciu:note","Type":"ConceptScheme"},"PrefLabel":{"En":"SourceIdentifier"},"Id":"917f52a7-c10d-483b-83b6-11f9a4aeed3e","Type":"Concept"}},{"NoteLiteral":"(MLE)","Subject":{"InScheme":{"Id":"urn:eciu:note","Type":"ConceptScheme"},"PrefLabel":{"En":"SubTitle"},"Id":"917f52a7-c10d-483b-83b6-11f9a4aeed3e","Type":"Concept"}},{"NoteLiteral":"In this course, you will examine Maximum Likelihood Estimation (MLE). It is one of the most important parameter estimation techniques in statistical modelling.","Subject":{"InScheme":{"Id":"urn:eciu:note","Type":"ConceptScheme"},"PrefLabel":{"En":"Introduction"},"Id":"917f52a7-c10d-483b-83b6-11f9a4aeed3e","Type":"Concept"}},{"NoteLiteral":"True","Subject":{"InScheme":{"Id":"urn:eciu:note","Type":"ConceptScheme"},"PrefLabel":{"En":"GenerateMicroCredentials"},"Id":"917f52a7-c10d-483b-83b6-11f9a4aeed3e","Type":"Concept"}},{"NoteLiteral":"","Subject":{"InScheme":{"Id":"urn:eciu:note","Type":"ConceptScheme"},"PrefLabel":{"En":"AdmissionProcessInformation"},"Id":"917f52a7-c10d-483b-83b6-11f9a4aeed3e","Type":"Concept"}},{"NoteLiteral":"True","Subject":{"InScheme":{"Id":"urn:eciu:note","Type":"ConceptScheme"},"PrefLabel":{"En":"SimplifiedAdmissionProcess"},"Id":"917f52a7-c10d-483b-83b6-11f9a4aeed3e","Type":"Concept"}},{"NoteLiteral":"2024-05-13","Subject":{"InScheme":{"Id":"urn:eciu:note","Type":"ConceptScheme"},"PrefLabel":{"En":"ApplicationPeriodStartDate"},"Id":"917f52a7-c10d-483b-83b6-11f9a4aeed3e","Type":"Concept"}},{"NoteLiteral":"30","Subject":{"InScheme":{"Id":"urn:eciu:note","Type":"ConceptScheme"},"PrefLabel":{"En":"MaximumNumberOfSeats"},"Id":"917f52a7-c10d-483b-83b6-11f9a4aeed3e","Type":"Concept"}},{"NoteLiteral":"False","Subject":{"InScheme":{"Id":"urn:eciu:note","Type":"ConceptScheme"},"PrefLabel":{"En":"ECIULMSENabled"},"Id":"917f52a7-c10d-483b-83b6-11f9a4aeed3e","Type":"Concept"}},{"NoteLiteral":"https://www.futurelearn.com/invitations/dcu/maximum-likelihood-estimation/iq2l7c06zvmwa02qj5eujy73i97l4fr","Subject":{"InScheme":{"Id":"urn:eciu:note","Type":"ConceptScheme"},"PrefLabel":{"En":"LMSUrl"},"Id":"917f52a7-c10d-483b-83b6-11f9a4aeed3e","Type":"Concept"}},{"NoteLiteral":"","Subject":{"InScheme":{"Id":"urn:eciu:note","Type":"ConceptScheme"},"PrefLabel":{"En":"TeamAccessDate"},"Id":"917f52a7-c10d-483b-83b6-11f9a4aeed3e","Type":"Concept"}},{"NoteLiteral":"false","Subject":{"InScheme":{"Id":"urn:eciu:note","Type":"ConceptScheme"},"PrefLabel":{"En":"SelfPaced"},"Id":"917f52a7-c10d-483b-83b6-11f9a4aeed3e","Type":"Concept"}},{"NoteLiteral":"25","Subject":{"InScheme":{"Id":"urn:eciu:note","Type":"ConceptScheme"},"PrefLabel":{"En":"Pace"},"Id":"917f52a7-c10d-483b-83b6-11f9a4aeed3e","Type":"Concept"}},{"NoteLiteral":"Standard","Subject":{"InScheme":{"Id":"urn:eciu:note","Type":"ConceptScheme"},"PrefLabel":{"En":"Scope"},"Id":"917f52a7-c10d-483b-83b6-11f9a4aeed3e","Type":"Concept"}}],"Id":"urn:eciu:learningOpportunity:917f52a7-c10d-483b-83b6-11f9a4aeed3e","Type":"LearningOpportunity"}