{"Mode":{"InScheme":{"Id":"http://data.europa.eu/snb/learning-assessment/25831c2","Type":"ConceptScheme"},"PrefLabel":{"En":"Online"},"Id":"http://data.europa.eu/snb/learning-assessment/920fbb3cbe","Type":"Concept"},"DcType":null,"Title":{"En":"Project Stakeholder Engagement"},"AdmissionsProcedure":{"NoteLiteral":{"En":"Applicants need to attach a copy of ID card/passport (document issued by the country of origin) to enrol for the KTU virtual learning environment. This does not apply to KTU students (if you are a KTU student, you may attach a blank page). \nB2 level of English language proficiency is required."},"Id":"urn:eciu:note:5207407e-9ce9-43b9-9a90-90420a197a57","Type":"Note"},"ApplicationDeadline":"2024-10-01","Description":{"En":"This micro-module addresses the critical role of stakeholder engagement in project management. It explores how to identify, prioritize, and effectively engage stakeholders to ensure project success. The module aims to equip you with the skills to handle stakeholder dynamics, enhance communication, and manage conflicts, ultimately fostering a collaborative project environment.\u00A0\n\nKey Areas of Focus:\u00A0\n\n- Understanding the concept of project stakeholders and their influence.\n\n- Developing and applying stakeholder engagement strategies.\n\n- Techniques for managing difficult stakeholders and conflicts.\n\nThis module will equip you with the skills to identify and analyse project stakeholders, as well as to communicate effectively and manage conflicts, making you a valuable asset in any project management team. You\u0027ll gain hands-on experience through various learning activities, including video lectures, readings, and interactive tasks."},"LearningAchievementSpecification":{"EQFLevel":{"InScheme":{"Id":"http://data.europa.eu/snb/eqf/25831c2","Type":"ConceptScheme"},"PrefLabel":{"En":"Level 7"},"Id":"http://data.europa.eu/snb/eqf/7","Type":"Concept"},"CreditPoint":{"Framework":{"InScheme":{"Id":"http://data.europa.eu/snb/education-credit/25831c2","Type":"ConceptScheme"},"PrefLabel":{"En":"European Credit Transfer System"},"Id":"http://data.europa.eu/snb/education-credit/6fcec5c5af","Type":"Concept"},"Point":"1,0","Id":"urn:epass:creditPoint:5207407e-9ce9-43b9-9a90-90420a197a57","Type":"CreditPoint"},"LearningOutcome":[{"Title":{"En":"Understand project stakeholders and apply techniques for their analysis"},"RelatedESCOSkill":[{"Notation":"Skill","InScheme":{"Id":"http://data.europa.eu/esco/concept-scheme/skills","Type":"ConceptScheme"},"PrefLabel":{"En":"project management"},"Id":"http://data.europa.eu/esco/skill/7111b95d-0ce3-441a-9d92-4c75d05c4388","Type":"Concept"},{"Notation":"Skill","InScheme":{"Id":"http://data.europa.eu/esco/concept-scheme/skills","Type":"ConceptScheme"},"PrefLabel":{"En":"think holistically"},"Id":"http://data.europa.eu/esco/skill/d56e2c2f-3e01-4b76-a7bb-ecb6d430172f","Type":"Concept"},{"Notation":"Skill","InScheme":{"Id":"http://data.europa.eu/esco/concept-scheme/skills","Type":"ConceptScheme"},"PrefLabel":{"En":"keep an open mind"},"Id":"http://data.europa.eu/esco/skill/fd89f784-88dc-4d35-abd7-86aa073cab12","Type":"Concept"}],"AdditionalNote":{"NoteLiteral":{"En":"Having completed course, the student should be able to define the concept of project stakeholders, and various techniques to analyse their interests and influence over the project. "},"Id":"urn:eciu:note:f96eda61-7944-ef11-a316-0022488b1514","Type":"Note"},"Id":"urn:epass:learningOutcome:5207407e-9ce9-43b9-9a90-90420a197a57-1","Type":"LearningOutcome"},{"Title":{"En":"Apply project stakeholder engagement strategies"},"RelatedESCOSkill":[{"Notation":"Skill","InScheme":{"Id":"http://data.europa.eu/esco/concept-scheme/skills","Type":"ConceptScheme"},"PrefLabel":{"En":"think holistically"},"Id":"http://data.europa.eu/esco/skill/d56e2c2f-3e01-4b76-a7bb-ecb6d430172f","Type":"Concept"},{"Notation":"Skill","InScheme":{"Id":"http://data.europa.eu/esco/concept-scheme/skills","Type":"ConceptScheme"},"PrefLabel":{"En":"project management"},"Id":"http://data.europa.eu/esco/skill/7111b95d-0ce3-441a-9d92-4c75d05c4388","Type":"Concept"},{"Notation":"Skill","InScheme":{"Id":"http://data.europa.eu/esco/concept-scheme/skills","Type":"ConceptScheme"},"PrefLabel":{"En":"conflict management"},"Id":"http://data.europa.eu/esco/skill/afd49651-9119-4327-91fc-844a6dda1254","Type":"Concept"}],"AdditionalNote":{"NoteLiteral":{"En":"Having completed the course, the student should be able to apply project stakeholder engagement strategies. "},"Id":"urn:eciu:note:8d580425-7a44-ef11-a316-0022488b1514","Type":"Note"},"Id":"urn:epass:learningOutcome:5207407e-9ce9-43b9-9a90-90420a197a57-2","Type":"LearningOutcome"}],"LearningSetting":null,"Mode":null,"Title":{"En":"Project Stakeholder Engagement"},"DcType":null,"HomePage":null,"VolumeOfLearning":null,"Id":"urn:eciu:qualification:5207407e-9ce9-43b9-9a90-90420a197a57","Type":"Qualification"},"IsPartOf":{"Mode":null,"DcType":null,"Title":{"En":"Project Stakeholder Engagement"},"AdmissionsProcedure":null,"ApplicationDeadline":null,"Description":null,"LearningAchievementSpecification":null,"IsPartOf":null,"Temporal":null,"ProvidedBy":null,"LearningActivitySpecification":null,"BannerImage":null,"MoreInformation":null,"Id":"urn:eciu:learningOpportunity:6f3f03e5-201d-ef11-840a-000d3a2a7e23","Type":"LearningOpportunity"},"Temporal":{"EndDate":"2024-10-15T00:00:00Z","Name":{"En":"Temporal"},"StartDate":"2024-10-31T00:00:00Z"},"ProvidedBy":{"Location":null,"Logo":null,"LegalName":{"En":"KAUNO TECHNOLOGIJOS UNIVERSITETAS (KTU)"},"Registration":null,"Homepage":null,"Id":"urn:eciu:org:4cc1e316-6a54-ed11-bba2-6045bd886566","Type":"Organisation"},"LearningActivitySpecification":{"Mode":null,"DcType":null,"Title":{"En":""},"Description":{"En":"[https://uais.cr.ktu.lt/ktuis/stp\\_report\\_ects.mdl\\_ml?p\\_kodas=MM00M116\u0026p\\_year=2024\u0026p\\_lang=EN\u0026p\\_stp\\_id=](https://uais.cr.ktu.lt/ktuis/stp_report_ects.mdl_ml?p_kodas=MM00M116\u0026amp;p_year=2024\u0026amp;p_lang=EN\u0026amp;p_stp_id=)"},"MoreInformation":[{"NoteLiteral":"The expected workload of the micro-module is around 14 hours per week. This includes time invested in watching the video lectures, reading, preparation for quiz, assignment writing and self-reflection.\u00A0\u00A0\n\nTeaching and working methods: The micro-module utilizes digital teaching methods and applications which include video lectures, interviews with business representatives, quizzes, case analysis, assignment writings.\u00A0\n\nExamination: The micro-module is examined by two mini quizzes, two written assignments and assessment of activity level in the discussion forums.\u00A0\u00A0\n\n[Syllabus of the micro-module](https://uais.cr.ktu.lt/ktuis/stp_report_ects.mdl_ml?p_kodas=MM00M116\u0026amp;p_year=2024\u0026amp;p_lang=EN\u0026amp;p_stp_id=)","Subject":{"InScheme":{"Id":"urn:eciu:note","Type":"ConceptScheme"},"PrefLabel":{"En":"ParticipantInformation"},"Id":"5207407e-9ce9-43b9-9a90-90420a197a57","Type":"Concept"}}],"HasPart":null,"Id":"urn:eciu:learningActivitySpec:5207407e-9ce9-43b9-9a90-90420a197a57","Type":"LearningActivitySpecification"},"BannerImage":null,"MoreInformation":[{"NoteLiteral":"","Subject":{"InScheme":{"Id":"urn:eciu:note","Type":"ConceptScheme"},"PrefLabel":{"En":"SourceIdentifier"},"Id":"5207407e-9ce9-43b9-9a90-90420a197a57","Type":"Concept"}},{"NoteLiteral":"Mastering stakeholder engagement for project success","Subject":{"InScheme":{"Id":"urn:eciu:note","Type":"ConceptScheme"},"PrefLabel":{"En":"SubTitle"},"Id":"5207407e-9ce9-43b9-9a90-90420a197a57","Type":"Concept"}},{"NoteLiteral":"This micro-module aims to provide you with the critical skills and knowledge to effectively engage and manage project stakeholders. You will learn to identify key stakeholders, understand their needs and expectations, and develop strategies for communication and collaboration. The most important aspect of this module is empowering you to foster strong relationships and drive project success through effective stakeholder management. By the end, you\u0027ll be equipped to handle stakeholder dynamics confidently, ensuring your projects meet their goals and deliver value to all involved.","Subject":{"InScheme":{"Id":"urn:eciu:note","Type":"ConceptScheme"},"PrefLabel":{"En":"Introduction"},"Id":"5207407e-9ce9-43b9-9a90-90420a197a57","Type":"Concept"}},{"NoteLiteral":"True","Subject":{"InScheme":{"Id":"urn:eciu:note","Type":"ConceptScheme"},"PrefLabel":{"En":"GenerateMicroCredentials"},"Id":"5207407e-9ce9-43b9-9a90-90420a197a57","Type":"Concept"}},{"NoteLiteral":"Applicants need to attach a copy of ID card/passport (document issued by the country of origin) to enrol for the KTU virtual learning environment. This does not apply to KTU students (if you are a KTU student, you may attach a blank page).\u00A0\n\nB2 level of English language proficiency is required.","Subject":{"InScheme":{"Id":"urn:eciu:note","Type":"ConceptScheme"},"PrefLabel":{"En":"AdmissionProcessInformation"},"Id":"5207407e-9ce9-43b9-9a90-90420a197a57","Type":"Concept"}},{"NoteLiteral":"False","Subject":{"InScheme":{"Id":"urn:eciu:note","Type":"ConceptScheme"},"PrefLabel":{"En":"SimplifiedAdmissionProcess"},"Id":"5207407e-9ce9-43b9-9a90-90420a197a57","Type":"Concept"}},{"NoteLiteral":"2024-07-18","Subject":{"InScheme":{"Id":"urn:eciu:note","Type":"ConceptScheme"},"PrefLabel":{"En":"ApplicationPeriodStartDate"},"Id":"5207407e-9ce9-43b9-9a90-90420a197a57","Type":"Concept"}},{"NoteLiteral":"10","Subject":{"InScheme":{"Id":"urn:eciu:note","Type":"ConceptScheme"},"PrefLabel":{"En":"MaximumNumberOfSeats"},"Id":"5207407e-9ce9-43b9-9a90-90420a197a57","Type":"Concept"}},{"NoteLiteral":"False","Subject":{"InScheme":{"Id":"urn:eciu:note","Type":"ConceptScheme"},"PrefLabel":{"En":"ECIULMSENabled"},"Id":"5207407e-9ce9-43b9-9a90-90420a197a57","Type":"Concept"}},{"NoteLiteral":"","Subject":{"InScheme":{"Id":"urn:eciu:note","Type":"ConceptScheme"},"PrefLabel":{"En":"LMSUrl"},"Id":"5207407e-9ce9-43b9-9a90-90420a197a57","Type":"Concept"}},{"NoteLiteral":"","Subject":{"InScheme":{"Id":"urn:eciu:note","Type":"ConceptScheme"},"PrefLabel":{"En":"TeamAccessDate"},"Id":"5207407e-9ce9-43b9-9a90-90420a197a57","Type":"Concept"}},{"NoteLiteral":"false","Subject":{"InScheme":{"Id":"urn:eciu:note","Type":"ConceptScheme"},"PrefLabel":{"En":"SelfPaced"},"Id":"5207407e-9ce9-43b9-9a90-90420a197a57","Type":"Concept"}},{"NoteLiteral":"0","Subject":{"InScheme":{"Id":"urn:eciu:note","Type":"ConceptScheme"},"PrefLabel":{"En":"Pace"},"Id":"5207407e-9ce9-43b9-9a90-90420a197a57","Type":"Concept"}},{"NoteLiteral":"Standard","Subject":{"InScheme":{"Id":"urn:eciu:note","Type":"ConceptScheme"},"PrefLabel":{"En":"Scope"},"Id":"5207407e-9ce9-43b9-9a90-90420a197a57","Type":"Concept"}}],"Id":"urn:eciu:learningOpportunity:5207407e-9ce9-43b9-9a90-90420a197a57","Type":"LearningOpportunity"}