{"Mode":{"InScheme":{"Id":"http://data.europa.eu/snb/learning-assessment/25831c2","Type":"ConceptScheme"},"PrefLabel":{"En":"Online"},"Id":"http://data.europa.eu/snb/learning-assessment/920fbb3cbe","Type":"Concept"},"DcType":null,"Title":{"En":"Futures of Translation"},"AdmissionsProcedure":null,"ApplicationDeadline":"2024-10-06","Description":{"En":"This module will guide students through the intersection of translation studies and cutting-edge technology, exploring how technological advancements like immersive media (e.g., virtual reality and augmented reality), artificial intelligence, robotics, and more are reshaping translation practices and the role of translators in a digital world. Students will gain a comprehensive understanding of the current trends and possible future developments of translation through the analysis of various case studies, both real and fictional. They will also learn how to critically reflect and reconstruct the mechanics, dynamics, and strategies behind future translations through individual and group exercises. Additionally, students will be encouraged to imagine and navigate a possible future of translation, preparing them to discover new potentials to tackle the challenges of translation in a rapidly changing world."},"LearningAchievementSpecification":{"EQFLevel":{"InScheme":{"Id":"http://data.europa.eu/snb/eqf/25831c2","Type":"ConceptScheme"},"PrefLabel":{"En":"Level 7"},"Id":"http://data.europa.eu/snb/eqf/7","Type":"Concept"},"CreditPoint":{"Framework":{"InScheme":{"Id":"http://data.europa.eu/snb/education-credit/25831c2","Type":"ConceptScheme"},"PrefLabel":{"En":"European Credit Transfer System"},"Id":"http://data.europa.eu/snb/education-credit/6fcec5c5af","Type":"Concept"},"Point":"3,0","Id":"urn:epass:creditPoint:fc96232c-64b5-4b61-b552-a69e4e150849","Type":"CreditPoint"},"LearningOutcome":[{"Title":{"En":"Conceptualise and map the current trends and possible future developments of translation"},"RelatedESCOSkill":[{"Notation":"Skill","InScheme":{"Id":"http://data.europa.eu/esco/concept-scheme/skills","Type":"ConceptScheme"},"PrefLabel":{"En":"evaluate translation technologies"},"Id":"http://data.europa.eu/esco/skill/fc1fa8eb-a7fd-481c-b3b3-5fc45b3d1e97","Type":"Concept"}],"AdditionalNote":{"NoteLiteral":{"En":"The student understands different theoretical concepts derived from future oriented research and recognises the specific position of translation among them, in order to map the current trends and possible future developments of translation."},"Id":"urn:eciu:note:4cfb3a57-4d59-ef11-bfe3-00224882b2f6","Type":"Note"},"Id":"urn:epass:learningOutcome:fc96232c-64b5-4b61-b552-a69e4e150849-1","Type":"LearningOutcome"},{"Title":{"En":"Critically reflect on the current state of translation and produce imaginations of the future of tra"},"RelatedESCOSkill":[{"Notation":"Skill","InScheme":{"Id":"http://data.europa.eu/esco/concept-scheme/skills","Type":"ConceptScheme"},"PrefLabel":{"En":"evaluate data, information and digital content"},"Id":"http://data.europa.eu/esco/skill/1d6c7de4-350e-4868-a47b-333b4b0d9650","Type":"Concept"},{"Notation":"Skill","InScheme":{"Id":"http://data.europa.eu/esco/concept-scheme/skills","Type":"ConceptScheme"},"PrefLabel":{"En":"think critically"},"Id":"http://data.europa.eu/esco/skill/7dd94ad3-13d6-43fe-8b94-51fcbf67ced9","Type":"Concept"},{"Notation":"Skill","InScheme":{"Id":"http://data.europa.eu/esco/concept-scheme/skills","Type":"ConceptScheme"},"PrefLabel":{"En":"think critically"},"Id":"http://data.europa.eu/esco/skill/7dd94ad3-13d6-43fe-8b94-51fcbf67ced9","Type":"Concept"}],"AdditionalNote":{"NoteLiteral":{"En":"The student is able to deploy simple methods inspired from speculative research in order to produce imaginations of the future of translation, translators and translation studies, and use them as a mean of critical reflection on the present"},"Id":"urn:eciu:note:7c6dcf73-6f6b-ef11-bfe2-00224884d34a","Type":"Note"},"Id":"urn:epass:learningOutcome:fc96232c-64b5-4b61-b552-a69e4e150849-2","Type":"LearningOutcome"},{"Title":{"En":"Reconstruct the mechanics, dynamics, and strategies behind future translations"},"RelatedESCOSkill":[{"Notation":"Skill","InScheme":{"Id":"http://data.europa.eu/esco/concept-scheme/skills","Type":"ConceptScheme"},"PrefLabel":{"En":"digital competencies"},"Id":"http://data.europa.eu/esco/skill/aeecc330-0be9-419f-bddb-5218de926004","Type":"Concept"}],"AdditionalNote":{"NoteLiteral":{"En":"The student is able to engage different case studies, both real and fictional, in order to reconstruct the mechanics, dynamics, and strategies behind \tfuture translations."},"Id":"urn:eciu:note:76170e22-4e59-ef11-bfe2-002248897dae","Type":"Note"},"Id":"urn:epass:learningOutcome:fc96232c-64b5-4b61-b552-a69e4e150849-3","Type":"LearningOutcome"}],"LearningSetting":null,"Mode":null,"Title":{"En":"Futures of Translation"},"DcType":null,"HomePage":null,"VolumeOfLearning":null,"Id":"urn:eciu:qualification:fc96232c-64b5-4b61-b552-a69e4e150849","Type":"Qualification"},"IsPartOf":{"Mode":null,"DcType":null,"Title":{"En":"Futures of Translation"},"AdmissionsProcedure":null,"ApplicationDeadline":null,"Description":null,"LearningAchievementSpecification":null,"IsPartOf":null,"Temporal":null,"ProvidedBy":null,"LearningActivitySpecification":null,"BannerImage":null,"MoreInformation":null,"Id":"urn:eciu:learningOpportunity:fbf00429-b328-ef11-840b-6045bd8ffc7c","Type":"LearningOpportunity"},"Temporal":{"EndDate":"2024-10-21T00:00:00Z","Name":{"En":"Temporal"},"StartDate":"2024-12-05T00:00:00Z"},"ProvidedBy":{"Location":null,"Logo":null,"LegalName":{"En":"TAMPEREEN KORKEAKOULUSAATIO SR (TAU)"},"Registration":null,"Homepage":null,"Id":"urn:eciu:org:8f142831-6a54-ed11-bba2-6045bd886566","Type":"Organisation"},"LearningActivitySpecification":{"Mode":null,"DcType":null,"Title":{"En":""},"Description":null,"MoreInformation":[{"NoteLiteral":"Study format: This module will be held online for all ECIU students\n\nStudy schedule: This module will run every Wednesday from October 21st to December 5th, 2024, from 12:00 to 14:00 (Finnish time zone).\n\nAssessment of the course: to pass the module, each student is expected to deliver: (1) a structured learning diary that reflects on the module\u0027s content and (2) assignments related to classroom activities. Further information for both will be provided during the first session of this module.","Subject":{"InScheme":{"Id":"urn:eciu:note","Type":"ConceptScheme"},"PrefLabel":{"En":"ParticipantInformation"},"Id":"fc96232c-64b5-4b61-b552-a69e4e150849","Type":"Concept"}}],"HasPart":null,"Id":"urn:eciu:learningActivitySpec:fc96232c-64b5-4b61-b552-a69e4e150849","Type":"LearningActivitySpecification"},"BannerImage":null,"MoreInformation":[{"NoteLiteral":"","Subject":{"InScheme":{"Id":"urn:eciu:note","Type":"ConceptScheme"},"PrefLabel":{"En":"SourceIdentifier"},"Id":"fc96232c-64b5-4b61-b552-a69e4e150849","Type":"Concept"}},{"NoteLiteral":"Explore our evolving mediascape through the lens of translation and its possible futures","Subject":{"InScheme":{"Id":"urn:eciu:note","Type":"ConceptScheme"},"PrefLabel":{"En":"SubTitle"},"Id":"fc96232c-64b5-4b61-b552-a69e4e150849","Type":"Concept"}},{"NoteLiteral":"\u0022Futures of Translation\u0022 is designed to provide students with the fundamental knowledge needed to understand the dynamic field of translation.","Subject":{"InScheme":{"Id":"urn:eciu:note","Type":"ConceptScheme"},"PrefLabel":{"En":"Introduction"},"Id":"fc96232c-64b5-4b61-b552-a69e4e150849","Type":"Concept"}},{"NoteLiteral":"True","Subject":{"InScheme":{"Id":"urn:eciu:note","Type":"ConceptScheme"},"PrefLabel":{"En":"GenerateMicroCredentials"},"Id":"fc96232c-64b5-4b61-b552-a69e4e150849","Type":"Concept"}},{"NoteLiteral":"This micromodule is open to all ECIU students who are interested in communication, digital media, translation studies or related fields.\n\nRequired documents: To enroll in this module, the student needs to submit a motivation letter in English (a statement explaining the reason why the student wishes to enroll in this module and how it aligns with his/her academic objectives or addresses his/her challenge topic)\n\nSelection criteria: If the number of applicants exceeds the available seats in the module, students will be selected based on their motivation letter. The main criterion is that motivation letter clearly demonstrates a strong interest in the module.","Subject":{"InScheme":{"Id":"urn:eciu:note","Type":"ConceptScheme"},"PrefLabel":{"En":"AdmissionProcessInformation"},"Id":"fc96232c-64b5-4b61-b552-a69e4e150849","Type":"Concept"}},{"NoteLiteral":"False","Subject":{"InScheme":{"Id":"urn:eciu:note","Type":"ConceptScheme"},"PrefLabel":{"En":"SimplifiedAdmissionProcess"},"Id":"fc96232c-64b5-4b61-b552-a69e4e150849","Type":"Concept"}},{"NoteLiteral":"2024-09-01","Subject":{"InScheme":{"Id":"urn:eciu:note","Type":"ConceptScheme"},"PrefLabel":{"En":"ApplicationPeriodStartDate"},"Id":"fc96232c-64b5-4b61-b552-a69e4e150849","Type":"Concept"}},{"NoteLiteral":"10","Subject":{"InScheme":{"Id":"urn:eciu:note","Type":"ConceptScheme"},"PrefLabel":{"En":"MaximumNumberOfSeats"},"Id":"fc96232c-64b5-4b61-b552-a69e4e150849","Type":"Concept"}},{"NoteLiteral":"False","Subject":{"InScheme":{"Id":"urn:eciu:note","Type":"ConceptScheme"},"PrefLabel":{"En":"ECIULMSENabled"},"Id":"fc96232c-64b5-4b61-b552-a69e4e150849","Type":"Concept"}},{"NoteLiteral":"","Subject":{"InScheme":{"Id":"urn:eciu:note","Type":"ConceptScheme"},"PrefLabel":{"En":"LMSUrl"},"Id":"fc96232c-64b5-4b61-b552-a69e4e150849","Type":"Concept"}},{"NoteLiteral":"","Subject":{"InScheme":{"Id":"urn:eciu:note","Type":"ConceptScheme"},"PrefLabel":{"En":"TeamAccessDate"},"Id":"fc96232c-64b5-4b61-b552-a69e4e150849","Type":"Concept"}},{"NoteLiteral":"false","Subject":{"InScheme":{"Id":"urn:eciu:note","Type":"ConceptScheme"},"PrefLabel":{"En":"SelfPaced"},"Id":"fc96232c-64b5-4b61-b552-a69e4e150849","Type":"Concept"}},{"NoteLiteral":"20","Subject":{"InScheme":{"Id":"urn:eciu:note","Type":"ConceptScheme"},"PrefLabel":{"En":"Pace"},"Id":"fc96232c-64b5-4b61-b552-a69e4e150849","Type":"Concept"}},{"NoteLiteral":"Standard","Subject":{"InScheme":{"Id":"urn:eciu:note","Type":"ConceptScheme"},"PrefLabel":{"En":"Scope"},"Id":"fc96232c-64b5-4b61-b552-a69e4e150849","Type":"Concept"}}],"Id":"urn:eciu:learningOpportunity:fc96232c-64b5-4b61-b552-a69e4e150849","Type":"LearningOpportunity"}