{"Mode":{"InScheme":{"Id":"http://data.europa.eu/snb/learning-assessment/25831c2","Type":"ConceptScheme"},"PrefLabel":{"En":"Online"},"Id":"http://data.europa.eu/snb/learning-assessment/920fbb3cbe","Type":"Concept"},"DcType":null,"Title":{"En":"Problem Solving"},"AdmissionsProcedure":{"NoteLiteral":{"En":"Applicants need to attach a copy of ID card/passport (document issued by the country of origin) to enrol for the KTU virtual learning environment. This does not apply to KTU students (if you are a KTU student, you may attach a blank page).\u00A0\nB2 level of English language proficiency is required."},"Id":"urn:eciu:note:be1ea96c-016b-455f-a92e-5852e4171322","Type":"Note"},"ApplicationDeadline":"2024-10-01","Description":{"En":"As humans, we are natural problem solvers, however, not all of us have developed the same level of problem-solving skills. Some of us tend to stand by, spot problems and complain about difficult situations. Conversely, some people demonstrate smart problem solving and see problems as opportunities for growth. This course is for everyone who wants to adopt the mindset of the latter.\u00A0\u00A0\n\nNot only will this learning journey help you deal with future difficulties or unsatisfactory situations more successfully both at work and in personal settings, but it can also make you self-confident, and more in control of your life. Importantly, you will develop the skill that constantly ranks among the top skills desired by employers. More specifically, you will find out what core beliefs, key characteristics, and strategies are necessary to adopt a smart problem-solving mindset as well as what benefits this might offer. The course will also expand your repertoire of problem-solving tools, strategies, and techniques. Given the ubiquity and progression of AI-powered tools, you will additionally deepen your understanding of how to approach problem solving with the help of such tools."},"LearningAchievementSpecification":{"EQFLevel":{"InScheme":{"Id":"http://data.europa.eu/snb/eqf/25831c2","Type":"ConceptScheme"},"PrefLabel":{"En":"Level 7"},"Id":"http://data.europa.eu/snb/eqf/7","Type":"Concept"},"CreditPoint":{"Framework":{"InScheme":{"Id":"http://data.europa.eu/snb/education-credit/25831c2","Type":"ConceptScheme"},"PrefLabel":{"En":"European Credit Transfer System"},"Id":"http://data.europa.eu/snb/education-credit/6fcec5c5af","Type":"Concept"},"Point":"3,0","Id":"urn:epass:creditPoint:be1ea96c-016b-455f-a92e-5852e4171322","Type":"CreditPoint"},"LearningOutcome":[{"Title":{"En":"Smart problem-solving mindset"},"RelatedESCOSkill":[{"Notation":"Skill","InScheme":{"Id":"http://data.europa.eu/esco/concept-scheme/skills","Type":"ConceptScheme"},"PrefLabel":{"En":"maintaining a positive attitude"},"Id":"http://data.europa.eu/esco/skill/2b2c3254-7f6c-47e2-84f1-aece946fbfae","Type":"Concept"},{"Notation":"Skill","InScheme":{"Id":"http://data.europa.eu/esco/concept-scheme/skills","Type":"ConceptScheme"},"PrefLabel":{"En":"exercise self-reflection"},"Id":"http://data.europa.eu/esco/skill/409a0245-0e6c-4aac-ba16-0920ecb76a8d","Type":"Concept"}],"AdditionalNote":{"NoteLiteral":{"En":"You will discover what constitutes a smart problem-solving mindset (i.e., what core beliefs, key characteristics, and strategies are important). "},"Id":"urn:eciu:note:fb07a907-7444-ef11-a316-0022488b1514","Type":"Note"},"Id":"urn:epass:learningOutcome:be1ea96c-016b-455f-a92e-5852e4171322-1","Type":"LearningOutcome"},{"Title":{"En":"Problem identification, analysis, and solution"},"RelatedESCOSkill":[{"Notation":"Skill","InScheme":{"Id":"http://data.europa.eu/esco/concept-scheme/skills","Type":"ConceptScheme"},"PrefLabel":{"En":"solve problems"},"Id":"http://data.europa.eu/esco/skill/adc6dc11-3376-467b-96c5-9b0a21edc869","Type":"Concept"},{"Notation":"Skill","InScheme":{"Id":"http://data.europa.eu/esco/concept-scheme/skills","Type":"ConceptScheme"},"PrefLabel":{"En":"think holistically"},"Id":"http://data.europa.eu/esco/skill/d56e2c2f-3e01-4b76-a7bb-ecb6d430172f","Type":"Concept"},{"Notation":"Skill","InScheme":{"Id":"http://data.europa.eu/esco/concept-scheme/skills","Type":"ConceptScheme"},"PrefLabel":{"En":"think creatively"},"Id":"http://data.europa.eu/esco/skill/c624c6a3-b0ba-4a31-a296-0d433fe47e41","Type":"Concept"}],"AdditionalNote":{"NoteLiteral":{"En":"You will deepen your understanding of the processes of problem identification, its analysis, and solution. "},"Id":"urn:eciu:note:a37c1a63-7444-ef11-a316-0022488b1514","Type":"Note"},"Id":"urn:epass:learningOutcome:be1ea96c-016b-455f-a92e-5852e4171322-2","Type":"LearningOutcome"},{"Title":{"En":"Problem-solving tools, strategies, and techniques"},"RelatedESCOSkill":[{"Notation":"Skill","InScheme":{"Id":"http://data.europa.eu/esco/concept-scheme/skills","Type":"ConceptScheme"},"PrefLabel":{"En":"solve problems"},"Id":"http://data.europa.eu/esco/skill/adc6dc11-3376-467b-96c5-9b0a21edc869","Type":"Concept"},{"Notation":"Skill","InScheme":{"Id":"http://data.europa.eu/esco/concept-scheme/skills","Type":"ConceptScheme"},"PrefLabel":{"En":"think creatively"},"Id":"http://data.europa.eu/esco/skill/c624c6a3-b0ba-4a31-a296-0d433fe47e41","Type":"Concept"}],"AdditionalNote":{"NoteLiteral":{"En":"You will expand your repertoire of specific problem-solving tools, strategies, and techniques. "},"Id":"urn:eciu:note:accfeba7-7444-ef11-a316-0022488b1514","Type":"Note"},"Id":"urn:epass:learningOutcome:be1ea96c-016b-455f-a92e-5852e4171322-3","Type":"LearningOutcome"},{"Title":{"En":"Human-AI partnership in problem solving"},"RelatedESCOSkill":[{"Notation":"Skill","InScheme":{"Id":"http://data.europa.eu/esco/concept-scheme/skills","Type":"ConceptScheme"},"PrefLabel":{"En":"digital competencies"},"Id":"http://data.europa.eu/esco/skill/aeecc330-0be9-419f-bddb-5218de926004","Type":"Concept"}],"AdditionalNote":{"NoteLiteral":{"En":"You will find out how to approach problem solving with the help of modern AI-powered tools. "},"Id":"urn:eciu:note:b6438ae2-7444-ef11-a316-0022488b1514","Type":"Note"},"Id":"urn:epass:learningOutcome:be1ea96c-016b-455f-a92e-5852e4171322-4","Type":"LearningOutcome"}],"LearningSetting":null,"Mode":null,"Title":{"En":"Problem Solving"},"DcType":null,"HomePage":null,"VolumeOfLearning":null,"Id":"urn:eciu:qualification:be1ea96c-016b-455f-a92e-5852e4171322","Type":"Qualification"},"IsPartOf":{"Mode":null,"DcType":null,"Title":{"En":"Problem Solving"},"AdmissionsProcedure":null,"ApplicationDeadline":null,"Description":null,"LearningAchievementSpecification":null,"IsPartOf":null,"Temporal":null,"ProvidedBy":null,"LearningActivitySpecification":null,"BannerImage":null,"MoreInformation":null,"Id":"urn:eciu:learningOpportunity:55854f0d-201d-ef11-840a-000d3a2a7e23","Type":"LearningOpportunity"},"Temporal":{"EndDate":"2024-10-15T00:00:00Z","Name":{"En":"Temporal"},"StartDate":"2024-12-10T00:00:00Z"},"ProvidedBy":{"Location":null,"Logo":null,"LegalName":{"En":"KAUNO TECHNOLOGIJOS UNIVERSITETAS (KTU)"},"Registration":null,"Homepage":null,"Id":"urn:eciu:org:4cc1e316-6a54-ed11-bba2-6045bd886566","Type":"Organisation"},"LearningActivitySpecification":{"Mode":null,"DcType":null,"Title":{"En":""},"Description":{"En":"[https://uais.cr.ktu.lt/ktuis/stp\\_report\\_ects.mdl\\_ml?p\\_kodas=MM00M106\u0026p\\_year=2024\u0026p\\_lang=EN\u0026p\\_stp\\_id=](https://uais.cr.ktu.lt/ktuis/stp_report_ects.mdl_ml?p_kodas=MM00M106\u0026amp;p_year=2024\u0026amp;p_lang=EN\u0026amp;p_stp_id=)"},"MoreInformation":[{"NoteLiteral":"Each week, you will need to:\u00A0\n\n- watch 1-3 video lectures (about 10-15 minutes each) recorded by this course facilitator and do some additional reading and watching activities, which are not compulsory but might help you to take graded self-assessment multiple choice quizzes;\n\n- delve a bit into the scientific research articles focusing on the topic of problem solving and its subtopics and present one 1-5 sentence summary in the section \u201CScience Corner: A little bit of Science\u2026\u201D;\n\n- answer one open-ended question in the discussion forum;\n\n- take one step towards the completion of the individual project which will ask you to design a 1-page infographic to help others learn about problem solving.\n\nAt the end of this micro-module, you will have to take a graded final multiple-choice test covering all course material.\u00A0\n\n[Syllabus of the micro-module](https://uais.cr.ktu.lt/ktuis/stp_report_ects.mdl_ml?p_kodas=MM00M106\u0026amp;p_year=2024\u0026amp;p_lang=EN\u0026amp;p_stp_id=)","Subject":{"InScheme":{"Id":"urn:eciu:note","Type":"ConceptScheme"},"PrefLabel":{"En":"ParticipantInformation"},"Id":"be1ea96c-016b-455f-a92e-5852e4171322","Type":"Concept"}}],"HasPart":null,"Id":"urn:eciu:learningActivitySpec:be1ea96c-016b-455f-a92e-5852e4171322","Type":"LearningActivitySpecification"},"BannerImage":null,"MoreInformation":[{"NoteLiteral":"","Subject":{"InScheme":{"Id":"urn:eciu:note","Type":"ConceptScheme"},"PrefLabel":{"En":"SourceIdentifier"},"Id":"be1ea96c-016b-455f-a92e-5852e4171322","Type":"Concept"}},{"NoteLiteral":"Unlock Your Potential: Master the Art of Problem Solving","Subject":{"InScheme":{"Id":"urn:eciu:note","Type":"ConceptScheme"},"PrefLabel":{"En":"SubTitle"},"Id":"be1ea96c-016b-455f-a92e-5852e4171322","Type":"Concept"}},{"NoteLiteral":"The micro-module is for anyone who wants to cultivate a smart problem-solving mindset and increase their ability to effectively identify, analyze, and solve problems in both personal and professional settings.","Subject":{"InScheme":{"Id":"urn:eciu:note","Type":"ConceptScheme"},"PrefLabel":{"En":"Introduction"},"Id":"be1ea96c-016b-455f-a92e-5852e4171322","Type":"Concept"}},{"NoteLiteral":"True","Subject":{"InScheme":{"Id":"urn:eciu:note","Type":"ConceptScheme"},"PrefLabel":{"En":"GenerateMicroCredentials"},"Id":"be1ea96c-016b-455f-a92e-5852e4171322","Type":"Concept"}},{"NoteLiteral":"Applicants need to attach a copy of ID card/passport (document issued by the country of origin) to enrol for the KTU virtual learning environment. This does not apply to KTU students (if you are a KTU student, you may attach a blank page).\u00A0  \n\nB2 level of English language proficiency is required.","Subject":{"InScheme":{"Id":"urn:eciu:note","Type":"ConceptScheme"},"PrefLabel":{"En":"AdmissionProcessInformation"},"Id":"be1ea96c-016b-455f-a92e-5852e4171322","Type":"Concept"}},{"NoteLiteral":"False","Subject":{"InScheme":{"Id":"urn:eciu:note","Type":"ConceptScheme"},"PrefLabel":{"En":"SimplifiedAdmissionProcess"},"Id":"be1ea96c-016b-455f-a92e-5852e4171322","Type":"Concept"}},{"NoteLiteral":"2024-07-18","Subject":{"InScheme":{"Id":"urn:eciu:note","Type":"ConceptScheme"},"PrefLabel":{"En":"ApplicationPeriodStartDate"},"Id":"be1ea96c-016b-455f-a92e-5852e4171322","Type":"Concept"}},{"NoteLiteral":"10","Subject":{"InScheme":{"Id":"urn:eciu:note","Type":"ConceptScheme"},"PrefLabel":{"En":"MaximumNumberOfSeats"},"Id":"be1ea96c-016b-455f-a92e-5852e4171322","Type":"Concept"}},{"NoteLiteral":"False","Subject":{"InScheme":{"Id":"urn:eciu:note","Type":"ConceptScheme"},"PrefLabel":{"En":"ECIULMSENabled"},"Id":"be1ea96c-016b-455f-a92e-5852e4171322","Type":"Concept"}},{"NoteLiteral":"","Subject":{"InScheme":{"Id":"urn:eciu:note","Type":"ConceptScheme"},"PrefLabel":{"En":"LMSUrl"},"Id":"be1ea96c-016b-455f-a92e-5852e4171322","Type":"Concept"}},{"NoteLiteral":"","Subject":{"InScheme":{"Id":"urn:eciu:note","Type":"ConceptScheme"},"PrefLabel":{"En":"TeamAccessDate"},"Id":"be1ea96c-016b-455f-a92e-5852e4171322","Type":"Concept"}},{"NoteLiteral":"false","Subject":{"InScheme":{"Id":"urn:eciu:note","Type":"ConceptScheme"},"PrefLabel":{"En":"SelfPaced"},"Id":"be1ea96c-016b-455f-a92e-5852e4171322","Type":"Concept"}},{"NoteLiteral":"0","Subject":{"InScheme":{"Id":"urn:eciu:note","Type":"ConceptScheme"},"PrefLabel":{"En":"Pace"},"Id":"be1ea96c-016b-455f-a92e-5852e4171322","Type":"Concept"}},{"NoteLiteral":"Standard","Subject":{"InScheme":{"Id":"urn:eciu:note","Type":"ConceptScheme"},"PrefLabel":{"En":"Scope"},"Id":"be1ea96c-016b-455f-a92e-5852e4171322","Type":"Concept"}}],"Id":"urn:eciu:learningOpportunity:be1ea96c-016b-455f-a92e-5852e4171322","Type":"LearningOpportunity"}