{"Mode":{"InScheme":{"Id":"http://data.europa.eu/snb/learning-assessment/25831c2","Type":"ConceptScheme"},"PrefLabel":{"En":"Online"},"Id":"http://data.europa.eu/snb/learning-assessment/920fbb3cbe","Type":"Concept"},"DcType":null,"Title":{"En":"Generalised Linear Models"},"AdmissionsProcedure":null,"ApplicationDeadline":"2024-08-16","Description":{"En":"The course is aimed at IT professionals in employment in the Republic of Ireland registered companies. To qualify for direct entry they must have a Level 8 Honours Degree (2.2) or higher in Computer Science, Computing, Computer Applications or a related discipline. Applicants without these entry requirements (e.g., Level 7 degree or lower than an Honours 2.2 in a Level 8 degree) may be considered if they can demonstrate previously obtained competence equivalent to the entry requirements.\n\nIt is important to understand and assess the suitability of machine learning techniques for use with your data.\n\nThe suitability of many techniques used in machine learning relies on several assumptions which are not always adhered to. The implications of understanding how these techniques estimate the weights in the various models is significant when concluding the results.\n\nIn this course, you will examine the Generalised Linear Model (GLM). GLMs can be very useful as we can apply the concepts learned in linear regression to variables that come from the exponential family such as counts or binary variables.\n\nIn this course we will look at how GLMs can be used, with concepts that we learned earlier in Linear regression for variables that come from the exponential family of distributions.\n\nOn completion of this course, you will be able to recognise if a GLM is appropriate for your particular model and if so what family and link functions should be used."},"LearningAchievementSpecification":{"EQFLevel":{"InScheme":{"Id":"http://data.europa.eu/snb/eqf/25831c2","Type":"ConceptScheme"},"PrefLabel":{"En":"Level 7"},"Id":"http://data.europa.eu/snb/eqf/7","Type":"Concept"},"CreditPoint":null,"LearningOutcome":[{"Title":{"En":"L01"},"RelatedESCOSkill":[{"Notation":"Skill","InScheme":{"Id":"http://data.europa.eu/esco/concept-scheme/skills","Type":"ConceptScheme"},"PrefLabel":{"En":"digital competencies"},"Id":"http://data.europa.eu/esco/skill/aeecc330-0be9-419f-bddb-5218de926004","Type":"Concept"}],"AdditionalNote":{"NoteLiteral":{"En":"Upon completion of the ELO, the learner will be able to outline several well-known GLMs and their relationship with their distribution family and link functions."},"Id":"urn:eciu:note:3df5ebe3-4c11-ef11-9f89-0022488b0cca","Type":"Note"},"Id":"urn:epass:learningOutcome:9aa0794f-7d16-4ed3-a5f8-dd708a5b1d77-1","Type":"LearningOutcome"},{"Title":{"En":"L02"},"RelatedESCOSkill":[{"Notation":"Skill","InScheme":{"Id":"http://data.europa.eu/esco/concept-scheme/skills","Type":"ConceptScheme"},"PrefLabel":{"En":"evaluate data, information and digital content"},"Id":"http://data.europa.eu/esco/skill/1d6c7de4-350e-4868-a47b-333b4b0d9650","Type":"Concept"},{"Notation":"Skill","InScheme":{"Id":"http://data.europa.eu/esco/concept-scheme/skills","Type":"ConceptScheme"},"PrefLabel":{"En":"Identify statistical patterns"},"Id":"http://data.europa.eu/esco/skill/06670261-ea6b-4b52-a915-c7d4ff837f74","Type":"Concept"}],"AdditionalNote":{"NoteLiteral":{"En":"Upon completion of the ELO, the learner will be able to recognise if a GLM is appropriate for a particular model and if so what family and link function should be used."},"Id":"urn:eciu:note:7bcd00bd-4d11-ef11-9f89-0022488b0cca","Type":"Note"},"Id":"urn:epass:learningOutcome:9aa0794f-7d16-4ed3-a5f8-dd708a5b1d77-2","Type":"LearningOutcome"}],"LearningSetting":null,"Mode":null,"Title":{"En":"Generalised Linear Models"},"DcType":null,"HomePage":null,"VolumeOfLearning":"PT4H","Id":"urn:eciu:qualification:9aa0794f-7d16-4ed3-a5f8-dd708a5b1d77","Type":"Qualification"},"IsPartOf":{"Mode":null,"DcType":null,"Title":{"En":"Generalised Linear Models"},"AdmissionsProcedure":null,"ApplicationDeadline":null,"Description":null,"LearningAchievementSpecification":null,"IsPartOf":null,"Temporal":null,"ProvidedBy":null,"LearningActivitySpecification":null,"BannerImage":null,"MoreInformation":[{"NoteLiteral":"CA6831","Subject":{"InScheme":{"Id":"urn:eciu:note","Type":"ConceptScheme"},"PrefLabel":{"En":"EducationIdentifier"},"Id":"3496ed62-4c11-ef11-9f89-0022488b0cca","Type":"Concept"}}],"Id":"urn:eciu:learningOpportunity:3496ed62-4c11-ef11-9f89-0022488b0cca","Type":"LearningOpportunity"},"Temporal":{"EndDate":"2024-05-20T00:00:00Z","Name":{"En":"Temporal"},"StartDate":"2024-08-30T00:00:00Z"},"ProvidedBy":{"Location":null,"Logo":null,"LegalName":{"En":"DUBLIN CITY UNIVERSITY (DCU)"},"Registration":null,"Homepage":null,"Id":"urn:eciu:org:ee9c51fc-6954-ed11-bba2-6045bd886566","Type":"Organisation"},"LearningActivitySpecification":{"Mode":null,"DcType":null,"Title":{"En":""},"Description":null,"MoreInformation":[{"NoteLiteral":"- The course will become **accessible as of the 20th of May 2024**.\n- You can already register for it **by clicking this link:\u00A0[https://www.futurelearn.com/invitations/dcu/generalised-linear-model/3x9s733kve1unkwgyvacs2c88cby7ly](https://www.futurelearn.com/invitations/dcu/generalised-linear-model/3x9s733kve1unkwgyvacs2c88cby7ly)**\n- On clicking the link, you will be prompted to **set up an account with the FutureLearn**, which will be your Learning Environment for this course.\n- To gain access to the course in FutureLearn, **please use your Tampere City email address** when opening the account.\n- The course is asynchronous and provides you with the opportunity to comment on course content etc. with your peers during the course.","Subject":{"InScheme":{"Id":"urn:eciu:note","Type":"ConceptScheme"},"PrefLabel":{"En":"ParticipantInformation"},"Id":"9aa0794f-7d16-4ed3-a5f8-dd708a5b1d77","Type":"Concept"}}],"HasPart":null,"Id":"urn:eciu:learningActivitySpec:9aa0794f-7d16-4ed3-a5f8-dd708a5b1d77","Type":"LearningActivitySpecification"},"BannerImage":null,"MoreInformation":[{"NoteLiteral":"","Subject":{"InScheme":{"Id":"urn:eciu:note","Type":"ConceptScheme"},"PrefLabel":{"En":"SourceIdentifier"},"Id":"9aa0794f-7d16-4ed3-a5f8-dd708a5b1d77","Type":"Concept"}},{"NoteLiteral":"(GLM)","Subject":{"InScheme":{"Id":"urn:eciu:note","Type":"ConceptScheme"},"PrefLabel":{"En":"SubTitle"},"Id":"9aa0794f-7d16-4ed3-a5f8-dd708a5b1d77","Type":"Concept"}},{"NoteLiteral":"In this course, you will examine the Generalised Linear Model (GLM). GLMs can be very useful as we can apply the concepts learned in linear regression to variables that come from the exponential family such as counts or binary variables.","Subject":{"InScheme":{"Id":"urn:eciu:note","Type":"ConceptScheme"},"PrefLabel":{"En":"Introduction"},"Id":"9aa0794f-7d16-4ed3-a5f8-dd708a5b1d77","Type":"Concept"}},{"NoteLiteral":"True","Subject":{"InScheme":{"Id":"urn:eciu:note","Type":"ConceptScheme"},"PrefLabel":{"En":"GenerateMicroCredentials"},"Id":"9aa0794f-7d16-4ed3-a5f8-dd708a5b1d77","Type":"Concept"}},{"NoteLiteral":"","Subject":{"InScheme":{"Id":"urn:eciu:note","Type":"ConceptScheme"},"PrefLabel":{"En":"AdmissionProcessInformation"},"Id":"9aa0794f-7d16-4ed3-a5f8-dd708a5b1d77","Type":"Concept"}},{"NoteLiteral":"True","Subject":{"InScheme":{"Id":"urn:eciu:note","Type":"ConceptScheme"},"PrefLabel":{"En":"SimplifiedAdmissionProcess"},"Id":"9aa0794f-7d16-4ed3-a5f8-dd708a5b1d77","Type":"Concept"}},{"NoteLiteral":"2024-05-13","Subject":{"InScheme":{"Id":"urn:eciu:note","Type":"ConceptScheme"},"PrefLabel":{"En":"ApplicationPeriodStartDate"},"Id":"9aa0794f-7d16-4ed3-a5f8-dd708a5b1d77","Type":"Concept"}},{"NoteLiteral":"30","Subject":{"InScheme":{"Id":"urn:eciu:note","Type":"ConceptScheme"},"PrefLabel":{"En":"MaximumNumberOfSeats"},"Id":"9aa0794f-7d16-4ed3-a5f8-dd708a5b1d77","Type":"Concept"}},{"NoteLiteral":"False","Subject":{"InScheme":{"Id":"urn:eciu:note","Type":"ConceptScheme"},"PrefLabel":{"En":"ECIULMSENabled"},"Id":"9aa0794f-7d16-4ed3-a5f8-dd708a5b1d77","Type":"Concept"}},{"NoteLiteral":"https://www.futurelearn.com/invitations/dcu/generalised-linear-model/3x9s733kve1unkwgyvacs2c88cby7ly","Subject":{"InScheme":{"Id":"urn:eciu:note","Type":"ConceptScheme"},"PrefLabel":{"En":"LMSUrl"},"Id":"9aa0794f-7d16-4ed3-a5f8-dd708a5b1d77","Type":"Concept"}},{"NoteLiteral":"","Subject":{"InScheme":{"Id":"urn:eciu:note","Type":"ConceptScheme"},"PrefLabel":{"En":"TeamAccessDate"},"Id":"9aa0794f-7d16-4ed3-a5f8-dd708a5b1d77","Type":"Concept"}},{"NoteLiteral":"false","Subject":{"InScheme":{"Id":"urn:eciu:note","Type":"ConceptScheme"},"PrefLabel":{"En":"SelfPaced"},"Id":"9aa0794f-7d16-4ed3-a5f8-dd708a5b1d77","Type":"Concept"}},{"NoteLiteral":"25","Subject":{"InScheme":{"Id":"urn:eciu:note","Type":"ConceptScheme"},"PrefLabel":{"En":"Pace"},"Id":"9aa0794f-7d16-4ed3-a5f8-dd708a5b1d77","Type":"Concept"}},{"NoteLiteral":"Standard","Subject":{"InScheme":{"Id":"urn:eciu:note","Type":"ConceptScheme"},"PrefLabel":{"En":"Scope"},"Id":"9aa0794f-7d16-4ed3-a5f8-dd708a5b1d77","Type":"Concept"}}],"Id":"urn:eciu:learningOpportunity:9aa0794f-7d16-4ed3-a5f8-dd708a5b1d77","Type":"LearningOpportunity"}