{"Mode":{"InScheme":{"Id":"http://data.europa.eu/snb/learning-assessment/25831c2","Type":"ConceptScheme"},"PrefLabel":{"En":"Online"},"Id":"http://data.europa.eu/snb/learning-assessment/920fbb3cbe","Type":"Concept"},"DcType":null,"Title":{"En":"Socio-Economic Evaluation of\u00A0Projects\u200B"},"AdmissionsProcedure":{"NoteLiteral":{"En":"Entry requirements:\n\u2022\tStudent at any of the universities of the ECIU;\n\u2022\tB2 level of English language proficiency.\nApplicants need to attach a copy of ID card / passport (document issued by the country of origin) to enrol in the KTU virtual learning environment. This does not apply to KTU students (if you are a KTU student, you may attach a blank page).\nStudents, who are admitted and accepted the offered place in the micro-module, will be informed by email on the steps to take in order to gain access to the KTU virtual learning environment. Students will receive an email from the teacher of the micro-module on the first day of the start of module.\nStudents who have dropped out from the KTU micro-module(s) in the autumn 2024 are not eligible to enrol in the KTU micro-module(s) in the spring 2025."},"Id":"urn:eciu:note:92ec155b-5c19-482f-9389-5f9556b4f9c3","Type":"Note"},"ApplicationDeadline":"2025-02-23","Description":{"En":"Effective decision-making requires tools for evaluating choices. This module provides the basic tools for evaluating costs and benefits of decision-making through project financial and social-economic analysis. Almost every company and various governing bodies require a cost-benefit analysis to ensure that the right decisions are made with limited resources. Whether these decisions relate to investment projects or broader social policy, it is essential that these choices are evaluated to ensure an optimal outcome.\n\nThis module is designed to provide students with the analytical and critical thinking skills required to carry out a financial and social-economic project evaluation. By developing these skills, the student should be able to evaluate projects in the environment around us."},"LearningAchievementSpecification":{"EQFLevel":{"InScheme":{"Id":"http://data.europa.eu/snb/eqf/25831c2","Type":"ConceptScheme"},"PrefLabel":{"En":"Level 7"},"Id":"http://data.europa.eu/snb/eqf/7","Type":"Concept"},"CreditPoint":{"Framework":{"InScheme":{"Id":"http://data.europa.eu/snb/education-credit/25831c2","Type":"ConceptScheme"},"PrefLabel":{"En":"European Credit Transfer System"},"Id":"http://data.europa.eu/snb/education-credit/6fcec5c5af","Type":"Concept"},"Point":"2,0","Id":"urn:epass:creditPoint:92ec155b-5c19-482f-9389-5f9556b4f9c3","Type":"CreditPoint"},"LearningOutcome":[{"Title":{"En":"Project evaluation planning"},"RelatedESCOSkill":[{"Notation":"Skill","InScheme":{"Id":"http://data.europa.eu/esco/concept-scheme/skills","Type":"ConceptScheme"},"PrefLabel":{"En":"plan schedule"},"Id":"http://data.europa.eu/esco/skill/c73ea1b8-e121-4f91-b8f0-dee4ee28d6ec","Type":"Concept"},{"Notation":"Skill","InScheme":{"Id":"http://data.europa.eu/esco/concept-scheme/skills","Type":"ConceptScheme"},"PrefLabel":{"En":"project management"},"Id":"http://data.europa.eu/esco/skill/7111b95d-0ce3-441a-9d92-4c75d05c4388","Type":"Concept"}],"AdditionalNote":{"NoteLiteral":{"En":"Learners will be able to use various evaluation methods\u202F."},"Id":"urn:eciu:note:97e03e95-f2be-ef11-b8e8-7c1e52513c80","Type":"Note"},"Id":"urn:epass:learningOutcome:92ec155b-5c19-482f-9389-5f9556b4f9c3-1","Type":"LearningOutcome"},{"Title":{"En":"Financial evaluation of the project"},"RelatedESCOSkill":[{"Notation":"Skill","InScheme":{"Id":"http://data.europa.eu/esco/concept-scheme/skills","Type":"ConceptScheme"},"PrefLabel":{"En":"solve problems"},"Id":"http://data.europa.eu/esco/skill/adc6dc11-3376-467b-96c5-9b0a21edc869","Type":"Concept"},{"Notation":"Skill","InScheme":{"Id":"http://data.europa.eu/esco/concept-scheme/skills","Type":"ConceptScheme"},"PrefLabel":{"En":"think creatively"},"Id":"http://data.europa.eu/esco/skill/c624c6a3-b0ba-4a31-a296-0d433fe47e41","Type":"Concept"},{"Notation":"Skill","InScheme":{"Id":"http://data.europa.eu/esco/concept-scheme/skills","Type":"ConceptScheme"},"PrefLabel":{"En":"think innovately"},"Id":"http://data.europa.eu/esco/skill/c2a0c52c-0b4b-4180-a918-92650ea3b458","Type":"Concept"}],"AdditionalNote":{"NoteLiteral":{"En":"Learners will be able to use methods to perform financial analysis of the project."},"Id":"urn:eciu:note:67a0f87a-f3be-ef11-b8e8-7c1e52513c80","Type":"Note"},"Id":"urn:epass:learningOutcome:92ec155b-5c19-482f-9389-5f9556b4f9c3-2","Type":"LearningOutcome"},{"Title":{"En":"Socio-economic evaluation of the project"},"RelatedESCOSkill":[{"Notation":"Skill","InScheme":{"Id":"http://data.europa.eu/esco/concept-scheme/skills","Type":"ConceptScheme"},"PrefLabel":{"En":"solve problems"},"Id":"http://data.europa.eu/esco/skill/adc6dc11-3376-467b-96c5-9b0a21edc869","Type":"Concept"},{"Notation":"Skill","InScheme":{"Id":"http://data.europa.eu/esco/concept-scheme/skills","Type":"ConceptScheme"},"PrefLabel":{"En":"think creatively"},"Id":"http://data.europa.eu/esco/skill/c624c6a3-b0ba-4a31-a296-0d433fe47e41","Type":"Concept"},{"Notation":"Skill","InScheme":{"Id":"http://data.europa.eu/esco/concept-scheme/skills","Type":"ConceptScheme"},"PrefLabel":{"En":"think innovately"},"Id":"http://data.europa.eu/esco/skill/c2a0c52c-0b4b-4180-a918-92650ea3b458","Type":"Concept"}],"AdditionalNote":{"NoteLiteral":{"En":"Learners will be able to use methods to perform socio-economic analysis of the project."},"Id":"urn:eciu:note:a7d21be2-f3be-ef11-b8e8-7c1e52513c80","Type":"Note"},"Id":"urn:epass:learningOutcome:92ec155b-5c19-482f-9389-5f9556b4f9c3-3","Type":"LearningOutcome"},{"Title":{"En":"Project risk evaluation"},"RelatedESCOSkill":[{"Notation":"Skill","InScheme":{"Id":"http://data.europa.eu/esco/concept-scheme/skills","Type":"ConceptScheme"},"PrefLabel":{"En":"project management"},"Id":"http://data.europa.eu/esco/skill/7111b95d-0ce3-441a-9d92-4c75d05c4388","Type":"Concept"}],"AdditionalNote":{"NoteLiteral":{"En":"Learners will be able to conduct a sensitivity analysis and make decisions."},"Id":"urn:eciu:note:3fecce42-f4be-ef11-b8e8-7c1e52513c80","Type":"Note"},"Id":"urn:epass:learningOutcome:92ec155b-5c19-482f-9389-5f9556b4f9c3-4","Type":"LearningOutcome"}],"LearningSetting":null,"Mode":null,"Title":{"En":"Socio-Economic Evaluation of\u00A0Projects\u200B"},"DcType":null,"HomePage":null,"VolumeOfLearning":null,"Id":"urn:eciu:qualification:92ec155b-5c19-482f-9389-5f9556b4f9c3","Type":"Qualification"},"IsPartOf":{"Mode":null,"DcType":null,"Title":{"En":"Socio-Economic Evaluation of\u00A0Projects\u200B"},"AdmissionsProcedure":null,"ApplicationDeadline":null,"Description":null,"LearningAchievementSpecification":null,"IsPartOf":null,"Temporal":null,"ProvidedBy":null,"LearningActivitySpecification":null,"BannerImage":null,"MoreInformation":null,"Id":"urn:eciu:learningOpportunity:7bb02a35-211d-ef11-840a-000d3a2a7e23","Type":"LearningOpportunity"},"Temporal":{"EndDate":"2025-03-17T00:00:00Z","Name":{"En":"Temporal"},"StartDate":"2025-05-05T00:00:00Z"},"ProvidedBy":{"Location":null,"Logo":null,"LegalName":{"En":"KAUNO TECHNOLOGIJOS UNIVERSITETAS (KTU)"},"Registration":null,"Homepage":null,"Id":"urn:eciu:org:4cc1e316-6a54-ed11-bba2-6045bd886566","Type":"Organisation"},"LearningActivitySpecification":{"Mode":null,"DcType":null,"Title":{"En":""},"Description":{"En":"[https://uais.cr.ktu.lt/ktuis/stp_report_ects.mdl_ml?p_kodas=MM00M012\u0026p_year=2024\u0026p_lang=EN\u0026p_stp_id=](https://uais.cr.ktu.lt/ktuis/stp_report_ects.mdl_ml?p_kodas=MM00M105\u0026amp;p_year=2024\u0026amp;p_lang=EN\u0026amp;p_stp_id=)"},"MoreInformation":[{"NoteLiteral":"You will learn:\n\n- Use various quantitative evaluation methods in project evaluation process;\n\n- Evaluate project financial effectiveness;\n\n- Evaluate project social \u2013 economic benefit;\n\n- Evaluate project risk;\n\n- Conduct a sensitivity analysis;\n\n- Interpret results and take a decision.\n\nThe main activities during the study process will be:\n\n- A weekly video presentation;\n- Submission of practical weekly tasks;\n- Independent readings;\n- An intermediate (weekly) knowledge test;\n- Participation in a discussion forum.\n\n[Syllabus of the micro-module](https://uais.cr.ktu.lt/ktuis/stp_report_ects.mdl_ml?p_kodas=MM00M012\u0026amp;p_year=2024\u0026amp;p_lang=EN\u0026amp;p_stp_id=)\n\nThe micro-module will be delivered in the KTU virtual learning environment. When a student is enrolled in KTU, s/he will be informed by email on how to gain access to the micro-module.  \n\nAfter the successful completion of the micro-module:\n\n- In two weeks, a student will receive an email with the link to download the ECIU University micro-credential.\n- In mid-June 2025, a student from other university than KTU will receive an email with the KTU Transcript of Records that might be presented for recognition of learning outcomes at the home university.","Subject":{"InScheme":{"Id":"urn:eciu:note","Type":"ConceptScheme"},"PrefLabel":{"En":"ParticipantInformation"},"Id":"92ec155b-5c19-482f-9389-5f9556b4f9c3","Type":"Concept"}}],"HasPart":null,"Id":"urn:eciu:learningActivitySpec:92ec155b-5c19-482f-9389-5f9556b4f9c3","Type":"LearningActivitySpecification"},"BannerImage":null,"MoreInformation":[{"NoteLiteral":"MM00M012","Subject":{"InScheme":{"Id":"urn:eciu:note","Type":"ConceptScheme"},"PrefLabel":{"En":"SourceIdentifier"},"Id":"92ec155b-5c19-482f-9389-5f9556b4f9c3","Type":"Concept"}},{"NoteLiteral":"It is essential for every company and various governing bodies that projects\u2019 choices would be evaluated to ensure an optimal outcome","Subject":{"InScheme":{"Id":"urn:eciu:note","Type":"ConceptScheme"},"PrefLabel":{"En":"SubTitle"},"Id":"92ec155b-5c19-482f-9389-5f9556b4f9c3","Type":"Concept"}},{"NoteLiteral":"What do we aim to achieve and learn: \n * use of various quantitative evaluation methods in project evaluation process \n * evaluate project financial effectiveness \n * evaluate project social \u2013 economical benefit \n * evaluate project risk \n * conduct a sensitivity analysis","Subject":{"InScheme":{"Id":"urn:eciu:note","Type":"ConceptScheme"},"PrefLabel":{"En":"Introduction"},"Id":"92ec155b-5c19-482f-9389-5f9556b4f9c3","Type":"Concept"}},{"NoteLiteral":"True","Subject":{"InScheme":{"Id":"urn:eciu:note","Type":"ConceptScheme"},"PrefLabel":{"En":"GenerateMicroCredentials"},"Id":"92ec155b-5c19-482f-9389-5f9556b4f9c3","Type":"Concept"}},{"NoteLiteral":"\u200B\u200BEntry requirements:\n\n- Student at any of the universities of the ECIU;\n- B2 level of English language proficiency.\n\nApplicants need to attach a copy of ID card / passport (document issued by the country of origin) to enrol in the KTU virtual learning environment. This does not apply to KTU students (if you are a KTU student, you may attach a blank page).  \n\nStudents, who are admitted and accepted the offered place in the micro-module, will be informed by email on the steps to take in order to gain access to the KTU virtual learning environment. Students will receive an email from the teacher of the micro-module on the first day of the start of module.  \n\nStudents who have dropped out from the KTU micro-module(s) in the autumn 2024 are not eligible to enrol in the KTU micro-module(s) in the spring 2025.","Subject":{"InScheme":{"Id":"urn:eciu:note","Type":"ConceptScheme"},"PrefLabel":{"En":"AdmissionProcessInformation"},"Id":"92ec155b-5c19-482f-9389-5f9556b4f9c3","Type":"Concept"}},{"NoteLiteral":"False","Subject":{"InScheme":{"Id":"urn:eciu:note","Type":"ConceptScheme"},"PrefLabel":{"En":"SimplifiedAdmissionProcess"},"Id":"92ec155b-5c19-482f-9389-5f9556b4f9c3","Type":"Concept"}},{"NoteLiteral":"2024-12-23","Subject":{"InScheme":{"Id":"urn:eciu:note","Type":"ConceptScheme"},"PrefLabel":{"En":"ApplicationPeriodStartDate"},"Id":"92ec155b-5c19-482f-9389-5f9556b4f9c3","Type":"Concept"}},{"NoteLiteral":"30","Subject":{"InScheme":{"Id":"urn:eciu:note","Type":"ConceptScheme"},"PrefLabel":{"En":"MaximumNumberOfSeats"},"Id":"92ec155b-5c19-482f-9389-5f9556b4f9c3","Type":"Concept"}},{"NoteLiteral":"False","Subject":{"InScheme":{"Id":"urn:eciu:note","Type":"ConceptScheme"},"PrefLabel":{"En":"ECIULMSENabled"},"Id":"92ec155b-5c19-482f-9389-5f9556b4f9c3","Type":"Concept"}},{"NoteLiteral":"","Subject":{"InScheme":{"Id":"urn:eciu:note","Type":"ConceptScheme"},"PrefLabel":{"En":"LMSUrl"},"Id":"92ec155b-5c19-482f-9389-5f9556b4f9c3","Type":"Concept"}},{"NoteLiteral":"","Subject":{"InScheme":{"Id":"urn:eciu:note","Type":"ConceptScheme"},"PrefLabel":{"En":"TeamAccessDate"},"Id":"92ec155b-5c19-482f-9389-5f9556b4f9c3","Type":"Concept"}},{"NoteLiteral":"false","Subject":{"InScheme":{"Id":"urn:eciu:note","Type":"ConceptScheme"},"PrefLabel":{"En":"SelfPaced"},"Id":"92ec155b-5c19-482f-9389-5f9556b4f9c3","Type":"Concept"}},{"NoteLiteral":"20","Subject":{"InScheme":{"Id":"urn:eciu:note","Type":"ConceptScheme"},"PrefLabel":{"En":"Pace"},"Id":"92ec155b-5c19-482f-9389-5f9556b4f9c3","Type":"Concept"}},{"NoteLiteral":"Standard","Subject":{"InScheme":{"Id":"urn:eciu:note","Type":"ConceptScheme"},"PrefLabel":{"En":"Scope"},"Id":"92ec155b-5c19-482f-9389-5f9556b4f9c3","Type":"Concept"}}],"Id":"urn:eciu:learningOpportunity:92ec155b-5c19-482f-9389-5f9556b4f9c3","Type":"LearningOpportunity"}