{"Mode":{"InScheme":{"Id":"http://data.europa.eu/snb/learning-assessment/25831c2","Type":"ConceptScheme"},"PrefLabel":{"En":"Online"},"Id":"http://data.europa.eu/snb/learning-assessment/920fbb3cbe","Type":"Concept"},"DcType":null,"Title":{"En":"Gender as a cross-cutting tool for understanding, diagnosing, and solving challenges"},"AdmissionsProcedure":null,"ApplicationDeadline":"2025-05-15","Description":{"En":"**The Content**\u00A0of this Micro-module is organized in 3 packages:\u00A0\n\n- **Package\u00A01 : Philosophy and Law**\n\nConceptual introduction to the ways in which knowledge is produced and disseminated without paying attention to gender, age, race, and class differences and sexual difference as regards relations among subjects and among bodies, and, thereby, becoming what might be understood as rigid, immaterial, and disaffected knowledge. The impact of producing and disseminating knowledge in these terms will be made clear by analyzing the so-called neutrality of the Law and its effects in gender equality policy making.\n\n- **Package 2 : Psychology and Literature**\n\n(1) Applied critical consideration of epistemic violence, that is, of how gender differences have an effect on subjects and bodies and how they have an effect in their well being depending on the role that gender is given in Psi Disciplines.\n\n(2) Applied critical deconstruction of gender stereotypes and of prejudices that symbolically limit the imaginary field of subjects and bodies and tie them to the immateriality of heteronormativity.\u00A0\n\n- **Package 3: Anthropology and Pedagogy**\n\nAttention will be payed to a specific challenge in order to (1) make clear how to take into account diversity, difference, and inequality by means of situating knowledge and of feminist methodologies and feminist data analysis and how to (2) validate and make epistemically relevant different kinds of agency by gendering it (including age, class, and race differences).\n\nThere are 3\u00A0assessment\u00A0files, one for each package, that need to be completed in order to pass the course."},"LearningAchievementSpecification":{"EQFLevel":{"InScheme":{"Id":"http://data.europa.eu/snb/eqf/25831c2","Type":"ConceptScheme"},"PrefLabel":{"En":"Level 7"},"Id":"http://data.europa.eu/snb/eqf/7","Type":"Concept"},"CreditPoint":{"Framework":{"InScheme":{"Id":"http://data.europa.eu/snb/education-credit/25831c2","Type":"ConceptScheme"},"PrefLabel":{"En":"European Credit Transfer System"},"Id":"http://data.europa.eu/snb/education-credit/6fcec5c5af","Type":"Concept"},"Point":"1,0","Id":"urn:epass:creditPoint:7bf9ab58-bcb3-4707-864b-c014f9344a68","Type":"CreditPoint"},"LearningOutcome":[{"Title":{"En":"Key concepts of feminist thought."},"RelatedESCOSkill":[{"Notation":"Skill","InScheme":{"Id":"http://data.europa.eu/esco/concept-scheme/skills","Type":"ConceptScheme"},"PrefLabel":{"En":"demonstrate willingness to learn"},"Id":"http://data.europa.eu/esco/skill/A1.8.0","Type":"Concept"}],"AdditionalNote":{"NoteLiteral":{"En":"To identify the key concepts of feminist thought in its diversity and the methodologies therefrom derived and in relation to the ways in which knowledge is produced and disseminated and its results applied."},"Id":"urn:eciu:note:c68d44ae-0ae3-ef11-a731-000d3a2e6935","Type":"Note"},"Id":"urn:epass:learningOutcome:7bf9ab58-bcb3-4707-864b-c014f9344a68-1","Type":"LearningOutcome"},{"Title":{"En":"Gender and queer perspective related to societal challenges."},"RelatedESCOSkill":[{"Notation":"Skill","InScheme":{"Id":"http://data.europa.eu/esco/concept-scheme/skills","Type":"ConceptScheme"},"PrefLabel":{"En":"think analytically"},"Id":"http://data.europa.eu/esco/skill/4707da90-9cfc-46ca-8de0-38a0b7bfb137","Type":"Concept"}],"AdditionalNote":{"NoteLiteral":{"En":"To acquire a complex understanding of how to apply a gender and queer perspective in the analysis of societal challeges."},"Id":"urn:eciu:note:d5409fc6-0ae3-ef11-a731-000d3a2e6935","Type":"Note"},"Id":"urn:epass:learningOutcome:7bf9ab58-bcb3-4707-864b-c014f9344a68-2","Type":"LearningOutcome"},{"Title":{"En":"Role of the body and the marks of gender."},"RelatedESCOSkill":[{"Notation":"Skill","InScheme":{"Id":"http://data.europa.eu/esco/concept-scheme/skills","Type":"ConceptScheme"},"PrefLabel":{"En":"respect the diversity of cultural values and norms"},"Id":"http://data.europa.eu/esco/skill/5ca953f7-541d-4f67-bc55-7721348366cf","Type":"Concept"},{"Notation":"Skill","InScheme":{"Id":"http://data.europa.eu/esco/concept-scheme/skills","Type":"ConceptScheme"},"PrefLabel":{"En":"work within communities"},"Id":"http://data.europa.eu/esco/skill/28ca2f0b-9fb2-487a-9f10-9688e5191ec4","Type":"Concept"}],"AdditionalNote":{"NoteLiteral":{"En":"To obtain a complex understanding of the role of the body and the marks of gender, age, race, and class when facing the design, the production, and the execution of social projects."},"Id":"urn:eciu:note:c8dc1ed3-0ae3-ef11-a731-000d3a2e6935","Type":"Note"},"Id":"urn:epass:learningOutcome:7bf9ab58-bcb3-4707-864b-c014f9344a68-3","Type":"LearningOutcome"},{"Title":{"En":"Decoding gender norms: binary, heteronormativity, and colonial influences."},"RelatedESCOSkill":[{"Notation":"Skill","InScheme":{"Id":"http://data.europa.eu/esco/concept-scheme/skills","Type":"ConceptScheme"},"PrefLabel":{"En":"think creatively"},"Id":"http://data.europa.eu/esco/skill/c624c6a3-b0ba-4a31-a296-0d433fe47e41","Type":"Concept"}],"AdditionalNote":{"NoteLiteral":{"En":"To grasp the mechanisms of the binary, heteronormative, and colonial system of gender in the processes of subjectivation/normalization."},"Id":"urn:eciu:note:84847ce5-0ae3-ef11-a731-000d3a2e6935","Type":"Note"},"Id":"urn:epass:learningOutcome:7bf9ab58-bcb3-4707-864b-c014f9344a68-4","Type":"LearningOutcome"},{"Title":{"En":"Challenge-based learning."},"RelatedESCOSkill":[{"Notation":"Skill","InScheme":{"Id":"http://data.europa.eu/esco/concept-scheme/skills","Type":"ConceptScheme"},"PrefLabel":{"En":"think analytically"},"Id":"http://data.europa.eu/esco/skill/4707da90-9cfc-46ca-8de0-38a0b7bfb137","Type":"Concept"}],"AdditionalNote":{"NoteLiteral":{"En":"To consider the material and affective dimension of the production and dissemination of knowledge and to share its impact in the context of challenge-based learning."},"Id":"urn:eciu:note:8e31b2f7-0ae3-ef11-a731-000d3a2e6935","Type":"Note"},"Id":"urn:epass:learningOutcome:7bf9ab58-bcb3-4707-864b-c014f9344a68-5","Type":"LearningOutcome"}],"LearningSetting":null,"Mode":null,"Title":{"En":"Gender as a cross-cutting tool for understanding, diagnosing, and solving challenges"},"DcType":null,"HomePage":null,"VolumeOfLearning":null,"Id":"urn:eciu:qualification:7bf9ab58-bcb3-4707-864b-c014f9344a68","Type":"Qualification"},"IsPartOf":{"Mode":null,"DcType":null,"Title":{"En":"Gender as a cross-cutting tool for understanding, diagnosing, and solving challenges"},"AdmissionsProcedure":null,"ApplicationDeadline":null,"Description":null,"LearningAchievementSpecification":null,"IsPartOf":null,"Temporal":null,"ProvidedBy":null,"LearningActivitySpecification":null,"BannerImage":null,"MoreInformation":null,"Id":"urn:eciu:learningOpportunity:25c2a52f-c605-ee11-8f6e-6045bd886f79","Type":"LearningOpportunity"},"Temporal":{"EndDate":"2025-02-28T00:00:00Z","Name":{"En":"Temporal"},"StartDate":"2025-07-14T00:00:00Z"},"ProvidedBy":{"Location":null,"Logo":null,"LegalName":{"En":"UNIVERSIDAD AUTONOMA DE BARCELONA (UAB)"},"Registration":null,"Homepage":null,"Id":"urn:eciu:org:e73e6837-6a54-ed11-bba2-6045bd886566","Type":"Organisation"},"LearningActivitySpecification":{"Mode":null,"DcType":null,"Title":{"En":""},"Description":null,"MoreInformation":[{"NoteLiteral":"The course consists in\u00A0**6 digital recordings**, in\u00A0**Spanish and English**, created by an interdisciplinary team of UAB professors.\u00A0\n\nIn the first video, you will find a brief introduction to the materials through which you will access to the contents of the micro-module\u00A0 as well as to its assessment.\u00A0\n\nFour cases are presented, and the specific materials are divided into three packages. They will make it possible for you to get acquainted with the contents.\u00A0\n\n**As this is an online course, you have the possibility to do it at your own pace, during the whole 2nd semester of the academic year 2024/25.**\n\nShould you need further advice or information regarding any of the materials and/or the assessment or should you find difficulties in accessing them, please send us a message at\u00A0[eciu.admissions@uab.cat](mailto:eciu.admissions@uab.cat)\n\nWe very much hope that you find the materials useful and relevant for your CBL development.","Subject":{"InScheme":{"Id":"urn:eciu:note","Type":"ConceptScheme"},"PrefLabel":{"En":"ParticipantInformation"},"Id":"7bf9ab58-bcb3-4707-864b-c014f9344a68","Type":"Concept"}}],"HasPart":null,"Id":"urn:eciu:learningActivitySpec:7bf9ab58-bcb3-4707-864b-c014f9344a68","Type":"LearningActivitySpecification"},"BannerImage":null,"MoreInformation":[{"NoteLiteral":"","Subject":{"InScheme":{"Id":"urn:eciu:note","Type":"ConceptScheme"},"PrefLabel":{"En":"SourceIdentifier"},"Id":"7bf9ab58-bcb3-4707-864b-c014f9344a68","Type":"Concept"}},{"NoteLiteral":"SELF-PACED OPEN MOOC (7TH EDITION)","Subject":{"InScheme":{"Id":"urn:eciu:note","Type":"ConceptScheme"},"PrefLabel":{"En":"SubTitle"},"Id":"7bf9ab58-bcb3-4707-864b-c014f9344a68","Type":"Concept"}},{"NoteLiteral":"How can we understand, diagnose, and solve challenges within any field of knowledge, considering gender as an epistemological apparatus? This interdisciplinary online course presents main concepts and main methods related to gender as cross-cutting methodology in CBL.","Subject":{"InScheme":{"Id":"urn:eciu:note","Type":"ConceptScheme"},"PrefLabel":{"En":"Introduction"},"Id":"7bf9ab58-bcb3-4707-864b-c014f9344a68","Type":"Concept"}},{"NoteLiteral":"True","Subject":{"InScheme":{"Id":"urn:eciu:note","Type":"ConceptScheme"},"PrefLabel":{"En":"GenerateMicroCredentials"},"Id":"7bf9ab58-bcb3-4707-864b-c014f9344a68","Type":"Concept"}},{"NoteLiteral":"**Entry requirements:**\n\n- being affiliated with one of the 13 ECIU university members\n- B2 level of English language proficiency.\n\n**Documents to be submitted:**\n\n- Curriculum Vitae (CV)\n\n- Document with the following information and a copy (or picture) of your passport/ID card. You can upload it in the field \u0022other documents\u0022.\n    - Name\n    - Last Name\n    - Nationality\n    - Date of birth\n    - City of birth\n    - Current address\n    - Email\n    - Telephone\n\nFor questions or more information, please\u00A0contact us at\u00A0**eciu.admissions@uab.cat**","Subject":{"InScheme":{"Id":"urn:eciu:note","Type":"ConceptScheme"},"PrefLabel":{"En":"AdmissionProcessInformation"},"Id":"7bf9ab58-bcb3-4707-864b-c014f9344a68","Type":"Concept"}},{"NoteLiteral":"False","Subject":{"InScheme":{"Id":"urn:eciu:note","Type":"ConceptScheme"},"PrefLabel":{"En":"SimplifiedAdmissionProcess"},"Id":"7bf9ab58-bcb3-4707-864b-c014f9344a68","Type":"Concept"}},{"NoteLiteral":"2025-02-07","Subject":{"InScheme":{"Id":"urn:eciu:note","Type":"ConceptScheme"},"PrefLabel":{"En":"ApplicationPeriodStartDate"},"Id":"7bf9ab58-bcb3-4707-864b-c014f9344a68","Type":"Concept"}},{"NoteLiteral":"25","Subject":{"InScheme":{"Id":"urn:eciu:note","Type":"ConceptScheme"},"PrefLabel":{"En":"MaximumNumberOfSeats"},"Id":"7bf9ab58-bcb3-4707-864b-c014f9344a68","Type":"Concept"}},{"NoteLiteral":"True","Subject":{"InScheme":{"Id":"urn:eciu:note","Type":"ConceptScheme"},"PrefLabel":{"En":"ECIULMSENabled"},"Id":"7bf9ab58-bcb3-4707-864b-c014f9344a68","Type":"Concept"}},{"NoteLiteral":"https://teams.microsoft.com/l/team/19%3aXuU_2CNOOyE73mYghDk4MTUIYLVN-wDRsnZZAo5LXLQ1%40thread.tacv2/conversations?groupId=fb418ca0-e567-4554-9349-05939abab0c3\u0026tenantId=ba2d854d-d630-4008-a546-d19abc67088c","Subject":{"InScheme":{"Id":"urn:eciu:note","Type":"ConceptScheme"},"PrefLabel":{"En":"LMSUrl"},"Id":"7bf9ab58-bcb3-4707-864b-c014f9344a68","Type":"Concept"}},{"NoteLiteral":"2025-02-24","Subject":{"InScheme":{"Id":"urn:eciu:note","Type":"ConceptScheme"},"PrefLabel":{"En":"TeamAccessDate"},"Id":"7bf9ab58-bcb3-4707-864b-c014f9344a68","Type":"Concept"}},{"NoteLiteral":"false","Subject":{"InScheme":{"Id":"urn:eciu:note","Type":"ConceptScheme"},"PrefLabel":{"En":"SelfPaced"},"Id":"7bf9ab58-bcb3-4707-864b-c014f9344a68","Type":"Concept"}},{"NoteLiteral":"25","Subject":{"InScheme":{"Id":"urn:eciu:note","Type":"ConceptScheme"},"PrefLabel":{"En":"Pace"},"Id":"7bf9ab58-bcb3-4707-864b-c014f9344a68","Type":"Concept"}},{"NoteLiteral":"Standard","Subject":{"InScheme":{"Id":"urn:eciu:note","Type":"ConceptScheme"},"PrefLabel":{"En":"Scope"},"Id":"7bf9ab58-bcb3-4707-864b-c014f9344a68","Type":"Concept"}}],"Id":"urn:eciu:learningOpportunity:7bf9ab58-bcb3-4707-864b-c014f9344a68","Type":"LearningOpportunity"}