{"Mode":{"InScheme":{"Id":"http://data.europa.eu/snb/learning-assessment/25831c2","Type":"ConceptScheme"},"PrefLabel":{"En":"Online"},"Id":"http://data.europa.eu/snb/learning-assessment/920fbb3cbe","Type":"Concept"},"DcType":null,"Title":{"En":"Skills for Effective Cross-Cultural Communication"},"AdmissionsProcedure":{"NoteLiteral":{"En":"The micro-module will be delivered in the KTU virtual learning environment. When a student is enrolled in KTU, s/he will be informed by email on how to gain access to the micro-module.\nAfter the successful completion of the micro-module: \n\u2022\tIn two weeks, a student will receive an email with the link to download the ECIU University micro-credential. \n\u2022\tIn mid-June 2025, a student from other university than KTU will receive an email with the KTU Transcript of Records that might be presented for recognition of learning outcomes at the home university."},"Id":"urn:eciu:note:ddeebe75-23d9-4c50-a4d0-b3b3ab61d149","Type":"Note"},"ApplicationDeadline":"2025-02-23","Description":{"En":"Today\u0027s world is characterised by increasing social and professional mobility and extensive contact among people who are often not only distant in terms of space, but are also culturally different from each other. As a consequence, \u2018contact and interaction (physical and virtual) between diverse peoples, languages, cultural models, media and practices\u2019 have now become the norm rather than an exception. Naturally, these developments have inevitable repercussions: on the one hand, they affect the ways in which people communicate in settings that involve participation of individuals with different cultural and linguistic backgrounds; on the other hand, the way communication and language as such are understood also become less stable."},"LearningAchievementSpecification":{"EQFLevel":{"InScheme":{"Id":"http://data.europa.eu/snb/eqf/25831c2","Type":"ConceptScheme"},"PrefLabel":{"En":"Level 7"},"Id":"http://data.europa.eu/snb/eqf/7","Type":"Concept"},"CreditPoint":{"Framework":{"InScheme":{"Id":"http://data.europa.eu/snb/education-credit/25831c2","Type":"ConceptScheme"},"PrefLabel":{"En":"European Credit Transfer System"},"Id":"http://data.europa.eu/snb/education-credit/6fcec5c5af","Type":"Concept"},"Point":"2,0","Id":"urn:epass:creditPoint:ddeebe75-23d9-4c50-a4d0-b3b3ab61d149","Type":"CreditPoint"},"LearningOutcome":[{"Title":{"En":"Theoretical knowledge"},"RelatedESCOSkill":[{"Notation":"Skill","InScheme":{"Id":"http://data.europa.eu/esco/concept-scheme/skills","Type":"ConceptScheme"},"PrefLabel":{"En":"demonstrate intercultural competence"},"Id":"http://data.europa.eu/esco/skill/c10d5d87-36cf-42f5-8a12-e560fb5f4af8","Type":"Concept"}],"AdditionalNote":{"NoteLiteral":{"En":"Students will be able to identify academic concepts relevant to intercultural communication and cultural models."},"Id":"urn:eciu:note:1c2a3586-0dbe-ef11-b8e8-6045bd97c7c0","Type":"Note"},"Id":"urn:epass:learningOutcome:ddeebe75-23d9-4c50-a4d0-b3b3ab61d149-1","Type":"LearningOutcome"},{"Title":{"En":"Intrapersonal Skills"},"RelatedESCOSkill":[{"Notation":"Skill","InScheme":{"Id":"http://data.europa.eu/esco/concept-scheme/skills","Type":"ConceptScheme"},"PrefLabel":{"En":"exercise self-reflection"},"Id":"http://data.europa.eu/esco/skill/409a0245-0e6c-4aac-ba16-0920ecb76a8d","Type":"Concept"}],"AdditionalNote":{"NoteLiteral":{"En":"Students will be able to reflect on own experience."},"Id":"urn:eciu:note:fc649bb6-0dbe-ef11-b8e8-6045bd97c7c0","Type":"Note"},"Id":"urn:epass:learningOutcome:ddeebe75-23d9-4c50-a4d0-b3b3ab61d149-2","Type":"LearningOutcome"},{"Title":{"En":"Knowledge integration"},"RelatedESCOSkill":[{"Notation":"Skill","InScheme":{"Id":"http://data.europa.eu/esco/concept-scheme/skills","Type":"ConceptScheme"},"PrefLabel":{"En":"evaluate data, information and digital content"},"Id":"http://data.europa.eu/esco/skill/1d6c7de4-350e-4868-a47b-333b4b0d9650","Type":"Concept"},{"Notation":"Skill","InScheme":{"Id":"http://data.europa.eu/esco/concept-scheme/skills","Type":"ConceptScheme"},"PrefLabel":{"En":"search for information online"},"Id":"http://data.europa.eu/esco/skill/698be2d3-8768-422d-a2d3-1cb701816089","Type":"Concept"}],"AdditionalNote":{"NoteLiteral":{"En":"Students will be able to assess and use information appropriately in different contexts."},"Id":"urn:eciu:note:bc9e3605-0ebe-ef11-b8e8-6045bd97c7c0","Type":"Note"},"Id":"urn:epass:learningOutcome:ddeebe75-23d9-4c50-a4d0-b3b3ab61d149-3","Type":"LearningOutcome"}],"LearningSetting":null,"Mode":null,"Title":{"En":"Skills for Effective Cross-Cultural Communication"},"DcType":null,"HomePage":null,"VolumeOfLearning":null,"Id":"urn:eciu:qualification:ddeebe75-23d9-4c50-a4d0-b3b3ab61d149","Type":"Qualification"},"IsPartOf":{"Mode":null,"DcType":null,"Title":{"En":"Skills for Effective Cross-Cultural Communication"},"AdmissionsProcedure":null,"ApplicationDeadline":null,"Description":null,"LearningAchievementSpecification":null,"IsPartOf":null,"Temporal":null,"ProvidedBy":null,"LearningActivitySpecification":null,"BannerImage":null,"MoreInformation":null,"Id":"urn:eciu:learningOpportunity:8f1595b7-1f1d-ef11-840a-000d3a2a7e23","Type":"LearningOpportunity"},"Temporal":{"EndDate":"2025-04-14T00:00:00Z","Name":{"En":"Temporal"},"StartDate":"2025-05-25T00:00:00Z"},"ProvidedBy":{"Location":null,"Logo":null,"LegalName":{"En":"KAUNO TECHNOLOGIJOS UNIVERSITETAS (KTU)"},"Registration":null,"Homepage":null,"Id":"urn:eciu:org:4cc1e316-6a54-ed11-bba2-6045bd886566","Type":"Organisation"},"LearningActivitySpecification":{"Mode":null,"DcType":null,"Title":{"En":""},"Description":{"En":"[https://uais.cr.ktu.lt/ktuis/stp_report_ects.mdl_ml?p_kodas=MM00M103\u0026p_year=2024\u0026p_lang=EN\u0026p_stp_id=](https://uais.cr.ktu.lt/ktuis/stp_report_ects.mdl_ml?p_kodas=MM00M126\u0026amp;p_year=2024\u0026amp;p_lang=EN\u0026amp;p_stp_id=)"},"MoreInformation":[{"NoteLiteral":"Each week, you will have to view one-two videos lasting for about 10 minutes each. The videos will elucidate the core theory and provide real-life examples. \u00A0The videos will be followed by additional practical activities. At the end of each week, you will have to do a self-assessment quiz on the newly acquired knowledge. In addition, you will be asked to reflect on an open-ended question and provide your answer in the discussion forum; your fellow course participants will be able to access it too. A list of additional self-study sources will be provided to you each week.\n\nSpecifically, the assessment consists of:  \n\n20 % - active participation in the discussion forum (answering one open-ended question at the end of each week and commenting on colleagues\u2019 answers);  \n\n40 % - completion of the course tasks (watching videos and completing tasks and self-assessment tests (5 questions at the end of each week);  \n\n40 % - final written assignment (i.e. design of a workshop aimed at improving intercultural communication skills for a specific target audience, combined with an analysis of relevant literature. An assessment rubric will be provided.)\n\n[Syllabus of the micro-module](https://uais.cr.ktu.lt/ktuis/stp_report_ects.mdl_ml?p_kodas=MM00M103\u0026amp;p_year=2024\u0026amp;p_lang=EN\u0026amp;p_stp_id=)\n\nFor inquiries related to the content of the course, please consult the Q\u0026A section of the Moodle course or email me at donata.lisaite@ktu.lt.\n\nThe micro-module will be delivered in the KTU virtual learning environment. When a student is enrolled in KTU, s/he will be informed by email on how to gain access to the micro-module.\n\nAfter the successful completion of the micro-module:\n\n- In two weeks, a student will receive an email with the link to download the ECIU University micro-credential.\n- In mid-June 2025, a student from other university than KTU will receive an email with the KTU Transcript of Records that might be presented for recognition of learning outcomes at the home university.","Subject":{"InScheme":{"Id":"urn:eciu:note","Type":"ConceptScheme"},"PrefLabel":{"En":"ParticipantInformation"},"Id":"ddeebe75-23d9-4c50-a4d0-b3b3ab61d149","Type":"Concept"}}],"HasPart":null,"Id":"urn:eciu:learningActivitySpec:ddeebe75-23d9-4c50-a4d0-b3b3ab61d149","Type":"LearningActivitySpecification"},"BannerImage":null,"MoreInformation":[{"NoteLiteral":"MM00M103","Subject":{"InScheme":{"Id":"urn:eciu:note","Type":"ConceptScheme"},"PrefLabel":{"En":"SourceIdentifier"},"Id":"ddeebe75-23d9-4c50-a4d0-b3b3ab61d149","Type":"Concept"}},{"NoteLiteral":"Bridging Cultures: Master the Art of Understanding and Connection","Subject":{"InScheme":{"Id":"urn:eciu:note","Type":"ConceptScheme"},"PrefLabel":{"En":"SubTitle"},"Id":"ddeebe75-23d9-4c50-a4d0-b3b3ab61d149","Type":"Concept"}},{"NoteLiteral":"This course is suitable for students who are interested in gaining a more in-depth understanding of what intercultural communication entails. Specifically, in this course students will be familiarised with a range of aspects pertaining to culture and cultural models. Furthermore, properties of human communication; the role of language and communication styles will be discussed. Ultimately, aspects that are relevant for effective intercultural communication will be addressed. The course involves discussion and analysis of both theoretical insights and practical real-life examples related to intercultural communication.","Subject":{"InScheme":{"Id":"urn:eciu:note","Type":"ConceptScheme"},"PrefLabel":{"En":"Introduction"},"Id":"ddeebe75-23d9-4c50-a4d0-b3b3ab61d149","Type":"Concept"}},{"NoteLiteral":"True","Subject":{"InScheme":{"Id":"urn:eciu:note","Type":"ConceptScheme"},"PrefLabel":{"En":"GenerateMicroCredentials"},"Id":"ddeebe75-23d9-4c50-a4d0-b3b3ab61d149","Type":"Concept"}},{"NoteLiteral":"Entry requirements:\n\n- Student at any of the universities of the ECIU;\n- B2 level of English language proficiency.\n\nApplicants need to attach a copy of ID card / passport (document issued by the country of origin) to enrol in the KTU virtual learning environment. This does not apply to KTU students (if you are a KTU student, you may attach a blank page).  \n\nStudents, who are admitted and accepted the offered place in the micro-module, will be informed by email on the steps to take in order to gain access to the KTU virtual learning environment. Students will receive an email from the teacher of the micro-module on the first day of the start of module.  \n\nStudents who have dropped out from the KTU micro-module(s) in the autumn 2024 are not eligible to enrol in the KTU micro-module(s) in the spring 2025.","Subject":{"InScheme":{"Id":"urn:eciu:note","Type":"ConceptScheme"},"PrefLabel":{"En":"AdmissionProcessInformation"},"Id":"ddeebe75-23d9-4c50-a4d0-b3b3ab61d149","Type":"Concept"}},{"NoteLiteral":"False","Subject":{"InScheme":{"Id":"urn:eciu:note","Type":"ConceptScheme"},"PrefLabel":{"En":"SimplifiedAdmissionProcess"},"Id":"ddeebe75-23d9-4c50-a4d0-b3b3ab61d149","Type":"Concept"}},{"NoteLiteral":"2024-12-23","Subject":{"InScheme":{"Id":"urn:eciu:note","Type":"ConceptScheme"},"PrefLabel":{"En":"ApplicationPeriodStartDate"},"Id":"ddeebe75-23d9-4c50-a4d0-b3b3ab61d149","Type":"Concept"}},{"NoteLiteral":"30","Subject":{"InScheme":{"Id":"urn:eciu:note","Type":"ConceptScheme"},"PrefLabel":{"En":"MaximumNumberOfSeats"},"Id":"ddeebe75-23d9-4c50-a4d0-b3b3ab61d149","Type":"Concept"}},{"NoteLiteral":"False","Subject":{"InScheme":{"Id":"urn:eciu:note","Type":"ConceptScheme"},"PrefLabel":{"En":"ECIULMSENabled"},"Id":"ddeebe75-23d9-4c50-a4d0-b3b3ab61d149","Type":"Concept"}},{"NoteLiteral":"","Subject":{"InScheme":{"Id":"urn:eciu:note","Type":"ConceptScheme"},"PrefLabel":{"En":"LMSUrl"},"Id":"ddeebe75-23d9-4c50-a4d0-b3b3ab61d149","Type":"Concept"}},{"NoteLiteral":"","Subject":{"InScheme":{"Id":"urn:eciu:note","Type":"ConceptScheme"},"PrefLabel":{"En":"TeamAccessDate"},"Id":"ddeebe75-23d9-4c50-a4d0-b3b3ab61d149","Type":"Concept"}},{"NoteLiteral":"false","Subject":{"InScheme":{"Id":"urn:eciu:note","Type":"ConceptScheme"},"PrefLabel":{"En":"SelfPaced"},"Id":"ddeebe75-23d9-4c50-a4d0-b3b3ab61d149","Type":"Concept"}},{"NoteLiteral":"20","Subject":{"InScheme":{"Id":"urn:eciu:note","Type":"ConceptScheme"},"PrefLabel":{"En":"Pace"},"Id":"ddeebe75-23d9-4c50-a4d0-b3b3ab61d149","Type":"Concept"}},{"NoteLiteral":"Standard","Subject":{"InScheme":{"Id":"urn:eciu:note","Type":"ConceptScheme"},"PrefLabel":{"En":"Scope"},"Id":"ddeebe75-23d9-4c50-a4d0-b3b3ab61d149","Type":"Concept"}}],"Id":"urn:eciu:learningOpportunity:ddeebe75-23d9-4c50-a4d0-b3b3ab61d149","Type":"LearningOpportunity"}