{"Mode":{"InScheme":{"Id":"http://data.europa.eu/snb/learning-assessment/25831c2","Type":"ConceptScheme"},"PrefLabel":{"En":"Online"},"Id":"http://data.europa.eu/snb/learning-assessment/920fbb3cbe","Type":"Concept"},"DcType":null,"Title":{"En":"Communicating Innovation"},"AdmissionsProcedure":null,"ApplicationDeadline":"2025-01-28","Description":{"En":"\u201CIf you can\u2019t describe your business model in ten words or fewer, you don\u2019t have a business model.\u201D \u2013 Guy Kawasaki\n\n\u201CWhatever it is, every idea you present must be something you could get across easily at a cocktail party with strangers. If only aficionados of your industry can understand what you\u0027re saying, you\u0027ve blown it.\u201D \u2013 Jack Welch\n\n\u201CYou can have brilliant ideas, but if you can\u2019t get them across, your ideas won\u2019t get you anywhere.\u201D\u2013\u00A0 Lee Iacocca"},"LearningAchievementSpecification":{"EQFLevel":{"InScheme":{"Id":"http://data.europa.eu/snb/eqf/25831c2","Type":"ConceptScheme"},"PrefLabel":{"En":"Level 7"},"Id":"http://data.europa.eu/snb/eqf/7","Type":"Concept"},"CreditPoint":{"Framework":{"InScheme":{"Id":"http://data.europa.eu/snb/education-credit/25831c2","Type":"ConceptScheme"},"PrefLabel":{"En":"European Credit Transfer System"},"Id":"http://data.europa.eu/snb/education-credit/6fcec5c5af","Type":"Concept"},"Point":"1,0","Id":"urn:epass:creditPoint:8153460d-bfb3-ef11-b8e8-6045bd97c7c0","Type":"CreditPoint"},"LearningOutcome":[{"Title":{"En":"Communication Strategy"},"RelatedESCOSkill":[{"Notation":"Skill","InScheme":{"Id":"http://data.europa.eu/esco/concept-scheme/skills","Type":"ConceptScheme"},"PrefLabel":{"En":"assertiveness"},"Id":"http://data.europa.eu/esco/skill/a0cad388-3c4c-4786-b238-fc39f8c495af","Type":"Concept"},{"Notation":"Skill","InScheme":{"Id":"http://data.europa.eu/esco/concept-scheme/skills","Type":"ConceptScheme"},"PrefLabel":{"En":"manage personal professional development"},"Id":"http://data.europa.eu/esco/skill/a8d24a95-47b3-4f88-92e7-06600bcd3612","Type":"Concept"},{"Notation":"Skill","InScheme":{"Id":"http://data.europa.eu/esco/concept-scheme/skills","Type":"ConceptScheme"},"PrefLabel":{"En":"assertiveness"},"Id":"http://data.europa.eu/esco/skill/a0cad388-3c4c-4786-b238-fc39f8c495af","Type":"Concept"}],"AdditionalNote":null,"Id":"urn:epass:learningOutcome:8153460d-bfb3-ef11-b8e8-6045bd97c7c0-1","Type":"LearningOutcome"},{"Title":{"En":"Innovation"},"RelatedESCOSkill":[{"Notation":"Skill","InScheme":{"Id":"http://data.europa.eu/esco/concept-scheme/skills","Type":"ConceptScheme"},"PrefLabel":{"En":"show entrepreneurial spirit"},"Id":"http://data.europa.eu/esco/skill/bdcf429c-5ccf-4c3d-bb61-4c987573a35e","Type":"Concept"}],"AdditionalNote":null,"Id":"urn:epass:learningOutcome:8153460d-bfb3-ef11-b8e8-6045bd97c7c0-2","Type":"LearningOutcome"}],"LearningSetting":null,"Mode":null,"Title":{"En":"Communicating Innovation"},"DcType":null,"HomePage":null,"VolumeOfLearning":null,"Id":"urn:eciu:qualification:8153460d-bfb3-ef11-b8e8-6045bd97c7c0","Type":"Qualification"},"IsPartOf":{"Mode":null,"DcType":null,"Title":{"En":"Communicating Innovation"},"AdmissionsProcedure":null,"ApplicationDeadline":null,"Description":null,"LearningAchievementSpecification":null,"IsPartOf":null,"Temporal":null,"ProvidedBy":null,"LearningActivitySpecification":null,"BannerImage":null,"MoreInformation":null,"Id":"urn:eciu:learningOpportunity:4974dcaa-e994-ee11-be37-6045bd886566","Type":"LearningOpportunity"},"Temporal":{"EndDate":"2025-02-17T00:00:00Z","Name":{"En":"Temporal"},"StartDate":"2025-05-30T00:00:00Z"},"ProvidedBy":{"Location":null,"Logo":null,"LegalName":{"En":"UNIVERSITA DEGLI STUDI DI TRENTO (UNITN)"},"Registration":null,"Homepage":null,"Id":"urn:eciu:org:c7bc8551-6a54-ed11-bba2-6045bd886566","Type":"Organisation"},"LearningActivitySpecification":{"Mode":null,"DcType":null,"Title":{"En":""},"Description":null,"MoreInformation":[{"NoteLiteral":"This course will take place online. Students are required to watch videos and complete pre and post-assignments between lectures. The meetings serve as opportunities for students to discuss course content, ask questions about the assignments, and participate in group work sessions.\n\nTo ensure a productive learning experience students are expected to come prepared for each session by completing all required videos and assignments beforehand.\n\ncheck calendar and detailed syllabus here:\u00A0[https://www.soi.unitn.it/courses/communicating-innovation/](https://www.soi.unitn.it/courses/communicating-innovation/)","Subject":{"InScheme":{"Id":"urn:eciu:note","Type":"ConceptScheme"},"PrefLabel":{"En":"ParticipantInformation"},"Id":"8153460d-bfb3-ef11-b8e8-6045bd97c7c0","Type":"Concept"}}],"HasPart":null,"Id":"urn:eciu:learningActivitySpec:8153460d-bfb3-ef11-b8e8-6045bd97c7c0","Type":"LearningActivitySpecification"},"BannerImage":null,"MoreInformation":[{"NoteLiteral":"","Subject":{"InScheme":{"Id":"urn:eciu:note","Type":"ConceptScheme"},"PrefLabel":{"En":"SourceIdentifier"},"Id":"8153460d-bfb3-ef11-b8e8-6045bd97c7c0","Type":"Concept"}},{"NoteLiteral":"","Subject":{"InScheme":{"Id":"urn:eciu:note","Type":"ConceptScheme"},"PrefLabel":{"En":"SubTitle"},"Id":"8153460d-bfb3-ef11-b8e8-6045bd97c7c0","Type":"Concept"}},{"NoteLiteral":"This course equips participants with the communication techniques and strategies employed by entrepreneurs, innovators, and game-changers when presenting innovative ideas. A fundamental challenge faced at various stages of business development is conveying effectively the value of business ideas to stakeholders, customers, and investors through both oral and written communication. In this short course students will explore startup jargon concepts and techniques as they create a comprehensive communication strategy for an innovation project.","Subject":{"InScheme":{"Id":"urn:eciu:note","Type":"ConceptScheme"},"PrefLabel":{"En":"Introduction"},"Id":"8153460d-bfb3-ef11-b8e8-6045bd97c7c0","Type":"Concept"}},{"NoteLiteral":"True","Subject":{"InScheme":{"Id":"urn:eciu:note","Type":"ConceptScheme"},"PrefLabel":{"En":"GenerateMicroCredentials"},"Id":"8153460d-bfb3-ef11-b8e8-6045bd97c7c0","Type":"Concept"}},{"NoteLiteral":"To apply, please upload:\n\n- your CV in English;\n- if available, the English language certification\n- a brief motivational letter (1.000 characters) OR a motivational video (max 40\u2019\u2019, preferably youtube link) where you explain WHY you are interested in THIS learning opportunity.\n- Transcript of records\n\nPlease identify your Applicant status:\n\n1-UniTrento PhD or Student\n\n2-ECIU student\n\n3-Erasmus\u002B or Bilateral agreement student (in Trento for the whole semester)\n\n4- BIP Student (Blended intensive program Student (external to ECIU network) who plans to join Trento only to attend\u00A0 a challenge).\n\n5-Other (extra fees may apply)\n\nStatus 1, 2 and 3 applicants need to submit two applications (similar documents, same deadline on 28 January 2025):\n\n[SOI admission apply 2024/25 - S2](https://webapps.unitn.it/Apply/it/Web/GoHome/serv-studenti/Sel_SoI_2024_2)\n\n[ECIU Admission application](https://engage.eciu.eu/browse?universityIds=c7bc8551-6a54-ed11-bba2-6045bd886566\u0026amp;learningOppStatuses=1)\n\nStatus 4 and 5 applicants only submit their application in the\u00A0[SOI admission apply 2024/25 - S2](https://webapps.unitn.it/Apply/it/Web/GoHome/serv-studenti/Sel_SoI_2024_2)\n\n[Here](https://www.soi.unitn.it/wp-content/uploads/2024/06/Applying_to_SOI_ECIU_activities.docx.pdf)you can find guidelines on the application process.","Subject":{"InScheme":{"Id":"urn:eciu:note","Type":"ConceptScheme"},"PrefLabel":{"En":"AdmissionProcessInformation"},"Id":"8153460d-bfb3-ef11-b8e8-6045bd97c7c0","Type":"Concept"}},{"NoteLiteral":"False","Subject":{"InScheme":{"Id":"urn:eciu:note","Type":"ConceptScheme"},"PrefLabel":{"En":"SimplifiedAdmissionProcess"},"Id":"8153460d-bfb3-ef11-b8e8-6045bd97c7c0","Type":"Concept"}},{"NoteLiteral":"2024-12-19","Subject":{"InScheme":{"Id":"urn:eciu:note","Type":"ConceptScheme"},"PrefLabel":{"En":"ApplicationPeriodStartDate"},"Id":"8153460d-bfb3-ef11-b8e8-6045bd97c7c0","Type":"Concept"}},{"NoteLiteral":"100","Subject":{"InScheme":{"Id":"urn:eciu:note","Type":"ConceptScheme"},"PrefLabel":{"En":"MaximumNumberOfSeats"},"Id":"8153460d-bfb3-ef11-b8e8-6045bd97c7c0","Type":"Concept"}},{"NoteLiteral":"False","Subject":{"InScheme":{"Id":"urn:eciu:note","Type":"ConceptScheme"},"PrefLabel":{"En":"ECIULMSENabled"},"Id":"8153460d-bfb3-ef11-b8e8-6045bd97c7c0","Type":"Concept"}},{"NoteLiteral":"","Subject":{"InScheme":{"Id":"urn:eciu:note","Type":"ConceptScheme"},"PrefLabel":{"En":"LMSUrl"},"Id":"8153460d-bfb3-ef11-b8e8-6045bd97c7c0","Type":"Concept"}},{"NoteLiteral":"","Subject":{"InScheme":{"Id":"urn:eciu:note","Type":"ConceptScheme"},"PrefLabel":{"En":"TeamAccessDate"},"Id":"8153460d-bfb3-ef11-b8e8-6045bd97c7c0","Type":"Concept"}},{"NoteLiteral":"false","Subject":{"InScheme":{"Id":"urn:eciu:note","Type":"ConceptScheme"},"PrefLabel":{"En":"SelfPaced"},"Id":"8153460d-bfb3-ef11-b8e8-6045bd97c7c0","Type":"Concept"}},{"NoteLiteral":"0","Subject":{"InScheme":{"Id":"urn:eciu:note","Type":"ConceptScheme"},"PrefLabel":{"En":"Pace"},"Id":"8153460d-bfb3-ef11-b8e8-6045bd97c7c0","Type":"Concept"}},{"NoteLiteral":"Standard","Subject":{"InScheme":{"Id":"urn:eciu:note","Type":"ConceptScheme"},"PrefLabel":{"En":"Scope"},"Id":"8153460d-bfb3-ef11-b8e8-6045bd97c7c0","Type":"Concept"}}],"Id":"urn:eciu:learningOpportunity:8153460d-bfb3-ef11-b8e8-6045bd97c7c0","Type":"LearningOpportunity"}