{"Mode":{"InScheme":{"Id":"http://data.europa.eu/snb/learning-assessment/25831c2","Type":"ConceptScheme"},"PrefLabel":{"En":"Blended"},"Id":"http://data.europa.eu/snb/learning-assessment/e92d221e4d","Type":"Concept"},"DcType":null,"Title":{"En":"Inventing in a Digital World Using TRIZ and AI"},"AdmissionsProcedure":null,"ApplicationDeadline":"2025-01-31","Description":{"En":"In today\u2019s fast-paced, competitive world, innovation is not just a buzzword; it\u2019s a necessity. But how can you consistently deliver breakthrough ideas and solutions? Enter TRIZ, the Theory of Inventive Problem Solving, a globally recognized methodology that has helped industries tackle their toughest challenges for decades. This micromodule is your chance to dive into this transformative approach and unlock its potential for your academic and professional journey.\n\nWhat makes this course unique? Unlike traditional innovation methods, TRIZ provides a systematic way to think creatively and solve problems effectively. Enhanced by Artificial Intelligence, this course offers a modern twist to a timeless methodology, giving you a competitive edge in today\u2019s AI-driven industries.\n\nBy studying this micromodule, you\u2019ll gain:\n\n- A clear understanding of TRIZ principles and their practical applications.\n- Problem-solving skills that will distinguish you in your field.\n- The ability to approach challenges with confidence and structure.\n\nThis course is designed for learners who want to maximize their innovation capabilities. Whether you\u2019re an engineering student, aspiring entrepreneur, or a curious mind, the skills you gain here are invaluable for standing out in an increasingly demanding job market.\n\nInvest in yourself and your future. Join this micro-module to explore the cutting-edge world of TRIZ and Artificial Intelligence. Equip yourself with tools that turn challenges into opportunities.\n\nReady to start your journey? Access an online Andro\u00EFdApp that will be used in this course here: https://play.google.com/store/apps/details?id=app.netlify.trizapp.twa\u0026pcampaignid=web\\_share\n\nDon\u2019t just keep up with innovation\u2014lead it."},"LearningAchievementSpecification":{"EQFLevel":{"InScheme":{"Id":"http://data.europa.eu/snb/eqf/25831c2","Type":"ConceptScheme"},"PrefLabel":{"En":"Level 7"},"Id":"http://data.europa.eu/snb/eqf/7","Type":"Concept"},"CreditPoint":{"Framework":{"InScheme":{"Id":"http://data.europa.eu/snb/education-credit/25831c2","Type":"ConceptScheme"},"PrefLabel":{"En":"European Credit Transfer System"},"Id":"http://data.europa.eu/snb/education-credit/6fcec5c5af","Type":"Concept"},"Point":"2,0","Id":"urn:epass:creditPoint:fe4705a0-0329-45d5-a881-e24a921be80d","Type":"CreditPoint"},"LearningOutcome":[{"Title":{"En":"Think creativley"},"RelatedESCOSkill":[{"Notation":"Skill","InScheme":{"Id":"http://data.europa.eu/esco/concept-scheme/skills","Type":"ConceptScheme"},"PrefLabel":{"En":"think holistically"},"Id":"http://data.europa.eu/esco/skill/d56e2c2f-3e01-4b76-a7bb-ecb6d430172f","Type":"Concept"},{"Notation":"Skill","InScheme":{"Id":"http://data.europa.eu/esco/concept-scheme/skills","Type":"ConceptScheme"},"PrefLabel":{"En":"think creatively"},"Id":"http://data.europa.eu/esco/skill/c624c6a3-b0ba-4a31-a296-0d433fe47e41","Type":"Concept"}],"AdditionalNote":{"NoteLiteral":{"En":"By the end of this micromodule, you will develop the ability to approach challenges with originality, exploring unconventional perspectives to propose effective solutions. You will be able to think outside the box, adapting creatively to changing contexts and complex situations. This will enable you to unlock innovative opportunities and add value in professional and interdisciplinary environments."},"Id":"urn:eciu:note:9930e14c-53a7-ef11-b8e9-000d3a234020","Type":"Note"},"Id":"urn:epass:learningOutcome:fe4705a0-0329-45d5-a881-e24a921be80d-1","Type":"LearningOutcome"},{"Title":{"En":"Create new concepts"},"RelatedESCOSkill":[{"Notation":"Skill","InScheme":{"Id":"http://data.europa.eu/esco/concept-scheme/skills","Type":"ConceptScheme"},"PrefLabel":{"En":"create new concepts"},"Id":"http://data.europa.eu/esco/skill/f08e2bd6-0366-4948-a670-1f03f130126f","Type":"Concept"},{"Notation":"Skill","InScheme":{"Id":"http://data.europa.eu/esco/concept-scheme/skills","Type":"ConceptScheme"},"PrefLabel":{"En":"design thinking"},"Id":"http://data.europa.eu/esco/skill/df64a7cc-2e96-4304-95d3-56fe0ac2dd39","Type":"Concept"}],"AdditionalNote":{"NoteLiteral":{"En":"By the end of this micromodule, you will acquire the tools to generate, structure, and refine novel ideas into actionable and impactful concepts. You will be equipped to systematically apply these ideas to practical challenges, enhancing their relevance and effectiveness. This competency will position you as a key contributor to innovation-driven projects, capable of fostering transformative solutions."},"Id":"urn:eciu:note:c14146bd-53a7-ef11-b8e9-000d3a234020","Type":"Note"},"Id":"urn:epass:learningOutcome:fe4705a0-0329-45d5-a881-e24a921be80d-2","Type":"LearningOutcome"},{"Title":{"En":"Think innovatively"},"RelatedESCOSkill":[{"Notation":"Skill","InScheme":{"Id":"http://data.europa.eu/esco/concept-scheme/skills","Type":"ConceptScheme"},"PrefLabel":{"En":"think innovately"},"Id":"http://data.europa.eu/esco/skill/c2a0c52c-0b4b-4180-a918-92650ea3b458","Type":"Concept"}],"AdditionalNote":{"NoteLiteral":{"En":"By the end of this micromodule, you will learn to analyze complex problems with a strategic mindset, identifying opportunities to drive innovation and balancing feasibility with visionary thinking. You will develop the ability to approach challenges holistically, integrating diverse perspectives to propose sustainable solutions. This skill will empower you to anticipate and shape future trends in dynamic and competitive environments."},"Id":"urn:eciu:note:0d319939-54a7-ef11-b8e9-000d3a234020","Type":"Note"},"Id":"urn:epass:learningOutcome:fe4705a0-0329-45d5-a881-e24a921be80d-3","Type":"LearningOutcome"},{"Title":{"En":"Solve problems"},"RelatedESCOSkill":[{"Notation":"Skill","InScheme":{"Id":"http://data.europa.eu/esco/concept-scheme/skills","Type":"ConceptScheme"},"PrefLabel":{"En":"solve problems"},"Id":"http://data.europa.eu/esco/skill/adc6dc11-3376-467b-96c5-9b0a21edc869","Type":"Concept"}],"AdditionalNote":{"NoteLiteral":{"En":"By the end of this micromodule, you will be able to deconstruct complex issues, identify their root causes, and design effective, sustainable solutions. You will also refine your decision-making process by integrating critical and creative thinking. These abilities will enable you to address immediate challenges effectively while planning strategically for long-term success."},"Id":"urn:eciu:note:db698dc1-54a7-ef11-b8e9-000d3a234020","Type":"Note"},"Id":"urn:epass:learningOutcome:fe4705a0-0329-45d5-a881-e24a921be80d-4","Type":"LearningOutcome"}],"LearningSetting":null,"Mode":null,"Title":{"En":"Inventing in a Digital World Using TRIZ and AI"},"DcType":null,"HomePage":null,"VolumeOfLearning":null,"Id":"urn:eciu:qualification:fe4705a0-0329-45d5-a881-e24a921be80d","Type":"Qualification"},"IsPartOf":{"Mode":null,"DcType":null,"Title":{"En":"Inventing in a Digital World Using TRIZ and AI"},"AdmissionsProcedure":null,"ApplicationDeadline":null,"Description":null,"LearningAchievementSpecification":null,"IsPartOf":null,"Temporal":null,"ProvidedBy":null,"LearningActivitySpecification":null,"BannerImage":null,"MoreInformation":[{"NoteLiteral":"INSA Strasbourg","Subject":{"InScheme":{"Id":"urn:eciu:note","Type":"ConceptScheme"},"PrefLabel":{"En":"EducationIdentifier"},"Id":"1f40a37a-52a7-ef11-b8e9-000d3a234020","Type":"Concept"}}],"Id":"urn:eciu:learningOpportunity:1f40a37a-52a7-ef11-b8e9-000d3a234020","Type":"LearningOpportunity"},"Temporal":{"EndDate":"2025-02-03T00:00:00Z","Name":{"En":"Temporal"},"StartDate":"2025-04-30T00:00:00Z"},"ProvidedBy":{"Location":null,"Logo":null,"LegalName":{"En":"INSTITUT NATIONAL DES SCIENCES APPLIQUEES DE TOULOUSE (INSA TOULOUSE)"},"Registration":null,"Homepage":null,"Id":"urn:eciu:org:bc4a5510-6a54-ed11-bba2-6045bd886566","Type":"Organisation"},"LearningActivitySpecification":{"Mode":null,"DcType":null,"Title":{"En":""},"Description":null,"MoreInformation":[{"NoteLiteral":"This micro-module is designed to provide a flexible and engaging learning experience, combining synchronous sessions with asynchronous project based activities to maximize accessibility and effectiveness. Below are the details to help you manage your time effectively.\n\n**Synchronous Teaching**\n\nThe course includes three live online sessions, each lasting two hours, as well as extensive asynchronous project-based work using the WEB IDEAS platform. These interactive sessions are critical for discussing key TRIZ concepts, participating in live problem-solving exercises, and receiving personalized guidance. The session dates and times are:\n\n- Session 1: Context, History and basics\n- Session 2: Problem framing and transforming into a set of contradictory requirements\n- Session 3: Solving Contradictions using Altshuller\u0027s Matrix \u0026 40 inventive Principles\n\n**Asynchronous Work:**\n\nStudents will dedicate significant time to a hands-on project utilizing the WEB IDEAS platform to conceptualize, design, and propose an innovative object or system. This project is supported by asynchronous resources, collaboration tools, and periodic feedback. Project-Based Learning Integration Project Focus:\n\nStudents will explore real-world problems and apply TRIZ methodologies using the WEB IDEAS platform.\n\nThe platform facilitates collaborative brainstorming, inventive problem-solving, and the creation of detailed proposals for innovative designs.\n\n**Final Deliverable: Each team will present a comprehensive proposal, supported by concept sketches or prototypes, demonstrating the practical application of TRIZ principles.**\n\n**Assessment Strategy**\n\nYour progress will be evaluated through a combination of practical and theoretical assessments:\n\n- Individual Project (60%): Students will apply TRIZ principles to develop and present an innovative object or system, with detailed documentation of their approach and solutions.\n- Online Quiz (20%): A multiple-choice quiz covering theoretical aspects of TRIZ, conducted after the final synchronous session.\n- Participation (20%): Active involvement during live sessions and meaningful contributions in asynchronous discussions and project activities.\n\n**Time Commitment**\n\nThe module requires approximately 40 hours of work, structured as follows:\n\n- Synchronous Learning: 6 hours (3 sessions x 2 hours).\n- Asynchronous Learning: 34 hours, including: Independent study and review of TRIZ resources. Team-based project development using the WEB IDEAS platform. Participation in discussion forums and collaborative activities.","Subject":{"InScheme":{"Id":"urn:eciu:note","Type":"ConceptScheme"},"PrefLabel":{"En":"ParticipantInformation"},"Id":"fe4705a0-0329-45d5-a881-e24a921be80d","Type":"Concept"}}],"HasPart":[{"Mode":{"InScheme":{"Id":"http://data.europa.eu/snb/learning-assessment/25831c2","Type":"ConceptScheme"},"PrefLabel":{"En":"Online"},"Id":"http://data.europa.eu/snb/learning-assessment/920fbb3cbe","Type":"Concept"},"DcType":{"InScheme":{"Id":"http://data.europa.eu/snb/learning-activity/25831c2","Type":"ConceptScheme"},"PrefLabel":{"En":"e-learning coursework"},"Id":"http://data.europa.eu/snb/learning-activity/bf2e3a7bae","Type":"Concept"},"Title":{"En":"Asynchronous Video Tutorials and Quizzes"},"Description":null,"MoreInformation":null,"HasPart":null,"Id":"urn:eciu:learningActivitySpec:72cbce2f-59a7-ef11-b8e8-7c1e5261c9bc","Type":"LearningActivitySpecification"},{"Mode":{"InScheme":{"Id":"http://data.europa.eu/snb/learning-assessment/25831c2","Type":"ConceptScheme"},"PrefLabel":{"En":"Online"},"Id":"http://data.europa.eu/snb/learning-assessment/920fbb3cbe","Type":"Concept"},"DcType":{"InScheme":{"Id":"http://data.europa.eu/snb/learning-activity/25831c2","Type":"ConceptScheme"},"PrefLabel":{"En":"e-learning coursework"},"Id":"http://data.europa.eu/snb/learning-activity/bf2e3a7bae","Type":"Concept"},"Title":{"En":"Collaborative Online Forum Discussions"},"Description":null,"MoreInformation":null,"HasPart":null,"Id":"urn:eciu:learningActivitySpec:d2b55c4f-59a7-ef11-b8e8-7c1e5261c9bc","Type":"LearningActivitySpecification"},{"Mode":{"InScheme":{"Id":"http://data.europa.eu/snb/learning-assessment/25831c2","Type":"ConceptScheme"},"PrefLabel":{"En":"Online"},"Id":"http://data.europa.eu/snb/learning-assessment/920fbb3cbe","Type":"Concept"},"DcType":{"InScheme":{"Id":"http://data.europa.eu/snb/learning-activity/25831c2","Type":"ConceptScheme"},"PrefLabel":{"En":"self-motivated study"},"Id":"http://data.europa.eu/snb/learning-activity/b660f5dcea","Type":"Concept"},"Title":{"En":"Case study analysis"},"Description":null,"MoreInformation":null,"HasPart":null,"Id":"urn:eciu:learningActivitySpec:d338f7a6-58a7-ef11-b8e9-000d3a234020","Type":"LearningActivitySpecification"},{"Mode":{"InScheme":{"Id":"http://data.europa.eu/snb/learning-assessment/25831c2","Type":"ConceptScheme"},"PrefLabel":{"En":"Online"},"Id":"http://data.europa.eu/snb/learning-assessment/920fbb3cbe","Type":"Concept"},"DcType":{"InScheme":{"Id":"http://data.europa.eu/snb/learning-activity/25831c2","Type":"ConceptScheme"},"PrefLabel":{"En":"workshop, seminar or conference"},"Id":"http://data.europa.eu/snb/learning-activity/efff75e10a","Type":"Concept"},"Title":{"En":"Guided problem-solving exercises"},"Description":null,"MoreInformation":null,"HasPart":null,"Id":"urn:eciu:learningActivitySpec:4a9d87cb-58a7-ef11-b8e9-000d3a234020","Type":"LearningActivitySpecification"},{"Mode":{"InScheme":{"Id":"http://data.europa.eu/snb/learning-assessment/25831c2","Type":"ConceptScheme"},"PrefLabel":{"En":"Online"},"Id":"http://data.europa.eu/snb/learning-assessment/920fbb3cbe","Type":"Concept"},"DcType":{"InScheme":{"Id":"http://data.europa.eu/snb/learning-activity/25831c2","Type":"ConceptScheme"},"PrefLabel":{"En":"self-motivated study"},"Id":"http://data.europa.eu/snb/learning-activity/b660f5dcea","Type":"Concept"},"Title":{"En":"TRIZ Application Mini-Project"},"Description":null,"MoreInformation":null,"HasPart":null,"Id":"urn:eciu:learningActivitySpec:84f523f8-58a7-ef11-b8e9-000d3a234020","Type":"LearningActivitySpecification"}],"Id":"urn:eciu:learningActivitySpec:fe4705a0-0329-45d5-a881-e24a921be80d","Type":"LearningActivitySpecification"},"BannerImage":null,"MoreInformation":[{"NoteLiteral":"","Subject":{"InScheme":{"Id":"urn:eciu:note","Type":"ConceptScheme"},"PrefLabel":{"En":"SourceIdentifier"},"Id":"fe4705a0-0329-45d5-a881-e24a921be80d","Type":"Concept"}},{"NoteLiteral":"Understand Structured Creativity and Transform it into an Actionable Process","Subject":{"InScheme":{"Id":"urn:eciu:note","Type":"ConceptScheme"},"PrefLabel":{"En":"SubTitle"},"Id":"fe4705a0-0329-45d5-a881-e24a921be80d","Type":"Concept"}},{"NoteLiteral":"Are you ready to unlock your creative potential and gain a competitive edge in innovation? Discover TRIZ, the cutting-edge Theory of Inventive Problem Solving, a proven methodology that has revolutionized industries worldwide. Over decades, TRIZ has evolved into a powerhouse for tackling complex challenges, now enhanced by Artificial Intelligence to amplify its capabilities like never before.\n\nThis engaging micro-module is your gateway to mastering the essentials of TRIZ. Designed for curious minds and future innovators, it combines hands-on practice with robust theoretical insights to equip you with the tools to approach problems creatively and systematically.\n\nBy participating, you\u0027ll gain unique skills that are highly sought after in today\u0027s competitive job market, making you stand out as an inventive thinker. Whether you\u2019re an engineering student, a budding entrepreneur, or simply curious, this micro-module offers the perfect opportunity to dive into the exciting world of structured innovation.\n\nTake the first step toward transforming your future!","Subject":{"InScheme":{"Id":"urn:eciu:note","Type":"ConceptScheme"},"PrefLabel":{"En":"Introduction"},"Id":"fe4705a0-0329-45d5-a881-e24a921be80d","Type":"Concept"}},{"NoteLiteral":"True","Subject":{"InScheme":{"Id":"urn:eciu:note","Type":"ConceptScheme"},"PrefLabel":{"En":"GenerateMicroCredentials"},"Id":"fe4705a0-0329-45d5-a881-e24a921be80d","Type":"Concept"}},{"NoteLiteral":"Applying for this engaging micromodule on the Theory of Inventive Problem Solving (TRIZ) is straightforward and designed to ensure that participants are well-prepared to make the most of the experience. This micromodule is ideal for students currently pursuing engineering, business, or related disciplines at the undergraduate or graduate level. A basic understanding of problem-solving methods or innovation frameworks is helpful but not mandatory, as the course provides foundational knowledge to support all learners.\n\nTo apply, students should submit the following documents:\n\n- A CV highlighting academic and professional achievements relevant to the field of innovation or problem-solving.\n- A transcript of recent academic records to showcase your educational background.\n- A short covering letter (200\u2013300 words) explaining your motivation for joining this micromodule and how you plan to apply the concepts learned.\n\nDon\u2019t miss this opportunity to enhance your creative thinking and problem-solving skills with a cutting-edge approach that is shaping the future of innovation!","Subject":{"InScheme":{"Id":"urn:eciu:note","Type":"ConceptScheme"},"PrefLabel":{"En":"AdmissionProcessInformation"},"Id":"fe4705a0-0329-45d5-a881-e24a921be80d","Type":"Concept"}},{"NoteLiteral":"False","Subject":{"InScheme":{"Id":"urn:eciu:note","Type":"ConceptScheme"},"PrefLabel":{"En":"SimplifiedAdmissionProcess"},"Id":"fe4705a0-0329-45d5-a881-e24a921be80d","Type":"Concept"}},{"NoteLiteral":"2024-12-13","Subject":{"InScheme":{"Id":"urn:eciu:note","Type":"ConceptScheme"},"PrefLabel":{"En":"ApplicationPeriodStartDate"},"Id":"fe4705a0-0329-45d5-a881-e24a921be80d","Type":"Concept"}},{"NoteLiteral":"32","Subject":{"InScheme":{"Id":"urn:eciu:note","Type":"ConceptScheme"},"PrefLabel":{"En":"MaximumNumberOfSeats"},"Id":"fe4705a0-0329-45d5-a881-e24a921be80d","Type":"Concept"}},{"NoteLiteral":"False","Subject":{"InScheme":{"Id":"urn:eciu:note","Type":"ConceptScheme"},"PrefLabel":{"En":"ECIULMSENabled"},"Id":"fe4705a0-0329-45d5-a881-e24a921be80d","Type":"Concept"}},{"NoteLiteral":"","Subject":{"InScheme":{"Id":"urn:eciu:note","Type":"ConceptScheme"},"PrefLabel":{"En":"LMSUrl"},"Id":"fe4705a0-0329-45d5-a881-e24a921be80d","Type":"Concept"}},{"NoteLiteral":"","Subject":{"InScheme":{"Id":"urn:eciu:note","Type":"ConceptScheme"},"PrefLabel":{"En":"TeamAccessDate"},"Id":"fe4705a0-0329-45d5-a881-e24a921be80d","Type":"Concept"}},{"NoteLiteral":"false","Subject":{"InScheme":{"Id":"urn:eciu:note","Type":"ConceptScheme"},"PrefLabel":{"En":"SelfPaced"},"Id":"fe4705a0-0329-45d5-a881-e24a921be80d","Type":"Concept"}},{"NoteLiteral":"0","Subject":{"InScheme":{"Id":"urn:eciu:note","Type":"ConceptScheme"},"PrefLabel":{"En":"Pace"},"Id":"fe4705a0-0329-45d5-a881-e24a921be80d","Type":"Concept"}},{"NoteLiteral":"Standard","Subject":{"InScheme":{"Id":"urn:eciu:note","Type":"ConceptScheme"},"PrefLabel":{"En":"Scope"},"Id":"fe4705a0-0329-45d5-a881-e24a921be80d","Type":"Concept"}}],"Id":"urn:eciu:learningOpportunity:fe4705a0-0329-45d5-a881-e24a921be80d","Type":"LearningOpportunity"}