{"Mode":{"InScheme":{"Id":"http://data.europa.eu/snb/learning-assessment/25831c2","Type":"ConceptScheme"},"PrefLabel":{"En":"Online"},"Id":"http://data.europa.eu/snb/learning-assessment/920fbb3cbe","Type":"Concept"},"DcType":null,"Title":{"En":"Bayesian Estimation"},"AdmissionsProcedure":null,"ApplicationDeadline":"2024-08-16","Description":{"En":"It is important to understand and assess the suitability of machine learning techniques for use with your data.\u00A0\n\nThe suitability of many techniques used in machine learning relies on several assumptions which are not always adhered to. The implications of understanding how these techniques estimate the weights in the various models are significant when concluding the results.\u00A0\n\nIn this course, you will examine Bayesian Estimation and the Monte Carlo Markov chain algorithm. You\u2019ll also implement its algorithm for a regression problem.\n\n- This course will show students why Bayesian Estimation is a good approach.\n\n- You will understand the difference between a frequentist and Bayesinist.\n\n- This course will also introduce the Monte Carlo Markov chain algorithm.\n\n- We will learn how to implement this algorithm in order to solve a regression problem."},"LearningAchievementSpecification":{"EQFLevel":{"InScheme":{"Id":"http://data.europa.eu/snb/eqf/25831c2","Type":"ConceptScheme"},"PrefLabel":{"En":"Level 7"},"Id":"http://data.europa.eu/snb/eqf/7","Type":"Concept"},"CreditPoint":null,"LearningOutcome":[{"Title":{"En":"L01"},"RelatedESCOSkill":[{"Notation":"Skill","InScheme":{"Id":"http://data.europa.eu/esco/concept-scheme/skills","Type":"ConceptScheme"},"PrefLabel":{"En":"machine tools"},"Id":"http://data.europa.eu/esco/skill/f5084a43-42c9-4bbb-b47c-b3029cf8381d","Type":"Concept"},{"Notation":"Skill","InScheme":{"Id":"http://data.europa.eu/esco/concept-scheme/skills","Type":"ConceptScheme"},"PrefLabel":{"En":"digital competencies"},"Id":"http://data.europa.eu/esco/skill/aeecc330-0be9-419f-bddb-5218de926004","Type":"Concept"},{"Notation":"Skill","InScheme":{"Id":"http://data.europa.eu/esco/concept-scheme/skills","Type":"ConceptScheme"},"PrefLabel":{"En":"listening and asking questions"},"Id":"http://data.europa.eu/esco/skill/S1.7.3","Type":"Concept"}],"AdditionalNote":{"NoteLiteral":{"En":"Upon completion of the ELO, the learner will outline what a Bayesian approach is."},"Id":"urn:eciu:note:2c7d3933-4711-ef11-9f89-0022488b0cca","Type":"Note"},"Id":"urn:epass:learningOutcome:e42147ae-9f5d-4ae2-95ff-1071a3c3a49f-1","Type":"LearningOutcome"},{"Title":{"En":"L02"},"RelatedESCOSkill":[{"Notation":"Skill","InScheme":{"Id":"http://data.europa.eu/esco/concept-scheme/skills","Type":"ConceptScheme"},"PrefLabel":{"En":"listening and asking questions"},"Id":"http://data.europa.eu/esco/skill/S1.7.3","Type":"Concept"}],"AdditionalNote":{"NoteLiteral":{"En":"Upon completion of the ELO, the learner will show how the Bayesian estimator is implemented."},"Id":"urn:eciu:note:48119cf9-4711-ef11-9f89-0022488b0cca","Type":"Note"},"Id":"urn:epass:learningOutcome:e42147ae-9f5d-4ae2-95ff-1071a3c3a49f-2","Type":"LearningOutcome"},{"Title":{"En":"L03"},"RelatedESCOSkill":[{"Notation":"Skill","InScheme":{"Id":"http://data.europa.eu/esco/concept-scheme/skills","Type":"ConceptScheme"},"PrefLabel":{"En":"evaluate data, information and digital content"},"Id":"http://data.europa.eu/esco/skill/1d6c7de4-350e-4868-a47b-333b4b0d9650","Type":"Concept"}],"AdditionalNote":{"NoteLiteral":{"En":"Upon completion of the ELO, the learner will understand the difference between a frequentist and a Bayesianist."},"Id":"urn:eciu:note:02c4fa5a-4811-ef11-9f89-0022488b0cca","Type":"Note"},"Id":"urn:epass:learningOutcome:e42147ae-9f5d-4ae2-95ff-1071a3c3a49f-3","Type":"LearningOutcome"},{"Title":{"En":"L04"},"RelatedESCOSkill":[{"Notation":"Skill","InScheme":{"Id":"http://data.europa.eu/esco/concept-scheme/skills","Type":"ConceptScheme"},"PrefLabel":{"En":"apply basic programming skills"},"Id":"http://data.europa.eu/esco/skill/bf4d884f-c848-402a-b130-69c266b04164","Type":"Concept"}],"AdditionalNote":{"NoteLiteral":{"En":"Upon completion of the ELO, the learner will\u2026 Implement Bayesian regression in Python."},"Id":"urn:eciu:note:43236daa-4811-ef11-9f89-0022488b0cca","Type":"Note"},"Id":"urn:epass:learningOutcome:e42147ae-9f5d-4ae2-95ff-1071a3c3a49f-4","Type":"LearningOutcome"}],"LearningSetting":null,"Mode":null,"Title":{"En":"Bayesian Estimation"},"DcType":null,"HomePage":null,"VolumeOfLearning":"PT4H","Id":"urn:eciu:qualification:e42147ae-9f5d-4ae2-95ff-1071a3c3a49f","Type":"Qualification"},"IsPartOf":{"Mode":null,"DcType":null,"Title":{"En":"Bayesian Estimation"},"AdmissionsProcedure":null,"ApplicationDeadline":null,"Description":null,"LearningAchievementSpecification":null,"IsPartOf":null,"Temporal":null,"ProvidedBy":null,"LearningActivitySpecification":null,"BannerImage":null,"MoreInformation":[{"NoteLiteral":"CA6831","Subject":{"InScheme":{"Id":"urn:eciu:note","Type":"ConceptScheme"},"PrefLabel":{"En":"EducationIdentifier"},"Id":"8eb7d019-4611-ef11-9f89-0022488b0cca","Type":"Concept"}}],"Id":"urn:eciu:learningOpportunity:8eb7d019-4611-ef11-9f89-0022488b0cca","Type":"LearningOpportunity"},"Temporal":{"EndDate":"2024-05-20T00:00:00Z","Name":{"En":"Temporal"},"StartDate":"2024-08-30T00:00:00Z"},"ProvidedBy":{"Location":null,"Logo":null,"LegalName":{"En":"DUBLIN CITY UNIVERSITY (DCU)"},"Registration":null,"Homepage":null,"Id":"urn:eciu:org:ee9c51fc-6954-ed11-bba2-6045bd886566","Type":"Organisation"},"LearningActivitySpecification":{"Mode":null,"DcType":null,"Title":{"En":""},"Description":null,"MoreInformation":[{"NoteLiteral":"- The course will become **accessible as of the 20th of May 2024**.\n- You can already register for it by clicking **this link:\u00A0[https://www.futurelearn.com/invitations/dcu/bayesian-estimation/p4nsrfnhehlxqqqsq4i4khn792p65yp](https://www.futurelearn.com/invitations/dcu/bayesian-estimation/p4nsrfnhehlxqqqsq4i4khn792p65yp)**\n- On clicking the link, you will be prompted to**set up an account with the FutureLearn**, which will be your Learning Environment for this course.\n- To gain access to the course in FutureLearn, **please use your Tampere City email address** when opening the account.\n- The course is asynchronous and provides you with the opportunity to comment on course content etc. with your peers during the course.","Subject":{"InScheme":{"Id":"urn:eciu:note","Type":"ConceptScheme"},"PrefLabel":{"En":"ParticipantInformation"},"Id":"e42147ae-9f5d-4ae2-95ff-1071a3c3a49f","Type":"Concept"}}],"HasPart":null,"Id":"urn:eciu:learningActivitySpec:e42147ae-9f5d-4ae2-95ff-1071a3c3a49f","Type":"LearningActivitySpecification"},"BannerImage":null,"MoreInformation":[{"NoteLiteral":"","Subject":{"InScheme":{"Id":"urn:eciu:note","Type":"ConceptScheme"},"PrefLabel":{"En":"SourceIdentifier"},"Id":"e42147ae-9f5d-4ae2-95ff-1071a3c3a49f","Type":"Concept"}},{"NoteLiteral":"Machine Learning Techniques","Subject":{"InScheme":{"Id":"urn:eciu:note","Type":"ConceptScheme"},"PrefLabel":{"En":"SubTitle"},"Id":"e42147ae-9f5d-4ae2-95ff-1071a3c3a49f","Type":"Concept"}},{"NoteLiteral":"In this course, you will examine Bayesian Estimation and the Monte Carlo Markov chain algorithm. You\u2019ll also implement its algorithm for a regression problem.","Subject":{"InScheme":{"Id":"urn:eciu:note","Type":"ConceptScheme"},"PrefLabel":{"En":"Introduction"},"Id":"e42147ae-9f5d-4ae2-95ff-1071a3c3a49f","Type":"Concept"}},{"NoteLiteral":"True","Subject":{"InScheme":{"Id":"urn:eciu:note","Type":"ConceptScheme"},"PrefLabel":{"En":"GenerateMicroCredentials"},"Id":"e42147ae-9f5d-4ae2-95ff-1071a3c3a49f","Type":"Concept"}},{"NoteLiteral":"","Subject":{"InScheme":{"Id":"urn:eciu:note","Type":"ConceptScheme"},"PrefLabel":{"En":"AdmissionProcessInformation"},"Id":"e42147ae-9f5d-4ae2-95ff-1071a3c3a49f","Type":"Concept"}},{"NoteLiteral":"True","Subject":{"InScheme":{"Id":"urn:eciu:note","Type":"ConceptScheme"},"PrefLabel":{"En":"SimplifiedAdmissionProcess"},"Id":"e42147ae-9f5d-4ae2-95ff-1071a3c3a49f","Type":"Concept"}},{"NoteLiteral":"2024-05-13","Subject":{"InScheme":{"Id":"urn:eciu:note","Type":"ConceptScheme"},"PrefLabel":{"En":"ApplicationPeriodStartDate"},"Id":"e42147ae-9f5d-4ae2-95ff-1071a3c3a49f","Type":"Concept"}},{"NoteLiteral":"30","Subject":{"InScheme":{"Id":"urn:eciu:note","Type":"ConceptScheme"},"PrefLabel":{"En":"MaximumNumberOfSeats"},"Id":"e42147ae-9f5d-4ae2-95ff-1071a3c3a49f","Type":"Concept"}},{"NoteLiteral":"False","Subject":{"InScheme":{"Id":"urn:eciu:note","Type":"ConceptScheme"},"PrefLabel":{"En":"ECIULMSENabled"},"Id":"e42147ae-9f5d-4ae2-95ff-1071a3c3a49f","Type":"Concept"}},{"NoteLiteral":"https://www.futurelearn.com/invitations/dcu/bayesian-estimation/p4nsrfnhehlxqqqsq4i4khn792p65yp","Subject":{"InScheme":{"Id":"urn:eciu:note","Type":"ConceptScheme"},"PrefLabel":{"En":"LMSUrl"},"Id":"e42147ae-9f5d-4ae2-95ff-1071a3c3a49f","Type":"Concept"}},{"NoteLiteral":"","Subject":{"InScheme":{"Id":"urn:eciu:note","Type":"ConceptScheme"},"PrefLabel":{"En":"TeamAccessDate"},"Id":"e42147ae-9f5d-4ae2-95ff-1071a3c3a49f","Type":"Concept"}},{"NoteLiteral":"false","Subject":{"InScheme":{"Id":"urn:eciu:note","Type":"ConceptScheme"},"PrefLabel":{"En":"SelfPaced"},"Id":"e42147ae-9f5d-4ae2-95ff-1071a3c3a49f","Type":"Concept"}},{"NoteLiteral":"25","Subject":{"InScheme":{"Id":"urn:eciu:note","Type":"ConceptScheme"},"PrefLabel":{"En":"Pace"},"Id":"e42147ae-9f5d-4ae2-95ff-1071a3c3a49f","Type":"Concept"}},{"NoteLiteral":"Standard","Subject":{"InScheme":{"Id":"urn:eciu:note","Type":"ConceptScheme"},"PrefLabel":{"En":"Scope"},"Id":"e42147ae-9f5d-4ae2-95ff-1071a3c3a49f","Type":"Concept"}}],"Id":"urn:eciu:learningOpportunity:e42147ae-9f5d-4ae2-95ff-1071a3c3a49f","Type":"LearningOpportunity"}