{"Mode":{"InScheme":{"Id":"http://data.europa.eu/snb/learning-assessment/25831c2","Type":"ConceptScheme"},"PrefLabel":{"En":"Online"},"Id":"http://data.europa.eu/snb/learning-assessment/920fbb3cbe","Type":"Concept"},"DcType":null,"Title":{"En":"Reinforcement Learning"},"AdmissionsProcedure":null,"ApplicationDeadline":"2024-08-16","Description":{"En":"This course is aimed at computing and engineering professionals who have an interest in the area of machine learning and wish to gain practical skills with sufficient theory to have a grasp of the principles behind the algorithms. This course assumes a knowledge of computer programming in Python, statistics, basic calculus and linear algebra.\n\n- In this course, we will examine Reinforcement learning in action.\n- You will gain access into the best context for the application.\n- Upon completion of this module, you will be able to understand the fundamental ideas behind reinforcement learning and apply reinforcement learning approaches using publicly available resources."},"LearningAchievementSpecification":{"EQFLevel":{"InScheme":{"Id":"http://data.europa.eu/snb/eqf/25831c2","Type":"ConceptScheme"},"PrefLabel":{"En":"Level 7"},"Id":"http://data.europa.eu/snb/eqf/7","Type":"Concept"},"CreditPoint":null,"LearningOutcome":[{"Title":{"En":"L01"},"RelatedESCOSkill":[{"Notation":"Skill","InScheme":{"Id":"http://data.europa.eu/esco/concept-scheme/skills","Type":"ConceptScheme"},"PrefLabel":{"En":"use IT tools"},"Id":"http://data.europa.eu/esco/skill/f632251a-4078-4546-b19f-7ef528d08325","Type":"Concept"}],"AdditionalNote":{"NoteLiteral":{"En":"By the end of the course, you will be able to understand the fundamental ideas behind reinforcement learning."},"Id":"urn:eciu:note:8059f843-1e11-ef11-9f89-0022488b0cca","Type":"Note"},"Id":"urn:epass:learningOutcome:02c5e6a7-3537-4a22-91b4-9645d2116847-1","Type":"LearningOutcome"},{"Title":{"En":"L02"},"RelatedESCOSkill":[{"Notation":"Skill","InScheme":{"Id":"http://data.europa.eu/esco/concept-scheme/skills","Type":"ConceptScheme"},"PrefLabel":{"En":"search for information online"},"Id":"http://data.europa.eu/esco/skill/698be2d3-8768-422d-a2d3-1cb701816089","Type":"Concept"}],"AdditionalNote":{"NoteLiteral":{"En":"By the end of the course, you will be able to apply reinforcement learning approaches using publicly available resources."},"Id":"urn:eciu:note:fbb59da4-1e11-ef11-9f89-0022488b0cca","Type":"Note"},"Id":"urn:epass:learningOutcome:02c5e6a7-3537-4a22-91b4-9645d2116847-2","Type":"LearningOutcome"}],"LearningSetting":null,"Mode":null,"Title":{"En":"Reinforcement Learning"},"DcType":null,"HomePage":null,"VolumeOfLearning":"PT4H","Id":"urn:eciu:qualification:02c5e6a7-3537-4a22-91b4-9645d2116847","Type":"Qualification"},"IsPartOf":{"Mode":null,"DcType":null,"Title":{"En":"Reinforcement Learning"},"AdmissionsProcedure":null,"ApplicationDeadline":null,"Description":null,"LearningAchievementSpecification":null,"IsPartOf":null,"Temporal":null,"ProvidedBy":null,"LearningActivitySpecification":null,"BannerImage":null,"MoreInformation":[{"NoteLiteral":"CA684","Subject":{"InScheme":{"Id":"urn:eciu:note","Type":"ConceptScheme"},"PrefLabel":{"En":"EducationIdentifier"},"Id":"ed1ecd12-1a11-ef11-9f89-0022488b0cca","Type":"Concept"}}],"Id":"urn:eciu:learningOpportunity:ed1ecd12-1a11-ef11-9f89-0022488b0cca","Type":"LearningOpportunity"},"Temporal":{"EndDate":"2024-05-20T00:00:00Z","Name":{"En":"Temporal"},"StartDate":"2024-08-30T00:00:00Z"},"ProvidedBy":{"Location":null,"Logo":null,"LegalName":{"En":"DUBLIN CITY UNIVERSITY (DCU)"},"Registration":null,"Homepage":null,"Id":"urn:eciu:org:ee9c51fc-6954-ed11-bba2-6045bd886566","Type":"Organisation"},"LearningActivitySpecification":{"Mode":null,"DcType":null,"Title":{"En":""},"Description":null,"MoreInformation":[{"NoteLiteral":"- The course will become **accessible as of the 20th of May 2024**.\n- You can already register for it by **clicking this link: [https://www.futurelearn.com/invitations/dcu/reinforcement-learning/8b4h2dn5ll32y1i5rllomcg9p6l13il](https://www.futurelearn.com/invitations/dcu/reinforcement-learning/8b4h2dn5ll32y1i5rllomcg9p6l13il)**\n- On clicking the link, you will be prompted to **set up an account with the FutureLearn**, which will be your Learning Environment for this course.\n- To gain access to the course in FutureLearn, **please use your Tampere City email address** when opening the account.\n- The course is asynchronous and provides you with the opportunity to comment on course content etc. with your peers during the course.","Subject":{"InScheme":{"Id":"urn:eciu:note","Type":"ConceptScheme"},"PrefLabel":{"En":"ParticipantInformation"},"Id":"02c5e6a7-3537-4a22-91b4-9645d2116847","Type":"Concept"}}],"HasPart":null,"Id":"urn:eciu:learningActivitySpec:02c5e6a7-3537-4a22-91b4-9645d2116847","Type":"LearningActivitySpecification"},"BannerImage":null,"MoreInformation":[{"NoteLiteral":"","Subject":{"InScheme":{"Id":"urn:eciu:note","Type":"ConceptScheme"},"PrefLabel":{"En":"SourceIdentifier"},"Id":"02c5e6a7-3537-4a22-91b4-9645d2116847","Type":"Concept"}},{"NoteLiteral":"Machine Learning Approach","Subject":{"InScheme":{"Id":"urn:eciu:note","Type":"ConceptScheme"},"PrefLabel":{"En":"SubTitle"},"Id":"02c5e6a7-3537-4a22-91b4-9645d2116847","Type":"Concept"}},{"NoteLiteral":"Reinforcement learning is one of the most exciting approaches to machine learning currently available to practitioners. You will examine examples of reinforcement learning in action and gain insight into the best context for the application and recognition of this approach.","Subject":{"InScheme":{"Id":"urn:eciu:note","Type":"ConceptScheme"},"PrefLabel":{"En":"Introduction"},"Id":"02c5e6a7-3537-4a22-91b4-9645d2116847","Type":"Concept"}},{"NoteLiteral":"True","Subject":{"InScheme":{"Id":"urn:eciu:note","Type":"ConceptScheme"},"PrefLabel":{"En":"GenerateMicroCredentials"},"Id":"02c5e6a7-3537-4a22-91b4-9645d2116847","Type":"Concept"}},{"NoteLiteral":"","Subject":{"InScheme":{"Id":"urn:eciu:note","Type":"ConceptScheme"},"PrefLabel":{"En":"AdmissionProcessInformation"},"Id":"02c5e6a7-3537-4a22-91b4-9645d2116847","Type":"Concept"}},{"NoteLiteral":"True","Subject":{"InScheme":{"Id":"urn:eciu:note","Type":"ConceptScheme"},"PrefLabel":{"En":"SimplifiedAdmissionProcess"},"Id":"02c5e6a7-3537-4a22-91b4-9645d2116847","Type":"Concept"}},{"NoteLiteral":"2024-05-13","Subject":{"InScheme":{"Id":"urn:eciu:note","Type":"ConceptScheme"},"PrefLabel":{"En":"ApplicationPeriodStartDate"},"Id":"02c5e6a7-3537-4a22-91b4-9645d2116847","Type":"Concept"}},{"NoteLiteral":"30","Subject":{"InScheme":{"Id":"urn:eciu:note","Type":"ConceptScheme"},"PrefLabel":{"En":"MaximumNumberOfSeats"},"Id":"02c5e6a7-3537-4a22-91b4-9645d2116847","Type":"Concept"}},{"NoteLiteral":"False","Subject":{"InScheme":{"Id":"urn:eciu:note","Type":"ConceptScheme"},"PrefLabel":{"En":"ECIULMSENabled"},"Id":"02c5e6a7-3537-4a22-91b4-9645d2116847","Type":"Concept"}},{"NoteLiteral":"https://www.futurelearn.com/invitations/dcu/reinforcement-learning/8b4h2dn5ll32y1i5rllomcg9p6l13il","Subject":{"InScheme":{"Id":"urn:eciu:note","Type":"ConceptScheme"},"PrefLabel":{"En":"LMSUrl"},"Id":"02c5e6a7-3537-4a22-91b4-9645d2116847","Type":"Concept"}},{"NoteLiteral":"","Subject":{"InScheme":{"Id":"urn:eciu:note","Type":"ConceptScheme"},"PrefLabel":{"En":"TeamAccessDate"},"Id":"02c5e6a7-3537-4a22-91b4-9645d2116847","Type":"Concept"}},{"NoteLiteral":"false","Subject":{"InScheme":{"Id":"urn:eciu:note","Type":"ConceptScheme"},"PrefLabel":{"En":"SelfPaced"},"Id":"02c5e6a7-3537-4a22-91b4-9645d2116847","Type":"Concept"}},{"NoteLiteral":"25","Subject":{"InScheme":{"Id":"urn:eciu:note","Type":"ConceptScheme"},"PrefLabel":{"En":"Pace"},"Id":"02c5e6a7-3537-4a22-91b4-9645d2116847","Type":"Concept"}},{"NoteLiteral":"Standard","Subject":{"InScheme":{"Id":"urn:eciu:note","Type":"ConceptScheme"},"PrefLabel":{"En":"Scope"},"Id":"02c5e6a7-3537-4a22-91b4-9645d2116847","Type":"Concept"}}],"Id":"urn:eciu:learningOpportunity:02c5e6a7-3537-4a22-91b4-9645d2116847","Type":"LearningOpportunity"}