{"Mode":{"InScheme":{"Id":"http://data.europa.eu/snb/learning-assessment/25831c2","Type":"ConceptScheme"},"PrefLabel":{"En":"Online"},"Id":"http://data.europa.eu/snb/learning-assessment/920fbb3cbe","Type":"Concept"},"DcType":null,"Title":{"En":"Solutions to global sustainability challenges"},"AdmissionsProcedure":null,"ApplicationDeadline":"2024-09-22","Description":{"En":"A number of the UN\u2019s Sustainable Development Goals (SDGs) concern environmental and climate aspects. The micro-module provides students with background knowledge about the SDGs. The micro-module deals with strategies for dealing with complex global environmental and sustainability problems. Particular focus is placed on technical solutions that are explored in laboratory experiments. In the laboratory exercises, we study how anaerobic digestion can be used to purify organic waste from environmental toxins and produce useful resources such as biogas and fertilizers. Analysing solutions to complex sustainability challenges often requires interdisciplinary expertise. The chemical, biological and physical perspectives applied in the lab environment are therefore integrated with technical and social science knowledge of environmental issues. In this way, the micro-module integrates perspectives from different scientific disciplines in the analysis of complex relationships between the SDGs to identify synergies and avoid goal conflicts."},"LearningAchievementSpecification":{"EQFLevel":{"InScheme":{"Id":"http://data.europa.eu/snb/eqf/25831c2","Type":"ConceptScheme"},"PrefLabel":{"En":"Level 6"},"Id":"http://data.europa.eu/snb/eqf/6","Type":"Concept"},"CreditPoint":{"Framework":{"InScheme":{"Id":"http://data.europa.eu/snb/education-credit/25831c2","Type":"ConceptScheme"},"PrefLabel":{"En":"European Credit Transfer System"},"Id":"http://data.europa.eu/snb/education-credit/6fcec5c5af","Type":"Concept"},"Point":"5,0","Id":"urn:epass:creditPoint:431f0f5e-0847-42ad-84cb-faf126e62920","Type":"CreditPoint"},"LearningOutcome":[{"Title":{"En":"Understanding solutions to global environmental problems"},"RelatedESCOSkill":[{"Notation":"Skill","InScheme":{"Id":"http://data.europa.eu/esco/concept-scheme/skills","Type":"ConceptScheme"},"PrefLabel":{"En":"think analytically"},"Id":"http://data.europa.eu/esco/skill/4707da90-9cfc-46ca-8de0-38a0b7bfb137","Type":"Concept"}],"AdditionalNote":{"NoteLiteral":{"En":"Describe and analyse different solutions to global environmental problems in relation to ecological, economic and social dimensions of sustainable development."},"Id":"urn:eciu:note:5700d265-3d27-ef11-840b-0022488b0cca","Type":"Note"},"Id":"urn:epass:learningOutcome:431f0f5e-0847-42ad-84cb-faf126e62920-1","Type":"LearningOutcome"},{"Title":{"En":"Application of scientific perspectives"},"RelatedESCOSkill":[{"Notation":"Skill","InScheme":{"Id":"http://data.europa.eu/esco/concept-scheme/skills","Type":"ConceptScheme"},"PrefLabel":{"En":"think holistically"},"Id":"http://data.europa.eu/esco/skill/d56e2c2f-3e01-4b76-a7bb-ecb6d430172f","Type":"Concept"},{"Notation":"Skill","InScheme":{"Id":"http://data.europa.eu/esco/concept-scheme/skills","Type":"ConceptScheme"},"PrefLabel":{"En":"environmental policy"},"Id":"http://data.europa.eu/esco/skill/081d7679-5070-4777-bece-a28c49f15636","Type":"Concept"}],"AdditionalNote":{"NoteLiteral":{"En":"Describe the UNs Sustainable Development Goals and apply and compare different scientific perspectives on the complex relationships between them."},"Id":"urn:eciu:note:c15a958a-3d27-ef11-840b-0022488b0cca","Type":"Note"},"Id":"urn:epass:learningOutcome:431f0f5e-0847-42ad-84cb-faf126e62920-2","Type":"LearningOutcome"},{"Title":{"En":"Anaerobic digestion"},"RelatedESCOSkill":[{"Notation":"Skill","InScheme":{"Id":"http://data.europa.eu/esco/concept-scheme/skills","Type":"ConceptScheme"},"PrefLabel":{"En":"promote innovative infrastructure design"},"Id":"http://data.europa.eu/esco/skill/b251544f-7b92-46d5-8e14-97f59ce1c7dc","Type":"Concept"},{"Notation":"Skill","InScheme":{"Id":"http://data.europa.eu/esco/concept-scheme/skills","Type":"ConceptScheme"},"PrefLabel":{"En":"promote sustainable energy"},"Id":"http://data.europa.eu/esco/skill/1a6c7e0d-fc13-41d7-a5c0-8ca00606de89","Type":"Concept"},{"Notation":"Skill","InScheme":{"Id":"http://data.europa.eu/esco/concept-scheme/skills","Type":"ConceptScheme"},"PrefLabel":{"En":"biogas energy production"},"Id":"http://data.europa.eu/esco/skill/c65ac31c-fdaf-4e87-beca-8ed952c3aa35","Type":"Concept"}],"AdditionalNote":{"NoteLiteral":{"En":"Apply methods to analyse how anaerobic digestion can be used to manage organic waste in order to promote the sustainability goals of good health, food security, improved climate, clean energy and circular economy."},"Id":"urn:eciu:note:b381e0af-3d27-ef11-840b-0022488b0cca","Type":"Note"},"Id":"urn:epass:learningOutcome:431f0f5e-0847-42ad-84cb-faf126e62920-3","Type":"LearningOutcome"}],"LearningSetting":null,"Mode":null,"Title":{"En":"Solutions to global sustainability challenges"},"DcType":null,"HomePage":null,"VolumeOfLearning":null,"Id":"urn:eciu:qualification:431f0f5e-0847-42ad-84cb-faf126e62920","Type":"Qualification"},"IsPartOf":{"Mode":null,"DcType":null,"Title":{"En":"Solutions to global sustainability challenges"},"AdmissionsProcedure":null,"ApplicationDeadline":null,"Description":null,"LearningAchievementSpecification":null,"IsPartOf":null,"Temporal":null,"ProvidedBy":null,"LearningActivitySpecification":null,"BannerImage":null,"MoreInformation":null,"Id":"urn:eciu:learningOpportunity:044cce70-3727-ef11-840b-0022488b0cca","Type":"LearningOpportunity"},"Temporal":{"EndDate":"2024-09-30T00:00:00Z","Name":{"En":"Temporal"},"StartDate":"2024-11-08T00:00:00Z"},"ProvidedBy":{"Location":null,"Logo":null,"LegalName":{"En":"LINKOPINGS UNIVERSITET (LIU)"},"Registration":null,"Homepage":null,"Id":"urn:eciu:org:f1122d1d-6a54-ed11-bba2-6045bd886566","Type":"Organisation"},"LearningActivitySpecification":{"Mode":null,"DcType":null,"Title":{"En":""},"Description":null,"MoreInformation":[{"NoteLiteral":"The expected workload of the micro-module is around 20 hours per week. This includes not only the the scheduled activities, such as lectures, seminars and workshops, but also individual time invested in group work, self-study, seminar preparation, assignment writing etc.\n\n**Teaching and working methods**\n\nThe teaching takes place remotely and consists of lectures, laboratory sessions, workshops, seminars, group work and written assignments. The laboratory work of the course is carried out with equipment that is connected to the internet and uses laboratory methods intended to identify and analyse technical solutions to sustainability challenges. The students are also expected to conduct self-study.\n\n**Examination**\n\nThe course is examined through:\n\n- Active participation in laboratory work, grading scale: P/F\n- Active participation in seminars, grading scale: P/F\n- Group work, grading scale: P/F\n- Individual written assignment, grading scale: ECTS (A-F)\n\nThis micro-module can be combined with:\u00A0\n\n- the micro-module\u00A0**Solutions to global sustainability challenges**\n- the challenge\u00A0**Advancing Sustainable Futures: Integrating Biogas Production into Society for a Greener Transition**","Subject":{"InScheme":{"Id":"urn:eciu:note","Type":"ConceptScheme"},"PrefLabel":{"En":"ParticipantInformation"},"Id":"431f0f5e-0847-42ad-84cb-faf126e62920","Type":"Concept"}}],"HasPart":null,"Id":"urn:eciu:learningActivitySpec:431f0f5e-0847-42ad-84cb-faf126e62920","Type":"LearningActivitySpecification"},"BannerImage":null,"MoreInformation":[{"NoteLiteral":"","Subject":{"InScheme":{"Id":"urn:eciu:note","Type":"ConceptScheme"},"PrefLabel":{"En":"SourceIdentifier"},"Id":"431f0f5e-0847-42ad-84cb-faf126e62920","Type":"Concept"}},{"NoteLiteral":"understand solutions to complex sustainability challenges through an interdisciplinary perspective","Subject":{"InScheme":{"Id":"urn:eciu:note","Type":"ConceptScheme"},"PrefLabel":{"En":"SubTitle"},"Id":"431f0f5e-0847-42ad-84cb-faf126e62920","Type":"Concept"}},{"NoteLiteral":"What is anaerobic digestion and how it is connected to the UN\u00B4s Sustainable Development Goals? This micro-module will show you how technical and social sciences knowledge can be integrated into a lab environment to produce novel interdisciplinary solutions to complex sustainability challenges.","Subject":{"InScheme":{"Id":"urn:eciu:note","Type":"ConceptScheme"},"PrefLabel":{"En":"Introduction"},"Id":"431f0f5e-0847-42ad-84cb-faf126e62920","Type":"Concept"}},{"NoteLiteral":"True","Subject":{"InScheme":{"Id":"urn:eciu:note","Type":"ConceptScheme"},"PrefLabel":{"En":"GenerateMicroCredentials"},"Id":"431f0f5e-0847-42ad-84cb-faf126e62920","Type":"Concept"}},{"NoteLiteral":"**Deadline for applications**: 22 September 2024\n\n**Entry requirements**:\u00A0studying at the university level.\n\nNo previous knowledge of laboratory methods is required.\n\nAll applicants are required to submit a transcript of records during the application process.\n\nThe applicants will receive a results notification within 5 days after the deadline. If admitted, the student will receive further information regarding the next steps in process by the host university.","Subject":{"InScheme":{"Id":"urn:eciu:note","Type":"ConceptScheme"},"PrefLabel":{"En":"AdmissionProcessInformation"},"Id":"431f0f5e-0847-42ad-84cb-faf126e62920","Type":"Concept"}},{"NoteLiteral":"False","Subject":{"InScheme":{"Id":"urn:eciu:note","Type":"ConceptScheme"},"PrefLabel":{"En":"SimplifiedAdmissionProcess"},"Id":"431f0f5e-0847-42ad-84cb-faf126e62920","Type":"Concept"}},{"NoteLiteral":"2024-06-14","Subject":{"InScheme":{"Id":"urn:eciu:note","Type":"ConceptScheme"},"PrefLabel":{"En":"ApplicationPeriodStartDate"},"Id":"431f0f5e-0847-42ad-84cb-faf126e62920","Type":"Concept"}},{"NoteLiteral":"20","Subject":{"InScheme":{"Id":"urn:eciu:note","Type":"ConceptScheme"},"PrefLabel":{"En":"MaximumNumberOfSeats"},"Id":"431f0f5e-0847-42ad-84cb-faf126e62920","Type":"Concept"}},{"NoteLiteral":"False","Subject":{"InScheme":{"Id":"urn:eciu:note","Type":"ConceptScheme"},"PrefLabel":{"En":"ECIULMSENabled"},"Id":"431f0f5e-0847-42ad-84cb-faf126e62920","Type":"Concept"}},{"NoteLiteral":"","Subject":{"InScheme":{"Id":"urn:eciu:note","Type":"ConceptScheme"},"PrefLabel":{"En":"LMSUrl"},"Id":"431f0f5e-0847-42ad-84cb-faf126e62920","Type":"Concept"}},{"NoteLiteral":"","Subject":{"InScheme":{"Id":"urn:eciu:note","Type":"ConceptScheme"},"PrefLabel":{"En":"TeamAccessDate"},"Id":"431f0f5e-0847-42ad-84cb-faf126e62920","Type":"Concept"}},{"NoteLiteral":"false","Subject":{"InScheme":{"Id":"urn:eciu:note","Type":"ConceptScheme"},"PrefLabel":{"En":"SelfPaced"},"Id":"431f0f5e-0847-42ad-84cb-faf126e62920","Type":"Concept"}},{"NoteLiteral":"55","Subject":{"InScheme":{"Id":"urn:eciu:note","Type":"ConceptScheme"},"PrefLabel":{"En":"Pace"},"Id":"431f0f5e-0847-42ad-84cb-faf126e62920","Type":"Concept"}},{"NoteLiteral":"Standard","Subject":{"InScheme":{"Id":"urn:eciu:note","Type":"ConceptScheme"},"PrefLabel":{"En":"Scope"},"Id":"431f0f5e-0847-42ad-84cb-faf126e62920","Type":"Concept"}}],"Id":"urn:eciu:learningOpportunity:431f0f5e-0847-42ad-84cb-faf126e62920","Type":"LearningOpportunity"}