{"Mode":{"InScheme":{"Id":"http://data.europa.eu/snb/learning-assessment/25831c2","Type":"ConceptScheme"},"PrefLabel":{"En":"Online"},"Id":"http://data.europa.eu/snb/learning-assessment/920fbb3cbe","Type":"Concept"},"DcType":null,"Title":{"En":"Finnish 2"},"AdmissionsProcedure":null,"ApplicationDeadline":"2024-10-25","Description":{"En":"This course is a continuation course after the basic course Finnish 1. The target level of the course is A1.3, functional elementary proficiency (CEFR application by Finnish National Agency for Education). The course consists of self-study modules in Moodle. In addition to that, there are optional online meetings to practise interaction. By the end of the course the student will have tools for simple interaction using basic phrases to following topics: family, hobbies\u202Fand leisure, talking about studies, simple inquiries and announcements\u202Frelated to studying\u202F.\n\nThe prerequisite for this course is the previous course Finnish 1 or corresponding skills (CEFR level A1.2). This course is an online implementation consisting of different materials and activities. The teaching language is English.\n\nThe course material will open in Moodle on 2.9.2024, last day for submissions of tasks is 9.12.2024 and the material is available in Moodle until 6.1.2025."},"LearningAchievementSpecification":{"EQFLevel":{"InScheme":{"Id":"http://data.europa.eu/snb/eqf/25831c2","Type":"ConceptScheme"},"PrefLabel":{"En":"Level 6"},"Id":"http://data.europa.eu/snb/eqf/6","Type":"Concept"},"CreditPoint":{"Framework":{"InScheme":{"Id":"http://data.europa.eu/snb/education-credit/25831c2","Type":"ConceptScheme"},"PrefLabel":{"En":"European Credit Transfer System"},"Id":"http://data.europa.eu/snb/education-credit/6fcec5c5af","Type":"Concept"},"Point":"2,0","Id":"urn:epass:creditPoint:2e94d5dc-cd27-ef11-840b-0022487fecad","Type":"CreditPoint"},"LearningOutcome":[{"Title":{"En":"Communicating in basic everyday situations"},"RelatedESCOSkill":[{"Notation":"Skill","InScheme":{"Id":"http://data.europa.eu/esco/concept-scheme/skills","Type":"ConceptScheme"},"PrefLabel":{"En":"Finnish"},"Id":"http://data.europa.eu/esco/skill/0e3493f4-0cad-4fbc-8e02-025f169b8114","Type":"Concept"}],"AdditionalNote":{"NoteLiteral":{"En":"  The student will be able to communicate in basic everyday situations."},"Id":"urn:eciu:note:4494d5dc-cd27-ef11-840b-0022487fecad","Type":"Note"},"Id":"urn:epass:learningOutcome:2e94d5dc-cd27-ef11-840b-0022487fecad-1","Type":"LearningOutcome"},{"Title":{"En":"Writing short notes on common topics"},"RelatedESCOSkill":[{"Notation":"Skill","InScheme":{"Id":"http://data.europa.eu/esco/concept-scheme/skills","Type":"ConceptScheme"},"PrefLabel":{"En":"Finnish"},"Id":"http://data.europa.eu/esco/skill/0e3493f4-0cad-4fbc-8e02-025f169b8114","Type":"Concept"}],"AdditionalNote":{"NoteLiteral":{"En":"The student will be able to write short notes on common topics using the most basic vocabulary and basic structures."},"Id":"urn:eciu:note:fa9765e4-cd27-ef11-840b-0022487fecad","Type":"Note"},"Id":"urn:epass:learningOutcome:2e94d5dc-cd27-ef11-840b-0022487fecad-2","Type":"LearningOutcome"},{"Title":{"En":"Understanding familiar words and common phrases in simple and clear communication"},"RelatedESCOSkill":[{"Notation":"Skill","InScheme":{"Id":"http://data.europa.eu/esco/concept-scheme/skills","Type":"ConceptScheme"},"PrefLabel":{"En":"Finnish"},"Id":"http://data.europa.eu/esco/skill/0e3493f4-0cad-4fbc-8e02-025f169b8114","Type":"Concept"}],"AdditionalNote":{"NoteLiteral":{"En":"The student will understand familiar words and common phrases in very clear speech and very simple texts on the most familiar and common topics."},"Id":"urn:eciu:note:50df84e4-cd27-ef11-840b-6045bd8ffc7c","Type":"Note"},"Id":"urn:epass:learningOutcome:2e94d5dc-cd27-ef11-840b-0022487fecad-3","Type":"LearningOutcome"}],"LearningSetting":null,"Mode":null,"Title":{"En":"Finnish 2"},"DcType":null,"HomePage":null,"VolumeOfLearning":null,"Id":"urn:eciu:qualification:2e94d5dc-cd27-ef11-840b-0022487fecad","Type":"Qualification"},"IsPartOf":{"Mode":null,"DcType":null,"Title":{"En":"Finnish 2"},"AdmissionsProcedure":null,"ApplicationDeadline":null,"Description":null,"LearningAchievementSpecification":null,"IsPartOf":null,"Temporal":null,"ProvidedBy":null,"LearningActivitySpecification":null,"BannerImage":null,"MoreInformation":[{"NoteLiteral":"LANG.SUV.002","Subject":{"InScheme":{"Id":"urn:eciu:note","Type":"ConceptScheme"},"PrefLabel":{"En":"EducationIdentifier"},"Id":"5053af6e-af17-ee11-8f6d-6045bd886fac","Type":"Concept"}}],"Id":"urn:eciu:learningOpportunity:5053af6e-af17-ee11-8f6d-6045bd886fac","Type":"LearningOpportunity"},"Temporal":{"EndDate":"2024-09-02T00:00:00Z","Name":{"En":"Temporal"},"StartDate":"2024-12-09T00:00:00Z"},"ProvidedBy":{"Location":null,"Logo":null,"LegalName":{"En":"TAMPEREEN KORKEAKOULUSAATIO SR (TAU)"},"Registration":null,"Homepage":null,"Id":"urn:eciu:org:8f142831-6a54-ed11-bba2-6045bd886566","Type":"Organisation"},"LearningActivitySpecification":{"Mode":null,"DcType":null,"Title":{"En":""},"Description":null,"MoreInformation":[{"NoteLiteral":"The course is assessed based on spoken and written learning tasks. More detailed information about assessed learning tasks will be given at the start of the course. The course consists of 2 self-study modules and 5 assignments. The course is graded on a scale of Pass/Fail\n\nPlease be aware that the course is fully online and at your own pace, but there are some hard deadlines you must meet, the first being Oct 31, this information is available in Moodle as soon as you gain access.","Subject":{"InScheme":{"Id":"urn:eciu:note","Type":"ConceptScheme"},"PrefLabel":{"En":"ParticipantInformation"},"Id":"2e94d5dc-cd27-ef11-840b-0022487fecad","Type":"Concept"}}],"HasPart":null,"Id":"urn:eciu:learningActivitySpec:2e94d5dc-cd27-ef11-840b-0022487fecad","Type":"LearningActivitySpecification"},"BannerImage":null,"MoreInformation":[{"NoteLiteral":"","Subject":{"InScheme":{"Id":"urn:eciu:note","Type":"ConceptScheme"},"PrefLabel":{"En":"SourceIdentifier"},"Id":"2e94d5dc-cd27-ef11-840b-0022487fecad","Type":"Concept"}},{"NoteLiteral":"Finnish online (Autumn 24 implementation)","Subject":{"InScheme":{"Id":"urn:eciu:note","Type":"ConceptScheme"},"PrefLabel":{"En":"SubTitle"},"Id":"2e94d5dc-cd27-ef11-840b-0022487fecad","Type":"Concept"}},{"NoteLiteral":"The Tampere University Language Centre arranges this introductory course on the Finnish language. If you are planning an exchange period to Tampere University or any other university in Finland, this is the perfect course to further familiarize yourself with the basics of Finnish language and culture.","Subject":{"InScheme":{"Id":"urn:eciu:note","Type":"ConceptScheme"},"PrefLabel":{"En":"Introduction"},"Id":"2e94d5dc-cd27-ef11-840b-0022487fecad","Type":"Concept"}},{"NoteLiteral":"True","Subject":{"InScheme":{"Id":"urn:eciu:note","Type":"ConceptScheme"},"PrefLabel":{"En":"GenerateMicroCredentials"},"Id":"2e94d5dc-cd27-ef11-840b-0022487fecad","Type":"Concept"}},{"NoteLiteral":"All students who apply will be accepted to the course. After signing up to the course you will receive and activate your TUNI credentials. Once activated you will be able to access Tampere University\u0027s Moodle.","Subject":{"InScheme":{"Id":"urn:eciu:note","Type":"ConceptScheme"},"PrefLabel":{"En":"AdmissionProcessInformation"},"Id":"2e94d5dc-cd27-ef11-840b-0022487fecad","Type":"Concept"}},{"NoteLiteral":"True","Subject":{"InScheme":{"Id":"urn:eciu:note","Type":"ConceptScheme"},"PrefLabel":{"En":"SimplifiedAdmissionProcess"},"Id":"2e94d5dc-cd27-ef11-840b-0022487fecad","Type":"Concept"}},{"NoteLiteral":"2024-08-01","Subject":{"InScheme":{"Id":"urn:eciu:note","Type":"ConceptScheme"},"PrefLabel":{"En":"ApplicationPeriodStartDate"},"Id":"2e94d5dc-cd27-ef11-840b-0022487fecad","Type":"Concept"}},{"NoteLiteral":"100","Subject":{"InScheme":{"Id":"urn:eciu:note","Type":"ConceptScheme"},"PrefLabel":{"En":"MaximumNumberOfSeats"},"Id":"2e94d5dc-cd27-ef11-840b-0022487fecad","Type":"Concept"}},{"NoteLiteral":"False","Subject":{"InScheme":{"Id":"urn:eciu:note","Type":"ConceptScheme"},"PrefLabel":{"En":"ECIULMSENabled"},"Id":"2e94d5dc-cd27-ef11-840b-0022487fecad","Type":"Concept"}},{"NoteLiteral":"","Subject":{"InScheme":{"Id":"urn:eciu:note","Type":"ConceptScheme"},"PrefLabel":{"En":"LMSUrl"},"Id":"2e94d5dc-cd27-ef11-840b-0022487fecad","Type":"Concept"}},{"NoteLiteral":"","Subject":{"InScheme":{"Id":"urn:eciu:note","Type":"ConceptScheme"},"PrefLabel":{"En":"TeamAccessDate"},"Id":"2e94d5dc-cd27-ef11-840b-0022487fecad","Type":"Concept"}},{"NoteLiteral":"false","Subject":{"InScheme":{"Id":"urn:eciu:note","Type":"ConceptScheme"},"PrefLabel":{"En":"SelfPaced"},"Id":"2e94d5dc-cd27-ef11-840b-0022487fecad","Type":"Concept"}},{"NoteLiteral":"0","Subject":{"InScheme":{"Id":"urn:eciu:note","Type":"ConceptScheme"},"PrefLabel":{"En":"Pace"},"Id":"2e94d5dc-cd27-ef11-840b-0022487fecad","Type":"Concept"}},{"NoteLiteral":"Standard","Subject":{"InScheme":{"Id":"urn:eciu:note","Type":"ConceptScheme"},"PrefLabel":{"En":"Scope"},"Id":"2e94d5dc-cd27-ef11-840b-0022487fecad","Type":"Concept"}}],"Id":"urn:eciu:learningOpportunity:2e94d5dc-cd27-ef11-840b-0022487fecad","Type":"LearningOpportunity"}