{"Mode":{"InScheme":{"Id":"http://data.europa.eu/snb/learning-assessment/25831c2","Type":"ConceptScheme"},"PrefLabel":{"En":"Blended"},"Id":"http://data.europa.eu/snb/learning-assessment/e92d221e4d","Type":"Concept"},"DcType":null,"Title":{"En":"Frugal building - from design to implementation"},"AdmissionsProcedure":null,"ApplicationDeadline":"2024-04-01","Description":{"En":"The challenge aims to **set up the key points in a frugal construction project**, from design to implementation.\n\nIt\u2019s divided into **3 parts involving :**\n\n1. studying documents and attending lectures on bioclimatic design, eco-materials and energy,\n2. autonomous group work and in-depth study of a chosen topic,\n3. concrete contact with the material through on-site participation in a school building site in west of France, producing a draft of a construction project.\n\n---\n\nThe ECIU participants must sign up for the three phases of the project, and they will **work in teams** with **students from INSA Rennes**and **students from Brittany\u2019s national architecture High School (ENSAB)**.\n\n---\n\nIf you need more information, please contact the teachers :\u00A0\n\n[Cecile.Holzner-Jacques@insa-rennes.fr](mailto:Cecile.Holzner-Jacques@insa-rennes.fr)\u00A0\n\n[pascal.dupont@insa-rennes.fr](mailto:pascal.dupont@insa-rennes.fr)  \n\nThe module is supervised by a research professor of eco-design from INSA Rennes, and research professors in eco-materials, bioclimatic architecture, sustainable urban planning and home automation.\n\nOn-site, the students work with all the professionals involved in the project."},"LearningAchievementSpecification":{"EQFLevel":{"InScheme":{"Id":"http://data.europa.eu/snb/eqf/25831c2","Type":"ConceptScheme"},"PrefLabel":{"En":"Level 6"},"Id":"http://data.europa.eu/snb/eqf/6","Type":"Concept"},"CreditPoint":{"Framework":{"InScheme":{"Id":"http://data.europa.eu/snb/education-credit/25831c2","Type":"ConceptScheme"},"PrefLabel":{"En":"European Credit Transfer System"},"Id":"http://data.europa.eu/snb/education-credit/6fcec5c5af","Type":"Concept"},"Point":"3,0","Id":"urn:epass:creditPoint:626e154f-a37a-4e08-a4ee-2d28b95f469c","Type":"CreditPoint"},"LearningOutcome":[{"Title":{"En":"Organise a frugal building project"},"RelatedESCOSkill":[{"Notation":"Skill","InScheme":{"Id":"http://data.europa.eu/esco/concept-scheme/skills","Type":"ConceptScheme"},"PrefLabel":{"En":"minimise environmental impact on the surrounding area"},"Id":"http://data.europa.eu/esco/skill/44493977-83c4-49e0-88b2-28435da57cd0","Type":"Concept"},{"Notation":"Skill","InScheme":{"Id":"http://data.europa.eu/esco/concept-scheme/skills","Type":"ConceptScheme"},"PrefLabel":{"En":"follow environmentally-sustainable work practices"},"Id":"http://data.europa.eu/esco/skill/a992f345-7c06-4982-8fc9-5fab55e316af","Type":"Concept"},{"Notation":"Skill","InScheme":{"Id":"http://data.europa.eu/esco/concept-scheme/skills","Type":"ConceptScheme"},"PrefLabel":{"En":"promote responsible consumer behaviour"},"Id":"http://data.europa.eu/esco/skill/e1da04bb-4de8-4d17-af8a-75ea893fe36a","Type":"Concept"},{"Notation":"Skill","InScheme":{"Id":"http://data.europa.eu/esco/concept-scheme/skills","Type":"ConceptScheme"},"PrefLabel":{"En":"promote innovative infrastructure design"},"Id":"http://data.europa.eu/esco/skill/b251544f-7b92-46d5-8e14-97f59ce1c7dc","Type":"Concept"},{"Notation":"Skill","InScheme":{"Id":"http://data.europa.eu/esco/concept-scheme/skills","Type":"ConceptScheme"},"PrefLabel":{"En":"work within communities"},"Id":"http://data.europa.eu/esco/skill/28ca2f0b-9fb2-487a-9f10-9688e5191ec4","Type":"Concept"},{"Notation":"Skill","InScheme":{"Id":"http://data.europa.eu/esco/concept-scheme/skills","Type":"ConceptScheme"},"PrefLabel":{"En":"clean public areas"},"Id":"http://data.europa.eu/esco/skill/52eadbe6-db74-421a-a7f1-356567dc8248","Type":"Concept"},{"Notation":"Skill","InScheme":{"Id":"http://data.europa.eu/esco/concept-scheme/skills","Type":"ConceptScheme"},"PrefLabel":{"En":"assist community"},"Id":"http://data.europa.eu/esco/skill/fb26857b-1f50-4a30-889d-abb599ffece9","Type":"Concept"}],"AdditionalNote":null,"Id":"urn:epass:learningOutcome:626e154f-a37a-4e08-a4ee-2d28b95f469c-1","Type":"LearningOutcome"},{"Title":{"En":"Work in a multidisciplinary team"},"RelatedESCOSkill":[{"Notation":"Skill","InScheme":{"Id":"http://data.europa.eu/esco/concept-scheme/skills","Type":"ConceptScheme"},"PrefLabel":{"En":"work in teams"},"Id":"http://data.europa.eu/esco/skill/60c78287-22eb-4103-9c8c-28deaa460da0","Type":"Concept"},{"Notation":"Skill","InScheme":{"Id":"http://data.europa.eu/esco/concept-scheme/skills","Type":"ConceptScheme"},"PrefLabel":{"En":"demonstrate intercultural competence"},"Id":"http://data.europa.eu/esco/skill/c10d5d87-36cf-42f5-8a12-e560fb5f4af8","Type":"Concept"},{"Notation":"Skill","InScheme":{"Id":"http://data.europa.eu/esco/concept-scheme/skills","Type":"ConceptScheme"},"PrefLabel":{"En":"demonstrate enthusiasm"},"Id":"http://data.europa.eu/esco/skill/22b7d99d-252f-4572-8e3c-438ea87607eb","Type":"Concept"},{"Notation":"Skill","InScheme":{"Id":"http://data.europa.eu/esco/concept-scheme/skills","Type":"ConceptScheme"},"PrefLabel":{"En":"search for information online"},"Id":"http://data.europa.eu/esco/skill/698be2d3-8768-422d-a2d3-1cb701816089","Type":"Concept"},{"Notation":"Skill","InScheme":{"Id":"http://data.europa.eu/esco/concept-scheme/skills","Type":"ConceptScheme"},"PrefLabel":{"En":"manage personal professional development"},"Id":"http://data.europa.eu/esco/skill/a8d24a95-47b3-4f88-92e7-06600bcd3612","Type":"Concept"}],"AdditionalNote":null,"Id":"urn:epass:learningOutcome:626e154f-a37a-4e08-a4ee-2d28b95f469c-2","Type":"LearningOutcome"},{"Title":{"En":"Make the link between the idea and the action through experience on the site"},"RelatedESCOSkill":[{"Notation":"Skill","InScheme":{"Id":"http://data.europa.eu/esco/concept-scheme/skills","Type":"ConceptScheme"},"PrefLabel":{"En":"solving problems"},"Id":"http://data.europa.eu/esco/skill/S1.9","Type":"Concept"},{"Notation":"Skill","InScheme":{"Id":"http://data.europa.eu/esco/concept-scheme/skills","Type":"ConceptScheme"},"PrefLabel":{"En":"meet commitments"},"Id":"http://data.europa.eu/esco/skill/113b4428-0a31-4199-8496-070af7854b91","Type":"Concept"},{"Notation":"Skill","InScheme":{"Id":"http://data.europa.eu/esco/concept-scheme/skills","Type":"ConceptScheme"},"PrefLabel":{"En":"brainstorm ideas"},"Id":"http://data.europa.eu/esco/skill/614c627b-2ec9-4a0d-811e-de14be4362f2","Type":"Concept"}],"AdditionalNote":null,"Id":"urn:epass:learningOutcome:626e154f-a37a-4e08-a4ee-2d28b95f469c-3","Type":"LearningOutcome"}],"LearningSetting":null,"Mode":null,"Title":{"En":"Frugal building - from design to implementation"},"DcType":null,"HomePage":null,"VolumeOfLearning":null,"Id":"urn:eciu:qualification:626e154f-a37a-4e08-a4ee-2d28b95f469c","Type":"Qualification"},"IsPartOf":{"Mode":null,"DcType":null,"Title":{"En":"Frugal building - from design to implementation"},"AdmissionsProcedure":null,"ApplicationDeadline":null,"Description":null,"LearningAchievementSpecification":null,"IsPartOf":null,"Temporal":null,"ProvidedBy":null,"LearningActivitySpecification":null,"BannerImage":null,"MoreInformation":null,"Id":"urn:eciu:learningOpportunity:6465109a-8dd4-ee11-9078-6045bd886f79","Type":"LearningOpportunity"},"Temporal":{"EndDate":"2024-04-15T00:00:00Z","Name":{"En":"Temporal"},"StartDate":"2024-08-30T00:00:00Z"},"ProvidedBy":{"Location":null,"Logo":null,"LegalName":{"En":"INSTITUT NATIONAL DES SCIENCES APPLIQUEES DE TOULOUSE (INSA TOULOUSE)"},"Registration":null,"Homepage":null,"Id":"urn:eciu:org:bc4a5510-6a54-ed11-bba2-6045bd886566","Type":"Organisation"},"LearningActivitySpecification":{"Mode":null,"DcType":null,"Title":{"En":""},"Description":null,"MoreInformation":[{"NoteLiteral":"# **First phase of the project: Engage phase**\n\n**Session 1, Week 16: Kick-off**\n\nProject presentation, group building, ice-breakers\n\n**Session 2, Week 18: Methodology session**\n\nWorking in multidisciplinary and intercultural groups\n\nReflection on users and the school project: what kind of school for tomorrow?\n\n**Session 3, Week 19: thematic session**\n\nConference on bioclimatic building\n\n**Session 4, Week 20: thematic session**\n\nConference on eco-materials\n\n**Session 5, Week 21: thematic session**\n\nConference on energy\n\n#   \n\u00A0  \n**Second phase of the project: Investigate phase**\n\n**Week 22-28 :\u00A0Autonomous group work :** in-depth of a topic\n\n**Session 6, Week 34: Group presentations**of content and expectations \u0026\u00A0Preparation of the workshop\n\n#   \n**Third phase of the project: Act phase**\n\n**Week 35 - mobility from 26/08/2024 to 30/08/2024 :**  \nWorkshop at the school site in Rives-sur-Couesnon with an accommodation on site\n\n---\n\n# \u00A0\u00A0  \nTeaching and Learning Activities:\n\n##   \nFirst phase:\n\nOnline sessions, studying documents and attending lectures on bioclimatic design, eco-materials and energy, thematic group work, interdisciplinary work  \nKeeping a learning portfolio\n\n##   \n  \nSecond phase:\n\nInvestigate, autonomoust group work\n\n##   \n  \nThird phase:\n\nTaking part in the on-site workshop on a school building site.  \nKeeping a learning portfolio  \nDrafting of a programme specification booklet, with detailed arguments enabling the preparation of a draft stage of the building project, followed by the drafting of a Technical Specification.\n\n## The assessment\n\nwill be based on the writing of the most precise programmatic specifications possible, with detailed arguments enabling the preparation of a draft stage of the building project, followed by the drafting of a Technical Specification.  \nProgress and assessment will take the form of a portfolio during the workshop.","Subject":{"InScheme":{"Id":"urn:eciu:note","Type":"ConceptScheme"},"PrefLabel":{"En":"ParticipantInformation"},"Id":"626e154f-a37a-4e08-a4ee-2d28b95f469c","Type":"Concept"}}],"HasPart":null,"Id":"urn:eciu:learningActivitySpec:626e154f-a37a-4e08-a4ee-2d28b95f469c","Type":"LearningActivitySpecification"},"BannerImage":null,"MoreInformation":[{"NoteLiteral":"","Subject":{"InScheme":{"Id":"urn:eciu:note","Type":"ConceptScheme"},"PrefLabel":{"En":"SourceIdentifier"},"Id":"626e154f-a37a-4e08-a4ee-2d28b95f469c","Type":"Concept"}},{"NoteLiteral":"Would you like to take part in an eco-design project to build a school in Brittany, in the west of France?","Subject":{"InScheme":{"Id":"urn:eciu:note","Type":"ConceptScheme"},"PrefLabel":{"En":"SubTitle"},"Id":"626e154f-a37a-4e08-a4ee-2d28b95f469c","Type":"Concept"}},{"NoteLiteral":"This challenge is built on several recent experiences around Brittany (western France) sustainable building and the desire to o\uFB00er an introduction to this priority area of ecological transition in our region. \n    \nWe can offer you a concrete challenge to help you take part in a frugal construction project, from design to completion.","Subject":{"InScheme":{"Id":"urn:eciu:note","Type":"ConceptScheme"},"PrefLabel":{"En":"Introduction"},"Id":"626e154f-a37a-4e08-a4ee-2d28b95f469c","Type":"Concept"}},{"NoteLiteral":"True","Subject":{"InScheme":{"Id":"urn:eciu:note","Type":"ConceptScheme"},"PrefLabel":{"En":"GenerateMicroCredentials"},"Id":"626e154f-a37a-4e08-a4ee-2d28b95f469c","Type":"Concept"}},{"NoteLiteral":"**Who?**\n\n\u00A0Challenge aimed at undergraduate and graduate students (but possible application from researchers from all disciplines or continuous learners)\n\nfor students in the fields of construction, architecture and urban planning but also in materials, eco-design, home automation and other fields.\n\n**How?**\n\nTo apply, please upload:\n\n1. your Transcript of Records\n2. a motivation letter\n3. and a CV\n\n**Mobility**: students should contact their university\u0027s International Office to apply for mobility support.\n\n**And after applying ?**\n\nYou shall receive an e-mail to inform you if your application is approved: please check regularly your ECIU inbox (and spams!) to confirm your participation!","Subject":{"InScheme":{"Id":"urn:eciu:note","Type":"ConceptScheme"},"PrefLabel":{"En":"AdmissionProcessInformation"},"Id":"626e154f-a37a-4e08-a4ee-2d28b95f469c","Type":"Concept"}},{"NoteLiteral":"False","Subject":{"InScheme":{"Id":"urn:eciu:note","Type":"ConceptScheme"},"PrefLabel":{"En":"SimplifiedAdmissionProcess"},"Id":"626e154f-a37a-4e08-a4ee-2d28b95f469c","Type":"Concept"}},{"NoteLiteral":"2024-02-28","Subject":{"InScheme":{"Id":"urn:eciu:note","Type":"ConceptScheme"},"PrefLabel":{"En":"ApplicationPeriodStartDate"},"Id":"626e154f-a37a-4e08-a4ee-2d28b95f469c","Type":"Concept"}},{"NoteLiteral":"15","Subject":{"InScheme":{"Id":"urn:eciu:note","Type":"ConceptScheme"},"PrefLabel":{"En":"MaximumNumberOfSeats"},"Id":"626e154f-a37a-4e08-a4ee-2d28b95f469c","Type":"Concept"}},{"NoteLiteral":"False","Subject":{"InScheme":{"Id":"urn:eciu:note","Type":"ConceptScheme"},"PrefLabel":{"En":"ECIULMSENabled"},"Id":"626e154f-a37a-4e08-a4ee-2d28b95f469c","Type":"Concept"}},{"NoteLiteral":"","Subject":{"InScheme":{"Id":"urn:eciu:note","Type":"ConceptScheme"},"PrefLabel":{"En":"LMSUrl"},"Id":"626e154f-a37a-4e08-a4ee-2d28b95f469c","Type":"Concept"}},{"NoteLiteral":"","Subject":{"InScheme":{"Id":"urn:eciu:note","Type":"ConceptScheme"},"PrefLabel":{"En":"TeamAccessDate"},"Id":"626e154f-a37a-4e08-a4ee-2d28b95f469c","Type":"Concept"}},{"NoteLiteral":"false","Subject":{"InScheme":{"Id":"urn:eciu:note","Type":"ConceptScheme"},"PrefLabel":{"En":"SelfPaced"},"Id":"626e154f-a37a-4e08-a4ee-2d28b95f469c","Type":"Concept"}},{"NoteLiteral":"0","Subject":{"InScheme":{"Id":"urn:eciu:note","Type":"ConceptScheme"},"PrefLabel":{"En":"Pace"},"Id":"626e154f-a37a-4e08-a4ee-2d28b95f469c","Type":"Concept"}},{"NoteLiteral":"Standard","Subject":{"InScheme":{"Id":"urn:eciu:note","Type":"ConceptScheme"},"PrefLabel":{"En":"Scope"},"Id":"626e154f-a37a-4e08-a4ee-2d28b95f469c","Type":"Concept"}}],"Id":"urn:eciu:learningOpportunity:626e154f-a37a-4e08-a4ee-2d28b95f469c","Type":"LearningOpportunity"}