{"Mode":{"InScheme":{"Id":"http://data.europa.eu/snb/learning-assessment/25831c2","Type":"ConceptScheme"},"PrefLabel":{"En":"Online"},"Id":"http://data.europa.eu/snb/learning-assessment/920fbb3cbe","Type":"Concept"},"DcType":null,"Title":{"En":"Circular Economy\u00A0for Sustainability\u200B"},"AdmissionsProcedure":{"NoteLiteral":{"En":"Entry requirements: \n\u2022\tStudent at any of the universities of the ECIU;\n\u2022\tB2 level of English language proficiency.\nApplicants need to attach a copy of ID card / passport (document issued by the country of origin) to enrol in the KTU virtual learning environment. This does not apply to KTU students (if you are a KTU student, you may attach a blank page).\nStudents, who are admitted and accepted the offered place in the micro-module, will be informed by email on the steps to take in order to gain access to the KTU virtual learning environment. Students will receive an email from the teacher of the micro-module on the first day of the start of module.\nStudents who have dropped out from the KTU micro-module(s) in the autumn 2024 are not eligible to enrol in the KTU micro-module(s) in the spring 2025."},"Id":"urn:eciu:note:5f053e52-5542-417b-888a-ced6961f8e40","Type":"Note"},"ApplicationDeadline":"2025-02-23","Description":{"En":"During\u00A0Circular Economy for Sustainability\u00A0micro-module, participants will gain an advanced knowledge and critical understanding of the concept and principles of circular economy and sustainability. This involves a paradigm shift in business, politics, science and society in general. Participants will be also trained to characterise and specify circular economy enablers and strategies. This includes understanding the fundamental conditions required for the circular transformation of organisations and ecosystems.\n\nThe module will guide participants in to circular economy ecosystems grouped into three distinct categories based on their system interactions and flows as well as their system-level goals, with five distinct types of ecosystems, namely: material flow-based industrial and urban ecosystems, knowledge flow-based entrepreneurial and knowledge ecosystems, and economic value flow-based innovation ecosystems."},"LearningAchievementSpecification":{"EQFLevel":{"InScheme":{"Id":"http://data.europa.eu/snb/eqf/25831c2","Type":"ConceptScheme"},"PrefLabel":{"En":"Level 7"},"Id":"http://data.europa.eu/snb/eqf/7","Type":"Concept"},"CreditPoint":{"Framework":{"InScheme":{"Id":"http://data.europa.eu/snb/education-credit/25831c2","Type":"ConceptScheme"},"PrefLabel":{"En":"European Credit Transfer System"},"Id":"http://data.europa.eu/snb/education-credit/6fcec5c5af","Type":"Concept"},"Point":"2,0","Id":"urn:epass:creditPoint:5f053e52-5542-417b-888a-ced6961f8e40","Type":"CreditPoint"},"LearningOutcome":[{"Title":{"En":"Principles of the circular economy"},"RelatedESCOSkill":[{"Notation":"Skill","InScheme":{"Id":"http://data.europa.eu/esco/concept-scheme/skills","Type":"ConceptScheme"},"PrefLabel":{"En":"think holistically"},"Id":"http://data.europa.eu/esco/skill/d56e2c2f-3e01-4b76-a7bb-ecb6d430172f","Type":"Concept"}],"AdditionalNote":{"NoteLiteral":{"En":"Describe, analyse and apply principles of the circular economy in advancing business sustainability."},"Id":"urn:eciu:note:d27a412e-33bd-ef11-b8e8-6045bd928e93","Type":"Note"},"Id":"urn:epass:learningOutcome:5f053e52-5542-417b-888a-ced6961f8e40-1","Type":"LearningOutcome"},{"Title":{"En":"Enablers and strategies for the circular transformation"},"RelatedESCOSkill":[{"Notation":"Skill","InScheme":{"Id":"http://data.europa.eu/esco/concept-scheme/skills","Type":"ConceptScheme"},"PrefLabel":{"En":"identify new recycling opportunities"},"Id":"http://data.europa.eu/esco/skill/89f5fa96-ae45-4906-902c-d50ca51009c6","Type":"Concept"},{"Notation":"Skill","InScheme":{"Id":"http://data.europa.eu/esco/concept-scheme/skills","Type":"ConceptScheme"},"PrefLabel":{"En":"promote responsible consumer behaviour"},"Id":"http://data.europa.eu/esco/skill/e1da04bb-4de8-4d17-af8a-75ea893fe36a","Type":"Concept"},{"Notation":"Skill","InScheme":{"Id":"http://data.europa.eu/esco/concept-scheme/skills","Type":"ConceptScheme"},"PrefLabel":{"En":"adopt ways to reduce negative impact of consumption"},"Id":"http://data.europa.eu/esco/skill/4c3ab565-747c-4db3-8c47-79e8d6f98cf4","Type":"Concept"}],"AdditionalNote":{"NoteLiteral":{"En":"Characterize and specify enablers and strategies for the circular transformation of organizations and ecosystems."},"Id":"urn:eciu:note:3e67fea3-33bd-ef11-b8e8-6045bd928e93","Type":"Note"},"Id":"urn:epass:learningOutcome:5f053e52-5542-417b-888a-ced6961f8e40-2","Type":"LearningOutcome"},{"Title":{"En":"Complexity and multilevel of circular economy"},"RelatedESCOSkill":[{"Notation":"Skill","InScheme":{"Id":"http://data.europa.eu/esco/concept-scheme/skills","Type":"ConceptScheme"},"PrefLabel":{"En":"promote responsible consumer behaviour"},"Id":"http://data.europa.eu/esco/skill/e1da04bb-4de8-4d17-af8a-75ea893fe36a","Type":"Concept"},{"Notation":"Skill","InScheme":{"Id":"http://data.europa.eu/esco/concept-scheme/skills","Type":"ConceptScheme"},"PrefLabel":{"En":"identify new recycling opportunities"},"Id":"http://data.europa.eu/esco/skill/89f5fa96-ae45-4906-902c-d50ca51009c6","Type":"Concept"},{"Notation":"Skill","InScheme":{"Id":"http://data.europa.eu/esco/concept-scheme/skills","Type":"ConceptScheme"},"PrefLabel":{"En":"think holistically"},"Id":"http://data.europa.eu/esco/skill/d56e2c2f-3e01-4b76-a7bb-ecb6d430172f","Type":"Concept"},{"Notation":"Skill","InScheme":{"Id":"http://data.europa.eu/esco/concept-scheme/skills","Type":"ConceptScheme"},"PrefLabel":{"En":"think creatively"},"Id":"http://data.europa.eu/esco/skill/c624c6a3-b0ba-4a31-a296-0d433fe47e41","Type":"Concept"}],"AdditionalNote":{"NoteLiteral":{"En":"Address complexity and multilevel of circular economy, using strategic documents."},"Id":"urn:eciu:note:56f854de-33bd-ef11-b8e8-6045bd928e93","Type":"Note"},"Id":"urn:epass:learningOutcome:5f053e52-5542-417b-888a-ced6961f8e40-3","Type":"LearningOutcome"}],"LearningSetting":null,"Mode":null,"Title":{"En":"Circular Economy\u00A0for Sustainability\u200B"},"DcType":null,"HomePage":null,"VolumeOfLearning":null,"Id":"urn:eciu:qualification:5f053e52-5542-417b-888a-ced6961f8e40","Type":"Qualification"},"IsPartOf":{"Mode":null,"DcType":null,"Title":{"En":"Circular Economy\u00A0for Sustainability\u200B"},"AdmissionsProcedure":null,"ApplicationDeadline":null,"Description":null,"LearningAchievementSpecification":null,"IsPartOf":null,"Temporal":null,"ProvidedBy":null,"LearningActivitySpecification":null,"BannerImage":null,"MoreInformation":null,"Id":"urn:eciu:learningOpportunity:6ebe9a45-201d-ef11-840a-000d3a2a7e23","Type":"LearningOpportunity"},"Temporal":{"EndDate":"2025-03-17T00:00:00Z","Name":{"En":"Temporal"},"StartDate":"2025-04-13T00:00:00Z"},"ProvidedBy":{"Location":null,"Logo":null,"LegalName":{"En":"KAUNO TECHNOLOGIJOS UNIVERSITETAS (KTU)"},"Registration":null,"Homepage":null,"Id":"urn:eciu:org:4cc1e316-6a54-ed11-bba2-6045bd886566","Type":"Organisation"},"LearningActivitySpecification":{"Mode":null,"DcType":null,"Title":{"En":""},"Description":{"En":"[https://uais.cr.ktu.lt/ktuis/stp_report_ects.mdl_ml?p_kodas=MM00M108\u0026p_year=2024\u0026p_lang=EN\u0026p_stp_id=](https://uais.cr.ktu.lt/ktuis/stp_report_ects.mdl_ml?p_kodas=MM00M118\u0026amp;p_year=2024\u0026amp;p_lang=EN\u0026amp;p_stp_id=)"},"MoreInformation":[{"NoteLiteral":"To participate in the assessment, students must complete all activities and engage with provided study resources each week. These resources typically include multiple video lectures lasting 15-20 minutes each.\n\nThe assessment consists of two parts:\u00A0the Final test (20% of final grade) and practical Assignments 1 - 4 (60% of final grade; 4 tasks of 15% each).\n\nActive participation in Discussion forums can earn 20% of the final grade.\n\n[Syllabus of the micro-module](https://uais.cr.ktu.lt/ktuis/stp_report_ects.mdl_ml?p_kodas=MM00M108\u0026amp;p_year=2024\u0026amp;p_lang=EN\u0026amp;p_stp_id=)\n\nThe micro-module will be delivered in the KTU virtual learning environment. When a student is enrolled in KTU, s/he will be informed by email on how to gain access to the micro-module.\n\nAfter the successful completion of the micro-module:\n\n- In two weeks, a student will receive an email with the link to download the ECIU University micro-credential.\n- In mid-June 2025, a student from other university than KTU will receive an email with the KTU Transcript of Records that might be presented for recognition of learning outcomes at the home university.","Subject":{"InScheme":{"Id":"urn:eciu:note","Type":"ConceptScheme"},"PrefLabel":{"En":"ParticipantInformation"},"Id":"5f053e52-5542-417b-888a-ced6961f8e40","Type":"Concept"}}],"HasPart":null,"Id":"urn:eciu:learningActivitySpec:5f053e52-5542-417b-888a-ced6961f8e40","Type":"LearningActivitySpecification"},"BannerImage":null,"MoreInformation":[{"NoteLiteral":"MM00M108","Subject":{"InScheme":{"Id":"urn:eciu:note","Type":"ConceptScheme"},"PrefLabel":{"En":"SourceIdentifier"},"Id":"5f053e52-5542-417b-888a-ced6961f8e40","Type":"Concept"}},{"NoteLiteral":"Let\u2019s start the circular revolution","Subject":{"InScheme":{"Id":"urn:eciu:note","Type":"ConceptScheme"},"PrefLabel":{"En":"SubTitle"},"Id":"5f053e52-5542-417b-888a-ced6961f8e40","Type":"Concept"}},{"NoteLiteral":"Micromodule Circular Economy for Sustainability is a part of the module of \u201CCircular Economy Strategic Solutions\u201D, which also includes such micro-modules as Circular Value Chains and Circular Business Models. The aim of the entire course is to provide the necessary knowledge and competencies to address the strategic level challenges of enabling the circular transformation of organisations and ecosystems. Acquired competences will be used to address challenges of the circular economy at the strategic level of organisations, based on new scientific knowledge, an interdisciplinary approach between different business functions, and systems thinking.\n\nThe aim of this micro-module is to provide students with the knowledge and competencies needed to fully contribute to the advancement of sustainability by developing a critical understanding of the circular transformation of organizations and ecosystems.\nThe knowledge and competencies gained in this micro-module will serve as a successful basis for the further micro-modules of this module, i.e. Circular Value Chains and Circular Business Models.","Subject":{"InScheme":{"Id":"urn:eciu:note","Type":"ConceptScheme"},"PrefLabel":{"En":"Introduction"},"Id":"5f053e52-5542-417b-888a-ced6961f8e40","Type":"Concept"}},{"NoteLiteral":"True","Subject":{"InScheme":{"Id":"urn:eciu:note","Type":"ConceptScheme"},"PrefLabel":{"En":"GenerateMicroCredentials"},"Id":"5f053e52-5542-417b-888a-ced6961f8e40","Type":"Concept"}},{"NoteLiteral":"Entry requirements:\n\n- Student at any of the universities of the ECIU;\n- Basics of sustainability,\n- Basics of management.\n- B2 level of English language proficiency.\n\nApplicants need to attach a copy of ID card / passport (document issued by the country of origin) to enrol in the KTU virtual learning environment. This does not apply to KTU students (if you are a KTU student, you may attach a blank page).\n\nStudents, who are admitted and accepted the offered place in the micro-module, will be informed by email on the steps to take in order to gain access to the KTU virtual learning environment. Students will receive an email from the teacher of the micro-module on the first day of the start of module.  \n\nStudents who have dropped out from the KTU micro-module(s) in the autumn 2024 are not eligible to enrol in the KTU micro-module(s) in the spring 2025.","Subject":{"InScheme":{"Id":"urn:eciu:note","Type":"ConceptScheme"},"PrefLabel":{"En":"AdmissionProcessInformation"},"Id":"5f053e52-5542-417b-888a-ced6961f8e40","Type":"Concept"}},{"NoteLiteral":"False","Subject":{"InScheme":{"Id":"urn:eciu:note","Type":"ConceptScheme"},"PrefLabel":{"En":"SimplifiedAdmissionProcess"},"Id":"5f053e52-5542-417b-888a-ced6961f8e40","Type":"Concept"}},{"NoteLiteral":"2024-12-23","Subject":{"InScheme":{"Id":"urn:eciu:note","Type":"ConceptScheme"},"PrefLabel":{"En":"ApplicationPeriodStartDate"},"Id":"5f053e52-5542-417b-888a-ced6961f8e40","Type":"Concept"}},{"NoteLiteral":"30","Subject":{"InScheme":{"Id":"urn:eciu:note","Type":"ConceptScheme"},"PrefLabel":{"En":"MaximumNumberOfSeats"},"Id":"5f053e52-5542-417b-888a-ced6961f8e40","Type":"Concept"}},{"NoteLiteral":"False","Subject":{"InScheme":{"Id":"urn:eciu:note","Type":"ConceptScheme"},"PrefLabel":{"En":"ECIULMSENabled"},"Id":"5f053e52-5542-417b-888a-ced6961f8e40","Type":"Concept"}},{"NoteLiteral":"","Subject":{"InScheme":{"Id":"urn:eciu:note","Type":"ConceptScheme"},"PrefLabel":{"En":"LMSUrl"},"Id":"5f053e52-5542-417b-888a-ced6961f8e40","Type":"Concept"}},{"NoteLiteral":"","Subject":{"InScheme":{"Id":"urn:eciu:note","Type":"ConceptScheme"},"PrefLabel":{"En":"TeamAccessDate"},"Id":"5f053e52-5542-417b-888a-ced6961f8e40","Type":"Concept"}},{"NoteLiteral":"false","Subject":{"InScheme":{"Id":"urn:eciu:note","Type":"ConceptScheme"},"PrefLabel":{"En":"SelfPaced"},"Id":"5f053e52-5542-417b-888a-ced6961f8e40","Type":"Concept"}},{"NoteLiteral":"20","Subject":{"InScheme":{"Id":"urn:eciu:note","Type":"ConceptScheme"},"PrefLabel":{"En":"Pace"},"Id":"5f053e52-5542-417b-888a-ced6961f8e40","Type":"Concept"}},{"NoteLiteral":"Standard","Subject":{"InScheme":{"Id":"urn:eciu:note","Type":"ConceptScheme"},"PrefLabel":{"En":"Scope"},"Id":"5f053e52-5542-417b-888a-ced6961f8e40","Type":"Concept"}}],"Id":"urn:eciu:learningOpportunity:5f053e52-5542-417b-888a-ced6961f8e40","Type":"LearningOpportunity"}