{"Mode":{"InScheme":{"Id":"http://data.europa.eu/snb/learning-assessment/25831c2","Type":"ConceptScheme"},"PrefLabel":{"En":"Online"},"Id":"http://data.europa.eu/snb/learning-assessment/920fbb3cbe","Type":"Concept"},"DcType":null,"Title":{"En":"Introduction to Speech-to-Text Interpreting"},"AdmissionsProcedure":null,"ApplicationDeadline":"2025-05-31","Description":{"En":"This module introduces the student to speech-to-text interpreting, also known as print interpreting. The student will learn about what STT interpreting is, what are the requirements for working as an STT interpreter and what the work can be like in practice. The student will independently practice the 10 finger typing method and try interpreting a couple of short videos."},"LearningAchievementSpecification":{"EQFLevel":{"InScheme":{"Id":"http://data.europa.eu/snb/eqf/25831c2","Type":"ConceptScheme"},"PrefLabel":{"En":"Level 7"},"Id":"http://data.europa.eu/snb/eqf/7","Type":"Concept"},"CreditPoint":{"Framework":{"InScheme":{"Id":"http://data.europa.eu/snb/education-credit/25831c2","Type":"ConceptScheme"},"PrefLabel":{"En":"European Credit Transfer System"},"Id":"http://data.europa.eu/snb/education-credit/6fcec5c5af","Type":"Concept"},"Point":"1,0","Id":"urn:epass:creditPoint:5d054944-99d1-ef11-a72e-7c1e52510959","Type":"CreditPoint"},"LearningOutcome":[{"Title":{"En":"Typing skills and rate"},"RelatedESCOSkill":[{"Notation":"Skill","InScheme":{"Id":"http://data.europa.eu/esco/concept-scheme/skills","Type":"ConceptScheme"},"PrefLabel":{"En":"type texts from audio sources"},"Id":"http://data.europa.eu/esco/skill/260ddfe0-637b-4ce8-8007-9601645e2dc8","Type":"Concept"}],"AdditionalNote":{"NoteLiteral":{"En":"The student will have improved their typing skills, know their estimated typing rate, and have tried out what it could be like to speech-to-text interpret something in real time."},"Id":"urn:eciu:note:96133d44-99d1-ef11-a72e-000d3a27c579","Type":"Note"},"Id":"urn:epass:learningOutcome:5d054944-99d1-ef11-a72e-7c1e52510959-1","Type":"LearningOutcome"},{"Title":{"En":"Basics of speech-to-text interpreting"},"RelatedESCOSkill":[{"Notation":"Skill","InScheme":{"Id":"http://data.europa.eu/esco/concept-scheme/skills","Type":"ConceptScheme"},"PrefLabel":{"En":"Transcription methods"},"Id":"http://data.europa.eu/esco/skill/73aeff8a-28d9-46ca-9920-a9f37ce074fe","Type":"Concept"}],"AdditionalNote":{"NoteLiteral":{"En":"The student will know what speech-to-text interpreting is and how one can get qualified to work as an STT interpreter in Finland."},"Id":"urn:eciu:note:ce080144-99d1-ef11-a72e-000d3a2e6935","Type":"Note"},"Id":"urn:epass:learningOutcome:5d054944-99d1-ef11-a72e-7c1e52510959-2","Type":"LearningOutcome"},{"Title":{"En":"Reflecting ones experiences"},"RelatedESCOSkill":[{"Notation":"Skill","InScheme":{"Id":"http://data.europa.eu/esco/concept-scheme/skills","Type":"ConceptScheme"},"PrefLabel":{"En":"exercise self-reflection"},"Id":"http://data.europa.eu/esco/skill/409a0245-0e6c-4aac-ba16-0920ecb76a8d","Type":"Concept"}],"AdditionalNote":{"NoteLiteral":{"En":"The student can also reflect on their own experiences in regard to STT interpreting."},"Id":"urn:eciu:note:cde06d4b-99d1-ef11-a72e-7c1e52510959","Type":"Note"},"Id":"urn:epass:learningOutcome:5d054944-99d1-ef11-a72e-7c1e52510959-3","Type":"LearningOutcome"}],"LearningSetting":null,"Mode":null,"Title":{"En":"Introduction to Speech-to-Text Interpreting"},"DcType":null,"HomePage":null,"VolumeOfLearning":null,"Id":"urn:eciu:qualification:5d054944-99d1-ef11-a72e-7c1e52510959","Type":"Qualification"},"IsPartOf":{"Mode":null,"DcType":null,"Title":{"En":"Introduction to Speech-to-Text Interpreting"},"AdmissionsProcedure":null,"ApplicationDeadline":null,"Description":null,"LearningAchievementSpecification":null,"IsPartOf":null,"Temporal":null,"ProvidedBy":null,"LearningActivitySpecification":null,"BannerImage":null,"MoreInformation":[{"NoteLiteral":"ACC.290","Subject":{"InScheme":{"Id":"urn:eciu:note","Type":"ConceptScheme"},"PrefLabel":{"En":"EducationIdentifier"},"Id":"732c8abf-6715-ee11-8f6d-6045bd886f79","Type":"Concept"}}],"Id":"urn:eciu:learningOpportunity:732c8abf-6715-ee11-8f6d-6045bd886f79","Type":"LearningOpportunity"},"Temporal":{"EndDate":"2025-01-21T00:00:00Z","Name":{"En":"Temporal"},"StartDate":"2025-07-31T00:00:00Z"},"ProvidedBy":{"Location":null,"Logo":null,"LegalName":{"En":"TAMPEREEN KORKEAKOULUSAATIO SR (TAU)"},"Registration":null,"Homepage":null,"Id":"urn:eciu:org:8f142831-6a54-ed11-bba2-6045bd886566","Type":"Organisation"},"LearningActivitySpecification":{"Mode":null,"DcType":null,"Title":{"En":""},"Description":null,"MoreInformation":[{"NoteLiteral":"This is a nonstoop MOOC (Massive Open Online course). This means the course is fully online and you can take it at your own pace according to your own schedule.  \n  \nThis MOOC is offered by Tampere University on the DigiCampus platform. Once you have your TUNI credentials, log in to DigiCampus by using the choice \u0022Login with HAKA Account\u0022, select \u0022Tampere Universities\u0022and use your tuni.fi account. In DigiCampus, head over the the course \u0022Methods and technologies for accessibility and their evaluation\u0022.\u00A0The enrolment key is \u002220methods21\u0022. From this module, select the course you applied for.  \n  \nLink to DigiCampus: digicampus.fi/?lang=en  \nDirect link to the course: digicampus.fi/course/view.php?id=1193","Subject":{"InScheme":{"Id":"urn:eciu:note","Type":"ConceptScheme"},"PrefLabel":{"En":"ParticipantInformation"},"Id":"5d054944-99d1-ef11-a72e-7c1e52510959","Type":"Concept"}}],"HasPart":null,"Id":"urn:eciu:learningActivitySpec:5d054944-99d1-ef11-a72e-7c1e52510959","Type":"LearningActivitySpecification"},"BannerImage":null,"MoreInformation":[{"NoteLiteral":"","Subject":{"InScheme":{"Id":"urn:eciu:note","Type":"ConceptScheme"},"PrefLabel":{"En":"SourceIdentifier"},"Id":"5d054944-99d1-ef11-a72e-7c1e52510959","Type":"Concept"}},{"NoteLiteral":"Nonstop MOOC on methods and technologies for accessibility,","Subject":{"InScheme":{"Id":"urn:eciu:note","Type":"ConceptScheme"},"PrefLabel":{"En":"SubTitle"},"Id":"5d054944-99d1-ef11-a72e-7c1e52510959","Type":"Concept"}},{"NoteLiteral":"This course is part of the larger module \u0022Methods and technologies for accessibility and their evaluation\u0022 which consists of over 25 modules (1 ECT each). If you want to become an expert at creating digitally accessible services, make sure to check them out.","Subject":{"InScheme":{"Id":"urn:eciu:note","Type":"ConceptScheme"},"PrefLabel":{"En":"Introduction"},"Id":"5d054944-99d1-ef11-a72e-7c1e52510959","Type":"Concept"}},{"NoteLiteral":"True","Subject":{"InScheme":{"Id":"urn:eciu:note","Type":"ConceptScheme"},"PrefLabel":{"En":"GenerateMicroCredentials"},"Id":"5d054944-99d1-ef11-a72e-7c1e52510959","Type":"Concept"}},{"NoteLiteral":"This micromodule is open to all ECIU students and there is no specific admissions process, rather all interested students will have the change to take the course.\u00A0However, the course is mainly targeted to master\u0027s level students. Notice that the course is self-paced and you need to reserve time in your timetable for finishing it.","Subject":{"InScheme":{"Id":"urn:eciu:note","Type":"ConceptScheme"},"PrefLabel":{"En":"AdmissionProcessInformation"},"Id":"5d054944-99d1-ef11-a72e-7c1e52510959","Type":"Concept"}},{"NoteLiteral":"True","Subject":{"InScheme":{"Id":"urn:eciu:note","Type":"ConceptScheme"},"PrefLabel":{"En":"SimplifiedAdmissionProcess"},"Id":"5d054944-99d1-ef11-a72e-7c1e52510959","Type":"Concept"}},{"NoteLiteral":"2025-01-21","Subject":{"InScheme":{"Id":"urn:eciu:note","Type":"ConceptScheme"},"PrefLabel":{"En":"ApplicationPeriodStartDate"},"Id":"5d054944-99d1-ef11-a72e-7c1e52510959","Type":"Concept"}},{"NoteLiteral":"100","Subject":{"InScheme":{"Id":"urn:eciu:note","Type":"ConceptScheme"},"PrefLabel":{"En":"MaximumNumberOfSeats"},"Id":"5d054944-99d1-ef11-a72e-7c1e52510959","Type":"Concept"}},{"NoteLiteral":"False","Subject":{"InScheme":{"Id":"urn:eciu:note","Type":"ConceptScheme"},"PrefLabel":{"En":"ECIULMSENabled"},"Id":"5d054944-99d1-ef11-a72e-7c1e52510959","Type":"Concept"}},{"NoteLiteral":"","Subject":{"InScheme":{"Id":"urn:eciu:note","Type":"ConceptScheme"},"PrefLabel":{"En":"LMSUrl"},"Id":"5d054944-99d1-ef11-a72e-7c1e52510959","Type":"Concept"}},{"NoteLiteral":"","Subject":{"InScheme":{"Id":"urn:eciu:note","Type":"ConceptScheme"},"PrefLabel":{"En":"TeamAccessDate"},"Id":"5d054944-99d1-ef11-a72e-7c1e52510959","Type":"Concept"}},{"NoteLiteral":"false","Subject":{"InScheme":{"Id":"urn:eciu:note","Type":"ConceptScheme"},"PrefLabel":{"En":"SelfPaced"},"Id":"5d054944-99d1-ef11-a72e-7c1e52510959","Type":"Concept"}},{"NoteLiteral":"10","Subject":{"InScheme":{"Id":"urn:eciu:note","Type":"ConceptScheme"},"PrefLabel":{"En":"Pace"},"Id":"5d054944-99d1-ef11-a72e-7c1e52510959","Type":"Concept"}},{"NoteLiteral":"Standard","Subject":{"InScheme":{"Id":"urn:eciu:note","Type":"ConceptScheme"},"PrefLabel":{"En":"Scope"},"Id":"5d054944-99d1-ef11-a72e-7c1e52510959","Type":"Concept"}}],"Id":"urn:eciu:learningOpportunity:5d054944-99d1-ef11-a72e-7c1e52510959","Type":"LearningOpportunity"}