{"Mode":{"InScheme":{"Id":"http://data.europa.eu/snb/learning-assessment/25831c2","Type":"ConceptScheme"},"PrefLabel":{"En":"Online"},"Id":"http://data.europa.eu/snb/learning-assessment/920fbb3cbe","Type":"Concept"},"DcType":null,"Title":{"En":"Laser Principles and Applications"},"AdmissionsProcedure":{"NoteLiteral":{"En":"Applicants need to attach a copy of ID card/passport (document issued by the country of origin) to enrol for the KTU virtual learning environment. This does not apply to KTU students (if you are a KTU student, you may attach a blank page). \n\nB2 level of English language proficiency is required."},"Id":"urn:eciu:note:faae3e89-60b4-4cbe-8b77-a359ec6aef2b","Type":"Note"},"ApplicationDeadline":"2024-10-01","Description":{"En":"The first working laser was demonstrated in 1960, and afterward, the development of intense light sources has evolved rapidly opening a variety of possibilities for applications starting from the laser scanners in shops or laser printers in offices and ending with extremely intense and short duration (down to attoseconds, 10-18s) pulsed light sources for groundbreaking research. The importance of the laser-related research field was acknowledged by several Nobel prizes in Physics given for the development of the laser itself and more recently for advances in pulsed laser development via chirped pulse amplification method and laser applications like manipulation of micro-objects. This micro-module is devoted to attendees interested in emerging technologies in photonics and does not require more than basic knowledge of physics. In this micro-module, you will learn the principles of laser operation and will find out the variety of application possibilities of ultrafast laser sources in scientific research as well as in commercial products. You\u2019ll be able to explain why ultra-short laser pulses are necessary for creating high-tech products."},"LearningAchievementSpecification":{"EQFLevel":{"InScheme":{"Id":"http://data.europa.eu/snb/eqf/25831c2","Type":"ConceptScheme"},"PrefLabel":{"En":"Level 7"},"Id":"http://data.europa.eu/snb/eqf/7","Type":"Concept"},"CreditPoint":{"Framework":{"InScheme":{"Id":"http://data.europa.eu/snb/education-credit/25831c2","Type":"ConceptScheme"},"PrefLabel":{"En":"European Credit Transfer System"},"Id":"http://data.europa.eu/snb/education-credit/6fcec5c5af","Type":"Concept"},"Point":"2,0","Id":"urn:epass:creditPoint:faae3e89-60b4-4cbe-8b77-a359ec6aef2b","Type":"CreditPoint"},"LearningOutcome":[{"Title":{"En":"Describe the application limits of the theories explaining the nature of light"},"RelatedESCOSkill":[{"Notation":"Skill","InScheme":{"Id":"http://data.europa.eu/esco/concept-scheme/skills","Type":"ConceptScheme"},"PrefLabel":{"En":"demonstrate willingness to learn"},"Id":"http://data.europa.eu/esco/skill/A1.8.0","Type":"Concept"}],"AdditionalNote":{"NoteLiteral":{"En":"Students will be able to differentiate which effects related to light interaction with the material can be described using ray, wave, electromagnetic or quantum theories.  "},"Id":"urn:eciu:note:7827ed4b-8244-ef11-a316-000d3a44e78d","Type":"Note"},"Id":"urn:epass:learningOutcome:faae3e89-60b4-4cbe-8b77-a359ec6aef2b-1","Type":"LearningOutcome"},{"Title":{"En":"Interpret working principles of continuous wave and pulsed lasers"},"RelatedESCOSkill":[{"Notation":"Skill","InScheme":{"Id":"http://data.europa.eu/esco/concept-scheme/skills","Type":"ConceptScheme"},"PrefLabel":{"En":"think innovately"},"Id":"http://data.europa.eu/esco/skill/c2a0c52c-0b4b-4180-a918-92650ea3b458","Type":"Concept"}],"AdditionalNote":{"NoteLiteral":{"En":"The selection of laser working parameters is crucial to apply these devices for different applications. Students will be able to select between different lasers available in the market taking in mind the field of application."},"Id":"urn:eciu:note:bbb70670-8244-ef11-a316-000d3a44e78d","Type":"Note"},"Id":"urn:epass:learningOutcome:faae3e89-60b4-4cbe-8b77-a359ec6aef2b-2","Type":"LearningOutcome"},{"Title":{"En":"Describe the nonlinear and ultrafast phenomena"},"RelatedESCOSkill":[{"Notation":"Skill","InScheme":{"Id":"http://data.europa.eu/esco/concept-scheme/skills","Type":"ConceptScheme"},"PrefLabel":{"En":"demonstrate willingness to learn"},"Id":"http://data.europa.eu/esco/skill/A1.8.0","Type":"Concept"}],"AdditionalNote":{"NoteLiteral":{"En":"Students will be able to discern nonlinear processes taking place in material during the interaction with the laser radiation."},"Id":"urn:eciu:note:9aea5991-8244-ef11-a316-000d3a44e78d","Type":"Note"},"Id":"urn:epass:learningOutcome:faae3e89-60b4-4cbe-8b77-a359ec6aef2b-3","Type":"LearningOutcome"},{"Title":{"En":"Choose laser processing parameters for micro-/nano- processing of material surfaces and in the bulk"},"RelatedESCOSkill":[{"Notation":"Skill","InScheme":{"Id":"http://data.europa.eu/esco/concept-scheme/skills","Type":"ConceptScheme"},"PrefLabel":{"En":"solve problems"},"Id":"http://data.europa.eu/esco/skill/adc6dc11-3376-467b-96c5-9b0a21edc869","Type":"Concept"},{"Notation":"Skill","InScheme":{"Id":"http://data.europa.eu/esco/concept-scheme/skills","Type":"ConceptScheme"},"PrefLabel":{"En":"think creatively"},"Id":"http://data.europa.eu/esco/skill/c624c6a3-b0ba-4a31-a296-0d433fe47e41","Type":"Concept"}],"AdditionalNote":{"NoteLiteral":{"En":"Students will be able to choose the laser processing parameters in case of subtractive or additive manufacturing. "},"Id":"urn:eciu:note:38e3c6b5-8244-ef11-a316-000d3a44e78d","Type":"Note"},"Id":"urn:epass:learningOutcome:faae3e89-60b4-4cbe-8b77-a359ec6aef2b-4","Type":"LearningOutcome"}],"LearningSetting":null,"Mode":null,"Title":{"En":"Laser Principles and Applications"},"DcType":null,"HomePage":null,"VolumeOfLearning":null,"Id":"urn:eciu:qualification:faae3e89-60b4-4cbe-8b77-a359ec6aef2b","Type":"Qualification"},"IsPartOf":{"Mode":null,"DcType":null,"Title":{"En":"Laser Principles and Applications"},"AdmissionsProcedure":null,"ApplicationDeadline":null,"Description":null,"LearningAchievementSpecification":null,"IsPartOf":null,"Temporal":null,"ProvidedBy":null,"LearningActivitySpecification":null,"BannerImage":null,"MoreInformation":null,"Id":"urn:eciu:learningOpportunity:fe881bb9-211d-ef11-840a-000d3a2a7e23","Type":"LearningOpportunity"},"Temporal":{"EndDate":"2024-10-15T00:00:00Z","Name":{"En":"Temporal"},"StartDate":"2024-11-26T00:00:00Z"},"ProvidedBy":{"Location":null,"Logo":null,"LegalName":{"En":"KAUNO TECHNOLOGIJOS UNIVERSITETAS (KTU)"},"Registration":null,"Homepage":null,"Id":"urn:eciu:org:4cc1e316-6a54-ed11-bba2-6045bd886566","Type":"Organisation"},"LearningActivitySpecification":{"Mode":null,"DcType":null,"Title":{"En":""},"Description":{"En":"[https://uais.cr.ktu.lt/ktuis/stp\\_report\\_ects.mdl\\_ml?p\\_kodas=MM00M127\u0026p\\_year=2024\u0026p\\_lang=EN\u0026p\\_stp\\_id=](https://uais.cr.ktu.lt/ktuis/stp_report_ects.mdl_ml?p_kodas=MM00M127\u0026amp;p_year=2024\u0026amp;p_lang=EN\u0026amp;p_stp_id=)"},"MoreInformation":[{"NoteLiteral":"Learners will take part in the following activities:\u00A0 video lectures, readings, tests, practical tasks, discussions, online assessments.\u00A0\n\nEach week students will find a video lecture, teaching material and practical tasks and self-evaluation quizzes. After finishing the task of the week, the further learning material will become available.\u00A0\n\nThe material needed for the studying is provided in the course page.\u00A0\n\nEvaluation will be based on continuous assessment of problem-solving tasks, self- and peer-evaluation, mid-term and final assessment marks.\u00A0\n\n[Syllabus of the micro-module](https://uais.cr.ktu.lt/ktuis/stp_report_ects.mdl_ml?p_kodas=MM00M127\u0026amp;p_year=2024\u0026amp;p_lang=EN\u0026amp;p_stp_id=)","Subject":{"InScheme":{"Id":"urn:eciu:note","Type":"ConceptScheme"},"PrefLabel":{"En":"ParticipantInformation"},"Id":"faae3e89-60b4-4cbe-8b77-a359ec6aef2b","Type":"Concept"}}],"HasPart":null,"Id":"urn:eciu:learningActivitySpec:faae3e89-60b4-4cbe-8b77-a359ec6aef2b","Type":"LearningActivitySpecification"},"BannerImage":null,"MoreInformation":[{"NoteLiteral":"","Subject":{"InScheme":{"Id":"urn:eciu:note","Type":"ConceptScheme"},"PrefLabel":{"En":"SourceIdentifier"},"Id":"faae3e89-60b4-4cbe-8b77-a359ec6aef2b","Type":"Concept"}},{"NoteLiteral":"Ignite the laser emission and light up the pathways for its emerging applications","Subject":{"InScheme":{"Id":"urn:eciu:note","Type":"ConceptScheme"},"PrefLabel":{"En":"SubTitle"},"Id":"faae3e89-60b4-4cbe-8b77-a359ec6aef2b","Type":"Concept"}},{"NoteLiteral":"Lithuania is known as a country with a strong background in laser physics. Currently, Lithuania accounts for more than half of the global market of pico-second laser spectrometers. The recent progress in pulsed lasers unleashed innovative fabrication and characterization technologies which helped to establish related new product markets. The expansion of laser utilization in consumer electronics production and even biomedicine demands an understanding of the basic laser operation principles. This micro-module aims to explain the advantages of pulsed lasers, peripheral products, and related new technologies.","Subject":{"InScheme":{"Id":"urn:eciu:note","Type":"ConceptScheme"},"PrefLabel":{"En":"Introduction"},"Id":"faae3e89-60b4-4cbe-8b77-a359ec6aef2b","Type":"Concept"}},{"NoteLiteral":"True","Subject":{"InScheme":{"Id":"urn:eciu:note","Type":"ConceptScheme"},"PrefLabel":{"En":"GenerateMicroCredentials"},"Id":"faae3e89-60b4-4cbe-8b77-a359ec6aef2b","Type":"Concept"}},{"NoteLiteral":"Applicants need to attach a copy of ID card/passport (document issued by the country of origin) to enrol for the KTU virtual learning environment. This does not apply to KTU students (if you are a KTU student, you may attach a blank page).\u00A0\n\nB2 level of English language proficiency is required.","Subject":{"InScheme":{"Id":"urn:eciu:note","Type":"ConceptScheme"},"PrefLabel":{"En":"AdmissionProcessInformation"},"Id":"faae3e89-60b4-4cbe-8b77-a359ec6aef2b","Type":"Concept"}},{"NoteLiteral":"False","Subject":{"InScheme":{"Id":"urn:eciu:note","Type":"ConceptScheme"},"PrefLabel":{"En":"SimplifiedAdmissionProcess"},"Id":"faae3e89-60b4-4cbe-8b77-a359ec6aef2b","Type":"Concept"}},{"NoteLiteral":"2024-07-18","Subject":{"InScheme":{"Id":"urn:eciu:note","Type":"ConceptScheme"},"PrefLabel":{"En":"ApplicationPeriodStartDate"},"Id":"faae3e89-60b4-4cbe-8b77-a359ec6aef2b","Type":"Concept"}},{"NoteLiteral":"10","Subject":{"InScheme":{"Id":"urn:eciu:note","Type":"ConceptScheme"},"PrefLabel":{"En":"MaximumNumberOfSeats"},"Id":"faae3e89-60b4-4cbe-8b77-a359ec6aef2b","Type":"Concept"}},{"NoteLiteral":"False","Subject":{"InScheme":{"Id":"urn:eciu:note","Type":"ConceptScheme"},"PrefLabel":{"En":"ECIULMSENabled"},"Id":"faae3e89-60b4-4cbe-8b77-a359ec6aef2b","Type":"Concept"}},{"NoteLiteral":"","Subject":{"InScheme":{"Id":"urn:eciu:note","Type":"ConceptScheme"},"PrefLabel":{"En":"LMSUrl"},"Id":"faae3e89-60b4-4cbe-8b77-a359ec6aef2b","Type":"Concept"}},{"NoteLiteral":"","Subject":{"InScheme":{"Id":"urn:eciu:note","Type":"ConceptScheme"},"PrefLabel":{"En":"TeamAccessDate"},"Id":"faae3e89-60b4-4cbe-8b77-a359ec6aef2b","Type":"Concept"}},{"NoteLiteral":"false","Subject":{"InScheme":{"Id":"urn:eciu:note","Type":"ConceptScheme"},"PrefLabel":{"En":"SelfPaced"},"Id":"faae3e89-60b4-4cbe-8b77-a359ec6aef2b","Type":"Concept"}},{"NoteLiteral":"0","Subject":{"InScheme":{"Id":"urn:eciu:note","Type":"ConceptScheme"},"PrefLabel":{"En":"Pace"},"Id":"faae3e89-60b4-4cbe-8b77-a359ec6aef2b","Type":"Concept"}},{"NoteLiteral":"Standard","Subject":{"InScheme":{"Id":"urn:eciu:note","Type":"ConceptScheme"},"PrefLabel":{"En":"Scope"},"Id":"faae3e89-60b4-4cbe-8b77-a359ec6aef2b","Type":"Concept"}}],"Id":"urn:eciu:learningOpportunity:faae3e89-60b4-4cbe-8b77-a359ec6aef2b","Type":"LearningOpportunity"}