{"Mode":{"InScheme":{"Id":"http://data.europa.eu/snb/learning-assessment/25831c2","Type":"ConceptScheme"},"PrefLabel":{"En":"Blended"},"Id":"http://data.europa.eu/snb/learning-assessment/e92d221e4d","Type":"Concept"},"DcType":null,"Title":{"En":"Critical Cultural Awareness in Migration societies"},"AdmissionsProcedure":{"NoteLiteral":{"En":"For whom?\nThis module is on a Master\u2019s level. Admission requirements are Bachelor in Early Childhood studies or other relevant education at Bachelor level. Documentation needs to be provided in the application.\n\nContact persons: Gunnar Magnus Eidsv\u00E5g gunnar.m.eidsvag@uis.no (academic) and Olav Kylland olav.kylland@uis.no (administrative)\n\nAdmission requirements\nYou must upload an official English copy of your transcript of records.\nYou must upload a short motivation letter (no more than one A4 page)\nYou must fill inn all the fields in the Personal Information registration form (see section \u0022The application process\u0022. This information is required to complete the admission process at University of Stavanger.\n\nAdmission process\nWe process applications toward the end of the application period. If your application is accepted, you will receive an offer sent to your ECIU email address. Please remember to check your ECIU email and spam folder regularly, and note that you have 7 days to accept the offer."},"Id":"urn:eciu:note:0d939678-b154-4877-a491-8d328c432f0d","Type":"Note"},"ApplicationDeadline":"2025-01-31","Description":{"En":"This study module aims at enhancing cultural awareness as a key skill in Early Childhood setting.\n\nGlobalization has the last decades turned national and local communities into migrant societies. ECEC is an institution in which children, guardians, parents, and staff from various backgrounds and with multiple belongings meet. This gives ECEC a key role in creating inclusion and belonging in dynamic communities influenced by local and global concerns.\n\nThe course will enrich students\u2019 knowledge and skills for leading and guiding processes of creating belonging in children\u2019s groups, cooperating with a diverse group of parents/guardians, finding practical, enjoyable, and efficient ways of working as professional staff requires high level of intercultural competence."},"LearningAchievementSpecification":{"EQFLevel":{"InScheme":{"Id":"http://data.europa.eu/snb/eqf/25831c2","Type":"ConceptScheme"},"PrefLabel":{"En":"Level 7"},"Id":"http://data.europa.eu/snb/eqf/7","Type":"Concept"},"CreditPoint":{"Framework":{"InScheme":{"Id":"http://data.europa.eu/snb/education-credit/25831c2","Type":"ConceptScheme"},"PrefLabel":{"En":"European Credit Transfer System"},"Id":"http://data.europa.eu/snb/education-credit/6fcec5c5af","Type":"Concept"},"Point":"6,0","Id":"urn:epass:creditPoint:0d939678-b154-4877-a491-8d328c432f0d","Type":"CreditPoint"},"LearningOutcome":[{"Title":{"En":"General Competence"},"RelatedESCOSkill":[{"Notation":"Skill","InScheme":{"Id":"http://data.europa.eu/esco/concept-scheme/skills","Type":"ConceptScheme"},"PrefLabel":{"En":"show empathy"},"Id":"http://data.europa.eu/esco/skill/77b636e8-fab3-41a8-8022-1e0a354059dc","Type":"Concept"},{"Notation":"Skill","InScheme":{"Id":"http://data.europa.eu/esco/concept-scheme/skills","Type":"ConceptScheme"},"PrefLabel":{"En":"demonstrate consideration"},"Id":"http://data.europa.eu/esco/skill/9d75743b-317a-4bc4-b93f-c72e3ceba377","Type":"Concept"}],"AdditionalNote":{"NoteLiteral":{"En":"After completing the course, the student should be able to apply their research-based knowledge regarding culture, play and belonging to relevant practical situations; develop and scientifically evaluate inclusive practices in encounters with children, parents and colleagues; detect, analyze, and counteract discriminatory practices; create brave and safe spaces to enable authentic dialogues; have a resource-oriented approach towards diversity."},"Id":"urn:eciu:note:43b3e456-d992-ef11-8a69-7c1e527260ec","Type":"Note"},"Id":"urn:epass:learningOutcome:0d939678-b154-4877-a491-8d328c432f0d-1","Type":"LearningOutcome"},{"Title":{"En":"Knowledge"},"RelatedESCOSkill":[{"Notation":"Skill","InScheme":{"Id":"http://data.europa.eu/esco/concept-scheme/skills","Type":"ConceptScheme"},"PrefLabel":{"En":"create new concepts"},"Id":"http://data.europa.eu/esco/skill/f08e2bd6-0366-4948-a670-1f03f130126f","Type":"Concept"},{"Notation":"Skill","InScheme":{"Id":"http://data.europa.eu/esco/concept-scheme/skills","Type":"ConceptScheme"},"PrefLabel":{"En":"show responsibility"},"Id":"http://data.europa.eu/esco/skill/199f7919-5114-41b6-b6a5-41e0e4896ec1","Type":"Concept"},{"Notation":"Skill","InScheme":{"Id":"http://data.europa.eu/esco/concept-scheme/skills","Type":"ConceptScheme"},"PrefLabel":{"En":"solve problems"},"Id":"http://data.europa.eu/esco/skill/adc6dc11-3376-467b-96c5-9b0a21edc869","Type":"Concept"},{"Notation":"Skill","InScheme":{"Id":"http://data.europa.eu/esco/concept-scheme/skills","Type":"ConceptScheme"},"PrefLabel":{"En":"work in teams"},"Id":"http://data.europa.eu/esco/skill/60c78287-22eb-4103-9c8c-28deaa460da0","Type":"Concept"}],"AdditionalNote":{"NoteLiteral":{"En":"After completing the course, the candidate should have advanced knowledge of the concepts of diversity, inclusion and belonging and early childhood education practices associated with them; the complexity of migrant societies with multifaceted identities and belongings; how ECEC practices and material equipment such as books, toys and art can promote inclusion and counteract hegemony; how to analyze children cultures and develop sociological theory of interethnic play; the role of kindergarten as a meeting place for children, guardians, parents, and staff, and how to create belonging for all involved."},"Id":"urn:eciu:note:0e761277-d992-ef11-8a69-7c1e527260ec","Type":"Note"},"Id":"urn:epass:learningOutcome:0d939678-b154-4877-a491-8d328c432f0d-2","Type":"LearningOutcome"},{"Title":{"En":"Skills"},"RelatedESCOSkill":[{"Notation":"Skill","InScheme":{"Id":"http://data.europa.eu/esco/concept-scheme/skills","Type":"ConceptScheme"},"PrefLabel":{"En":"demonstrate intercultural competence"},"Id":"http://data.europa.eu/esco/skill/c10d5d87-36cf-42f5-8a12-e560fb5f4af8","Type":"Concept"},{"Notation":"Skill","InScheme":{"Id":"http://data.europa.eu/esco/concept-scheme/skills","Type":"ConceptScheme"},"PrefLabel":{"En":"deal with uncertainty"},"Id":"http://data.europa.eu/esco/skill/A1.5","Type":"Concept"},{"Notation":"Skill","InScheme":{"Id":"http://data.europa.eu/esco/concept-scheme/skills","Type":"ConceptScheme"},"PrefLabel":{"En":"respect the diversity of cultural values and norms"},"Id":"http://data.europa.eu/esco/skill/5ca953f7-541d-4f67-bc55-7721348366cf","Type":"Concept"}],"AdditionalNote":{"NoteLiteral":{"En":"After completing the course, the student should be able to give an account of, analyze, and translate theory of belonging into practice; develop theory and reflect on power and privileges; create communities in a diverse ECEC that enables equity, solidarity, and freedom; discern power structures within languages and between language users; develop the ECEC as an arena in which belonging to the local community is created for the whole family."},"Id":"urn:eciu:note:95926996-d992-ef11-8a69-7c1e527260ec","Type":"Note"},"Id":"urn:epass:learningOutcome:0d939678-b154-4877-a491-8d328c432f0d-3","Type":"LearningOutcome"}],"LearningSetting":null,"Mode":null,"Title":{"En":"Critical Cultural Awareness in Migration societies"},"DcType":null,"HomePage":null,"VolumeOfLearning":null,"Id":"urn:eciu:qualification:0d939678-b154-4877-a491-8d328c432f0d","Type":"Qualification"},"IsPartOf":{"Mode":null,"DcType":null,"Title":{"En":"Critical Cultural Awareness in Migration societies"},"AdmissionsProcedure":null,"ApplicationDeadline":null,"Description":null,"LearningAchievementSpecification":null,"IsPartOf":null,"Temporal":null,"ProvidedBy":null,"LearningActivitySpecification":null,"BannerImage":null,"MoreInformation":null,"Id":"urn:eciu:learningOpportunity:556b4ae2-2e98-ee11-be37-6045bd886f79","Type":"LearningOpportunity"},"Temporal":{"EndDate":"2025-03-20T00:00:00Z","Name":{"En":"Temporal"},"StartDate":"2025-05-30T00:00:00Z"},"ProvidedBy":{"Location":null,"Logo":null,"LegalName":{"En":"UNIVERSITETET I STAVANGER (UiS)"},"Registration":null,"Homepage":null,"Id":"urn:eciu:org:8586884b-6a54-ed11-bba2-6045bd886566","Type":"Organisation"},"LearningActivitySpecification":{"Mode":null,"DcType":null,"Title":{"En":""},"Description":null,"MoreInformation":[{"NoteLiteral":"**For whom?**\n\nThis module is on a Master\u2019s level. Admission requirements are Bachelor in Early Childhood studies or other relevant education at Bachelor level. Documentation needs to be provided in the application.\n\nContact persons: Gunnar Magnus Eidsv\u00E5g gunnar.m.eidsvag@uis.no (academic) and Olav Kylland olav.kylland@uis.no (administrative)\n\n**Format**\n\nThe course is a blended intensive program (BIP), and students must attend both the online and the in-person sessions at University of Stavanger campus.\n\nBIP code:\u00A02024-1-NO01-KA131-HED-000211266-3\n\n**When?**\n\n- First online session: 20.03.2025\n- Last online session: 30.05.2025\n- 5 day in-person course in Stavanger: 07.04-11.04.2025\n\n**Course content and exam arrangements:**\n\n- The students will be engaged in lectures by international expert-teachers, seminars, on-line seminars and work groups, worlds caf\u00E9, and student presentations. Furthermore, the course will connect theory and practical knowledge through a collaboration seminar in J\u00E5tt\u00E5 University kindergarten.\n- There will be an essay-based exam, which can be written individually (2500 - 3000 words) or\u00A0in pairs (4000-4500 words). The essay must be written according to guidelines provided during the course. The content is a discussion of critical cultural awareness for school/kindergarten in migration societies.\n- The exam is stipulated to 20 working days. The topic is developed during the five course days. The exam starts on Monday the week after the course and is due 20 working days later.\n\n**Suggested readings**\n\nYuval Davis, N. (2006) \u0022Belonging and the politics of belonging\u0022 in Patterns of Prejudice, 40(3):196-213\n\nZachrisen, B. (2018) Recognizing Children\u2019s Diverse Backgrounds: Democracy and Equality in Preschool. In Johansson, E., Emilson, A. \u0026 Puroila, A.M. (eds.) Values Education in Early Childhood Settings. 231\u2013247.\n\n**Funding to travel?**\n\nPlease contact your local/home university to check out the possibility to apply for funding for the travel and stay (mobility support). There might be an early deadline for this, so check this out as soon as you can.\n\n**Housing and travel**\n\nDue to the difficult housing situation in Stavanger, UiS cannot provide accommodation for shortterm international students. Therefore, you will have to find housing on the private market.\n\nPlease note that you are responsible for organizing your own travel.","Subject":{"InScheme":{"Id":"urn:eciu:note","Type":"ConceptScheme"},"PrefLabel":{"En":"ParticipantInformation"},"Id":"0d939678-b154-4877-a491-8d328c432f0d","Type":"Concept"}}],"HasPart":null,"Id":"urn:eciu:learningActivitySpec:0d939678-b154-4877-a491-8d328c432f0d","Type":"LearningActivitySpecification"},"BannerImage":null,"MoreInformation":[{"NoteLiteral":"","Subject":{"InScheme":{"Id":"urn:eciu:note","Type":"ConceptScheme"},"PrefLabel":{"En":"SourceIdentifier"},"Id":"0d939678-b154-4877-a491-8d328c432f0d","Type":"Concept"}},{"NoteLiteral":"Early Childhood Education and Care","Subject":{"InScheme":{"Id":"urn:eciu:note","Type":"ConceptScheme"},"PrefLabel":{"En":"SubTitle"},"Id":"0d939678-b154-4877-a491-8d328c432f0d","Type":"Concept"}},{"NoteLiteral":"This study module aims at enhancing cultural awareness as a key skill in an Early Childhood setting. Globalization has, in the last decades, transformed national and local communities into migrant societies. Early Childhood Education and Care (ECEC) is an institution where children, guardians, parents, and staff from various backgrounds and with multiple affiliations come together. This gives ECEC a key role in creating inclusion and a sense of belonging in dynamic communities influenced by local and global concerns. The course will enrich students\u2019 knowledge and skills for leading and guiding processes of creating a sense of belonging in children\u2019s groups, cooperating with a diverse group of parents/guardians. Finding practical, enjoyable, and efficient ways of working as professional staff requires a high level of intercultural competence.","Subject":{"InScheme":{"Id":"urn:eciu:note","Type":"ConceptScheme"},"PrefLabel":{"En":"Introduction"},"Id":"0d939678-b154-4877-a491-8d328c432f0d","Type":"Concept"}},{"NoteLiteral":"True","Subject":{"InScheme":{"Id":"urn:eciu:note","Type":"ConceptScheme"},"PrefLabel":{"En":"GenerateMicroCredentials"},"Id":"0d939678-b154-4877-a491-8d328c432f0d","Type":"Concept"}},{"NoteLiteral":"**For whom?**\n\nThis module is on a Master\u2019s level. You must have completed 180 ECTS, preferably within Early Childhood studies or other relevant education. Documentation needs to be provided in the application.\n\nContact persons:\n\n- Gunnar Magnus Eidsv\u00E5g gunnar.m.eidsvag@uis.no (academic)\n- Olav Kylland olav.kylland@uis.no (administrative)\n\n**Admission requirements**\n\n- You must upload an official English copy of your transcript of records.\n- You must upload a short motivation letter (no more than one A4 page)\n- You must fill inn all the fields in this form: [personal information registration](https://forms.office.com/e/NWYzspN06j). This information is required to complete the admission process at University of Stavanger.\n\n**Admission process**\n\nWe process applications toward the end of the application period. If your application is accepted, you will receive an offer sent to your ECIU email address.\n\nPlease remember to check your ECIU email and spam folder regularly, and note that you have 7 days to accept the offer.","Subject":{"InScheme":{"Id":"urn:eciu:note","Type":"ConceptScheme"},"PrefLabel":{"En":"AdmissionProcessInformation"},"Id":"0d939678-b154-4877-a491-8d328c432f0d","Type":"Concept"}},{"NoteLiteral":"False","Subject":{"InScheme":{"Id":"urn:eciu:note","Type":"ConceptScheme"},"PrefLabel":{"En":"SimplifiedAdmissionProcess"},"Id":"0d939678-b154-4877-a491-8d328c432f0d","Type":"Concept"}},{"NoteLiteral":"2024-11-01","Subject":{"InScheme":{"Id":"urn:eciu:note","Type":"ConceptScheme"},"PrefLabel":{"En":"ApplicationPeriodStartDate"},"Id":"0d939678-b154-4877-a491-8d328c432f0d","Type":"Concept"}},{"NoteLiteral":"15","Subject":{"InScheme":{"Id":"urn:eciu:note","Type":"ConceptScheme"},"PrefLabel":{"En":"MaximumNumberOfSeats"},"Id":"0d939678-b154-4877-a491-8d328c432f0d","Type":"Concept"}},{"NoteLiteral":"False","Subject":{"InScheme":{"Id":"urn:eciu:note","Type":"ConceptScheme"},"PrefLabel":{"En":"ECIULMSENabled"},"Id":"0d939678-b154-4877-a491-8d328c432f0d","Type":"Concept"}},{"NoteLiteral":"","Subject":{"InScheme":{"Id":"urn:eciu:note","Type":"ConceptScheme"},"PrefLabel":{"En":"LMSUrl"},"Id":"0d939678-b154-4877-a491-8d328c432f0d","Type":"Concept"}},{"NoteLiteral":"","Subject":{"InScheme":{"Id":"urn:eciu:note","Type":"ConceptScheme"},"PrefLabel":{"En":"TeamAccessDate"},"Id":"0d939678-b154-4877-a491-8d328c432f0d","Type":"Concept"}},{"NoteLiteral":"false","Subject":{"InScheme":{"Id":"urn:eciu:note","Type":"ConceptScheme"},"PrefLabel":{"En":"SelfPaced"},"Id":"0d939678-b154-4877-a491-8d328c432f0d","Type":"Concept"}},{"NoteLiteral":"50","Subject":{"InScheme":{"Id":"urn:eciu:note","Type":"ConceptScheme"},"PrefLabel":{"En":"Pace"},"Id":"0d939678-b154-4877-a491-8d328c432f0d","Type":"Concept"}},{"NoteLiteral":"Standard","Subject":{"InScheme":{"Id":"urn:eciu:note","Type":"ConceptScheme"},"PrefLabel":{"En":"Scope"},"Id":"0d939678-b154-4877-a491-8d328c432f0d","Type":"Concept"}}],"Id":"urn:eciu:learningOpportunity:0d939678-b154-4877-a491-8d328c432f0d","Type":"LearningOpportunity"}