{"Mode":{"InScheme":{"Id":"http://data.europa.eu/snb/learning-assessment/25831c2","Type":"ConceptScheme"},"PrefLabel":{"En":"Blended"},"Id":"http://data.europa.eu/snb/learning-assessment/e92d221e4d","Type":"Concept"},"DcType":null,"Title":{"En":"Green Innovators"},"AdmissionsProcedure":null,"ApplicationDeadline":"2025-02-09","Description":{"En":"The content of the module is divided into three parts:\n\n1. Methodological lessons weeks 1 to 3\n2. A 10-week Challenge\n3. A final presentation and personal report on the learning experience (CBL approach)\n\nThe three elements are described below:\n\nMethod package:\n\nWeek1 (W1) \u2013 W3\n\n- Design thinking \u0026 Challenge Thinking\n- Pitching, innovation\n- Intercultural competences\n- Interdisciplinary approaches\n\nW4 (3-7th of March): Open Week (optional): Hosting ECIU students for discussion, industrial visit, on-site visit, workshops on CBL and sustainable cities with experts\n\nChallenge: W2 \u2013 W11:\n\n- Brainstorming ideas for challenges\n- Finding teams with common interest for a challenge and different Foursight profiles\n- Write an essay with your motivation for the challenge (250 words) - Apply for a challenge or define a challenge\n- Engage in the challenge as a team through Design Thinking methods - Define the main users of your potential answer to your challenge\n- Investigate the possible outcomes of the challenge based on the user\u0027s needs\n- Choose a proposal as an answer to your challenge\n- Define in detail your proposal for a more sustainable city\n\nOral exam: W12: Presentation of the challenge, the final proposal to solve the challenge and the different steps which have led to the proposal.\n\nPedagogy: face-to-face, hybrid, distance learning for the method package, and hybrid for the challenge approach."},"LearningAchievementSpecification":{"EQFLevel":{"InScheme":{"Id":"http://data.europa.eu/snb/eqf/25831c2","Type":"ConceptScheme"},"PrefLabel":{"En":"Level 5"},"Id":"http://data.europa.eu/snb/eqf/5","Type":"Concept"},"CreditPoint":{"Framework":{"InScheme":{"Id":"http://data.europa.eu/snb/education-credit/25831c2","Type":"ConceptScheme"},"PrefLabel":{"En":"European Credit Transfer System"},"Id":"http://data.europa.eu/snb/education-credit/6fcec5c5af","Type":"Concept"},"Point":"2,0","Id":"urn:epass:creditPoint:5a2c9b73-1adf-424f-aa53-5f1b0b3c4193","Type":"CreditPoint"},"LearningOutcome":[{"Title":{"En":"Develop innovative and creative solutions"},"RelatedESCOSkill":[{"Notation":"Skill","InScheme":{"Id":"http://data.europa.eu/esco/concept-scheme/skills","Type":"ConceptScheme"},"PrefLabel":{"En":"think creatively"},"Id":"http://data.europa.eu/esco/skill/c624c6a3-b0ba-4a31-a296-0d433fe47e41","Type":"Concept"},{"Notation":"Skill","InScheme":{"Id":"http://data.europa.eu/esco/concept-scheme/skills","Type":"ConceptScheme"},"PrefLabel":{"En":"social innovation"},"Id":"http://data.europa.eu/esco/skill/149e5f0d-eb46-4e75-9265-e91f6b2ca596","Type":"Concept"},{"Notation":"Skill","InScheme":{"Id":"http://data.europa.eu/esco/concept-scheme/skills","Type":"ConceptScheme"},"PrefLabel":{"En":"think innovately"},"Id":"http://data.europa.eu/esco/skill/c2a0c52c-0b4b-4180-a918-92650ea3b458","Type":"Concept"}],"AdditionalNote":{"NoteLiteral":{"En":"By the end of this challenge, you will be able to develop innovative and creative solutions to complex problems relating to sustainable campus life."},"Id":"urn:eciu:note:4799b3a6-de95-ef11-8a6a-000d3a234020","Type":"Note"},"Id":"urn:epass:learningOutcome:5a2c9b73-1adf-424f-aa53-5f1b0b3c4193-1","Type":"LearningOutcome"},{"Title":{"En":"Communicate effectively in a team and during a presentation"},"RelatedESCOSkill":[{"Notation":"Skill","InScheme":{"Id":"http://data.europa.eu/esco/concept-scheme/skills","Type":"ConceptScheme"},"PrefLabel":{"En":"communicating"},"Id":"http://data.europa.eu/esco/skill/6f142deb-03a9-4cd7-94ce-e0f023ae2169","Type":"Concept"},{"Notation":"Skill","InScheme":{"Id":"http://data.europa.eu/esco/concept-scheme/skills","Type":"ConceptScheme"},"PrefLabel":{"En":"combine multiple fields of knowledge"},"Id":"http://data.europa.eu/esco/skill/c983dbc8-8b2e-4f7e-aa66-f9042a898ea8","Type":"Concept"},{"Notation":"Skill","InScheme":{"Id":"http://data.europa.eu/esco/concept-scheme/skills","Type":"ConceptScheme"},"PrefLabel":{"En":"work in an international environment"},"Id":"http://data.europa.eu/esco/skill/07ba491f-2fd4-4bab-bf52-32934c6f0b9f","Type":"Concept"}],"AdditionalNote":{"NoteLiteral":{"En":"By the end of this challenge, students will be able to communicate effectivley in an interdisciplinary and international team to present the main results and methodology in a foreign language (English)."},"Id":"urn:eciu:note:804c8c05-2e95-ef11-8a69-7c1e527260ec","Type":"Note"},"Id":"urn:epass:learningOutcome:5a2c9b73-1adf-424f-aa53-5f1b0b3c4193-2","Type":"LearningOutcome"},{"Title":{"En":"Apply design-thinking"},"RelatedESCOSkill":[],"AdditionalNote":{"NoteLiteral":{"En":"By the end of this challenge, students will be able to apply design-thinking principles in the context of an innovation project."},"Id":"urn:eciu:note:583dfb4d-2f95-ef11-8a69-7c1e527260ec","Type":"Note"},"Id":"urn:epass:learningOutcome:5a2c9b73-1adf-424f-aa53-5f1b0b3c4193-3","Type":"LearningOutcome"},{"Title":{"En":"Interpret focus group results"},"RelatedESCOSkill":[{"Notation":"Skill","InScheme":{"Id":"http://data.europa.eu/esco/concept-scheme/skills","Type":"ConceptScheme"},"PrefLabel":{"En":"interview focus groups"},"Id":"http://data.europa.eu/esco/skill/670c79e9-aa33-41ae-9858-573ade0adb89","Type":"Concept"}],"AdditionalNote":{"NoteLiteral":{"En":"By the end of this challenge, students will be able to test ideas with different target groups with consideration of the user-perspective when resolving challenges."},"Id":"urn:eciu:note:c92e8d89-2f95-ef11-8a69-7c1e527260ec","Type":"Note"},"Id":"urn:epass:learningOutcome:5a2c9b73-1adf-424f-aa53-5f1b0b3c4193-4","Type":"LearningOutcome"},{"Title":{"En":"Create and implement a simple solution for a sustainable campus"},"RelatedESCOSkill":[{"Notation":"Skill","InScheme":{"Id":"http://data.europa.eu/esco/concept-scheme/skills","Type":"ConceptScheme"},"PrefLabel":{"En":"promote sustainable energy"},"Id":"http://data.europa.eu/esco/skill/1a6c7e0d-fc13-41d7-a5c0-8ca00606de89","Type":"Concept"},{"Notation":"Skill","InScheme":{"Id":"http://data.europa.eu/esco/concept-scheme/skills","Type":"ConceptScheme"},"PrefLabel":{"En":"sustainable development goals"},"Id":"http://data.europa.eu/esco/skill/dda745dd-b8d6-45d8-8c74-e05495ce90f5","Type":"Concept"}],"AdditionalNote":{"NoteLiteral":{"En":"By the end of this challenge, students will be able to design, create, and implement a green solution for a sustainable campus at a local level."},"Id":"urn:eciu:note:eb3e2e0d-3095-ef11-8a69-7c1e527260ec","Type":"Note"},"Id":"urn:epass:learningOutcome:5a2c9b73-1adf-424f-aa53-5f1b0b3c4193-5","Type":"LearningOutcome"},{"Title":{"En":"Apply scientific methods to implement green solutions"},"RelatedESCOSkill":[{"Notation":"Skill","InScheme":{"Id":"http://data.europa.eu/esco/concept-scheme/skills","Type":"ConceptScheme"},"PrefLabel":{"En":"design prototypes"},"Id":"http://data.europa.eu/esco/skill/bacbfc27-4b5d-47de-8bfd-af5fa27562a2","Type":"Concept"}],"AdditionalNote":{"NoteLiteral":{"En":"By the end of this challenge, students will be able to identify and apply appropriate methods to implement green solutions."},"Id":"urn:eciu:note:ca82dcac-3095-ef11-8a69-7c1e527260ec","Type":"Note"},"Id":"urn:epass:learningOutcome:5a2c9b73-1adf-424f-aa53-5f1b0b3c4193-6","Type":"LearningOutcome"}],"LearningSetting":null,"Mode":null,"Title":{"En":"Green Innovators"},"DcType":null,"HomePage":null,"VolumeOfLearning":null,"Id":"urn:eciu:qualification:5a2c9b73-1adf-424f-aa53-5f1b0b3c4193","Type":"Qualification"},"IsPartOf":{"Mode":null,"DcType":null,"Title":{"En":"Green Innovators"},"AdmissionsProcedure":null,"ApplicationDeadline":null,"Description":null,"LearningAchievementSpecification":null,"IsPartOf":null,"Temporal":null,"ProvidedBy":null,"LearningActivitySpecification":null,"BannerImage":null,"MoreInformation":[{"NoteLiteral":"INSA Toulouse","Subject":{"InScheme":{"Id":"urn:eciu:note","Type":"ConceptScheme"},"PrefLabel":{"En":"EducationIdentifier"},"Id":"4427a924-2895-ef11-8a69-7c1e527260ec","Type":"Concept"}}],"Id":"urn:eciu:learningOpportunity:4427a924-2895-ef11-8a69-7c1e527260ec","Type":"LearningOpportunity"},"Temporal":{"EndDate":"2025-03-03T00:00:00Z","Name":{"En":"Temporal"},"StartDate":"2025-05-30T00:00:00Z"},"ProvidedBy":{"Location":null,"Logo":null,"LegalName":{"En":"INSTITUT NATIONAL DES SCIENCES APPLIQUEES DE TOULOUSE (INSA TOULOUSE)"},"Registration":null,"Homepage":null,"Id":"urn:eciu:org:bc4a5510-6a54-ed11-bba2-6045bd886566","Type":"Organisation"},"LearningActivitySpecification":{"Mode":null,"DcType":null,"Title":{"En":""},"Description":null,"MoreInformation":[{"NoteLiteral":"**This challenge is\u00A02 ECTS and 1 ECTS for the mobility week**  \n\nHow do you assess that the objectives have been reached?\n\n- Essay of 250 words to be graded\n- Continuous tutoring of the students\n- Presentation of the challenge and the outcomes\n\nHow does your assessment system help the student to reach the objectives?\n\nFeedback on the essay and their work in continuous exchange with the tutor will help students to understand the difficulties and objectives of this module.\n\n**Learning activities:**\n\n\\* Group discussion\n\n\\* Group project\n\n\\* Individual essay\n\n\\* Presentation","Subject":{"InScheme":{"Id":"urn:eciu:note","Type":"ConceptScheme"},"PrefLabel":{"En":"ParticipantInformation"},"Id":"5a2c9b73-1adf-424f-aa53-5f1b0b3c4193","Type":"Concept"}}],"HasPart":null,"Id":"urn:eciu:learningActivitySpec:5a2c9b73-1adf-424f-aa53-5f1b0b3c4193","Type":"LearningActivitySpecification"},"BannerImage":null,"MoreInformation":[{"NoteLiteral":"","Subject":{"InScheme":{"Id":"urn:eciu:note","Type":"ConceptScheme"},"PrefLabel":{"En":"SourceIdentifier"},"Id":"5a2c9b73-1adf-424f-aa53-5f1b0b3c4193","Type":"Concept"}},{"NoteLiteral":"Transform Your Campus","Subject":{"InScheme":{"Id":"urn:eciu:note","Type":"ConceptScheme"},"PrefLabel":{"En":"SubTitle"},"Id":"5a2c9b73-1adf-424f-aa53-5f1b0b3c4193","Type":"Concept"}},{"NoteLiteral":"Welcome to the European Green Innovators\u2019 hub! This challenge invites you to\nchoose between pathways to transform your campus!\n\n1) Embark on a transformative journey to revolutionize energy consumption practices within the building infrastructure. Tackle the complexities of both old and new buildings to minimize energy waste and optimize efficiency.\n\n2) Reinvent media centers as hubs of sustainability and environmental consciousness. Reinvent traditional library spaces into eco-friendly, sustainable\nhavens.\n\n3) Dive into the world of culinary sustainability and innovation. Revamp an existing restaurant to align with eco-friendly practices. Rethink the entire\noperational framework, from sourcing ingredients to waste management, energy consumption, and customer engagement.\n\n4) Or you can create your own pathway!\nTeams will need to create a comprehensive proposal, outlining their strategies,  backed by research, cost-benefit analysis, and potential challenges. Presentations should demonstrate creativity, feasibility, and a clear understanding of the\nenvironmental impact and business implications.\n\nThe challenge with the different pathways culminates in presentations where teams will showcase their plans to a panel of experts, highlighting their vision for a sustainable INSA Campus of the future. Participants will have the opportunity to demonstrate their innovative thinking, problem-solving skills, and commitment to sustainability. Depending on the subject chosen to make the INSA campus more sustainable, the teamchers will help students to choose their challenge provider.","Subject":{"InScheme":{"Id":"urn:eciu:note","Type":"ConceptScheme"},"PrefLabel":{"En":"Introduction"},"Id":"5a2c9b73-1adf-424f-aa53-5f1b0b3c4193","Type":"Concept"}},{"NoteLiteral":"True","Subject":{"InScheme":{"Id":"urn:eciu:note","Type":"ConceptScheme"},"PrefLabel":{"En":"GenerateMicroCredentials"},"Id":"5a2c9b73-1adf-424f-aa53-5f1b0b3c4193","Type":"Concept"}},{"NoteLiteral":"Interested students should apply by sending a CV, a transcript of records, and a motivation letter at least one week before the deadline. Students should be ready to work in international teams with mostly asynchronous, but also some synchronous work.\n\n\u0026gt; Regarding financial support for your mobility, please consult your home university. You can contact them directly via the contact form\u00A0[https://engage.eciu.eu/contact](https://engage.eciu.eu/contact)\u00A0\u00A0.","Subject":{"InScheme":{"Id":"urn:eciu:note","Type":"ConceptScheme"},"PrefLabel":{"En":"AdmissionProcessInformation"},"Id":"5a2c9b73-1adf-424f-aa53-5f1b0b3c4193","Type":"Concept"}},{"NoteLiteral":"False","Subject":{"InScheme":{"Id":"urn:eciu:note","Type":"ConceptScheme"},"PrefLabel":{"En":"SimplifiedAdmissionProcess"},"Id":"5a2c9b73-1adf-424f-aa53-5f1b0b3c4193","Type":"Concept"}},{"NoteLiteral":"2024-11-01","Subject":{"InScheme":{"Id":"urn:eciu:note","Type":"ConceptScheme"},"PrefLabel":{"En":"ApplicationPeriodStartDate"},"Id":"5a2c9b73-1adf-424f-aa53-5f1b0b3c4193","Type":"Concept"}},{"NoteLiteral":"25","Subject":{"InScheme":{"Id":"urn:eciu:note","Type":"ConceptScheme"},"PrefLabel":{"En":"MaximumNumberOfSeats"},"Id":"5a2c9b73-1adf-424f-aa53-5f1b0b3c4193","Type":"Concept"}},{"NoteLiteral":"False","Subject":{"InScheme":{"Id":"urn:eciu:note","Type":"ConceptScheme"},"PrefLabel":{"En":"ECIULMSENabled"},"Id":"5a2c9b73-1adf-424f-aa53-5f1b0b3c4193","Type":"Concept"}},{"NoteLiteral":"","Subject":{"InScheme":{"Id":"urn:eciu:note","Type":"ConceptScheme"},"PrefLabel":{"En":"LMSUrl"},"Id":"5a2c9b73-1adf-424f-aa53-5f1b0b3c4193","Type":"Concept"}},{"NoteLiteral":"","Subject":{"InScheme":{"Id":"urn:eciu:note","Type":"ConceptScheme"},"PrefLabel":{"En":"TeamAccessDate"},"Id":"5a2c9b73-1adf-424f-aa53-5f1b0b3c4193","Type":"Concept"}},{"NoteLiteral":"false","Subject":{"InScheme":{"Id":"urn:eciu:note","Type":"ConceptScheme"},"PrefLabel":{"En":"SelfPaced"},"Id":"5a2c9b73-1adf-424f-aa53-5f1b0b3c4193","Type":"Concept"}},{"NoteLiteral":"0","Subject":{"InScheme":{"Id":"urn:eciu:note","Type":"ConceptScheme"},"PrefLabel":{"En":"Pace"},"Id":"5a2c9b73-1adf-424f-aa53-5f1b0b3c4193","Type":"Concept"}},{"NoteLiteral":"Standard","Subject":{"InScheme":{"Id":"urn:eciu:note","Type":"ConceptScheme"},"PrefLabel":{"En":"Scope"},"Id":"5a2c9b73-1adf-424f-aa53-5f1b0b3c4193","Type":"Concept"}}],"Id":"urn:eciu:learningOpportunity:5a2c9b73-1adf-424f-aa53-5f1b0b3c4193","Type":"LearningOpportunity"}