{"Mode":{"InScheme":{"Id":"http://data.europa.eu/snb/learning-assessment/25831c2","Type":"ConceptScheme"},"PrefLabel":{"En":"Online"},"Id":"http://data.europa.eu/snb/learning-assessment/920fbb3cbe","Type":"Concept"},"DcType":null,"Title":{"En":"Defining and Discussing Accessibility in Society"},"AdmissionsProcedure":null,"ApplicationDeadline":"2025-05-31","Description":{"En":"This thematic module introduces the student to the definition of accessibility and discussion in society, but also to the\u00A0role of\u00A0disability\u00A0legislation.\u00A0People\u00A0with disabilities are\u00A0often\u00A0excluded from the mainstream of society.\u00A0Disabilities\u00A0affect people\u2019s lives\u00A0in multiple ways,\u00A0both as individuals and as part of society.\u00A0Disability can\u00A0also\u00A0be either temporary or permanent, but accessibility is not just a temporary feature."},"LearningAchievementSpecification":{"EQFLevel":{"InScheme":{"Id":"http://data.europa.eu/snb/eqf/25831c2","Type":"ConceptScheme"},"PrefLabel":{"En":"Level 7"},"Id":"http://data.europa.eu/snb/eqf/7","Type":"Concept"},"CreditPoint":{"Framework":{"InScheme":{"Id":"http://data.europa.eu/snb/education-credit/25831c2","Type":"ConceptScheme"},"PrefLabel":{"En":"European Credit Transfer System"},"Id":"http://data.europa.eu/snb/education-credit/6fcec5c5af","Type":"Concept"},"Point":"1,0","Id":"urn:epass:creditPoint:a6066506-8fd1-ef11-a72e-0022488b6cff","Type":"CreditPoint"},"LearningOutcome":[{"Title":{"En":"Basics of accessibility"},"RelatedESCOSkill":[{"Notation":"Skill","InScheme":{"Id":"http://data.europa.eu/esco/concept-scheme/skills","Type":"ConceptScheme"},"PrefLabel":{"En":"demonstrate consideration"},"Id":"http://data.europa.eu/esco/skill/9d75743b-317a-4bc4-b93f-c72e3ceba377","Type":"Concept"},{"Notation":"Skill","InScheme":{"Id":"http://data.europa.eu/esco/concept-scheme/skills","Type":"ConceptScheme"},"PrefLabel":{"En":"assist community"},"Id":"http://data.europa.eu/esco/skill/fb26857b-1f50-4a30-889d-abb599ffece9","Type":"Concept"}],"AdditionalNote":{"NoteLiteral":{"En":"The student will understand the definition of accessibility, the related legislation and the mechanisms behind it."},"Id":"urn:eciu:note:61736808-8fd1-ef11-a72e-000d3a2e6935","Type":"Note"},"Id":"urn:epass:learningOutcome:a6066506-8fd1-ef11-a72e-0022488b6cff-1","Type":"LearningOutcome"},{"Title":{"En":"Creating digital services"},"RelatedESCOSkill":[{"Notation":"Skill","InScheme":{"Id":"http://data.europa.eu/esco/concept-scheme/skills","Type":"ConceptScheme"},"PrefLabel":{"En":"identify technological needs"},"Id":"http://data.europa.eu/esco/skill/42fcf80d-7b45-40f3-bd2f-5411c4c0dfa0","Type":"Concept"},{"Notation":"Skill","InScheme":{"Id":"http://data.europa.eu/esco/concept-scheme/skills","Type":"ConceptScheme"},"PrefLabel":{"En":"solving problems"},"Id":"http://data.europa.eu/esco/skill/S1.9","Type":"Concept"},{"Notation":"Skill","InScheme":{"Id":"http://data.europa.eu/esco/concept-scheme/skills","Type":"ConceptScheme"},"PrefLabel":{"En":"digital competencies"},"Id":"http://data.europa.eu/esco/skill/aeecc330-0be9-419f-bddb-5218de926004","Type":"Concept"}],"AdditionalNote":{"NoteLiteral":{"En":"The student is able to reflect critically on society as to how digital services should be created with accessibility in mind."},"Id":"urn:eciu:note:6fd0920e-8fd1-ef11-a72e-000d3a2e6935","Type":"Note"},"Id":"urn:epass:learningOutcome:a6066506-8fd1-ef11-a72e-0022488b6cff-2","Type":"LearningOutcome"}],"LearningSetting":null,"Mode":null,"Title":{"En":"Defining and Discussing Accessibility in Society"},"DcType":null,"HomePage":null,"VolumeOfLearning":null,"Id":"urn:eciu:qualification:a6066506-8fd1-ef11-a72e-0022488b6cff","Type":"Qualification"},"IsPartOf":{"Mode":null,"DcType":null,"Title":{"En":"Defining and Discussing Accessibility in Society"},"AdmissionsProcedure":null,"ApplicationDeadline":null,"Description":null,"LearningAchievementSpecification":null,"IsPartOf":null,"Temporal":null,"ProvidedBy":null,"LearningActivitySpecification":null,"BannerImage":null,"MoreInformation":[{"NoteLiteral":"ACC.030","Subject":{"InScheme":{"Id":"urn:eciu:note","Type":"ConceptScheme"},"PrefLabel":{"En":"EducationIdentifier"},"Id":"98241b9f-90d3-ed11-a7c7-6045bd886fac","Type":"Concept"}}],"Id":"urn:eciu:learningOpportunity:98241b9f-90d3-ed11-a7c7-6045bd886fac","Type":"LearningOpportunity"},"Temporal":{"EndDate":"2025-01-20T00:00:00Z","Name":{"En":"Temporal"},"StartDate":"2025-07-31T00:00:00Z"},"ProvidedBy":{"Location":null,"Logo":null,"LegalName":{"En":"TAMPEREEN KORKEAKOULUSAATIO SR (TAU)"},"Registration":null,"Homepage":null,"Id":"urn:eciu:org:8f142831-6a54-ed11-bba2-6045bd886566","Type":"Organisation"},"LearningActivitySpecification":{"Mode":null,"DcType":null,"Title":{"En":""},"Description":null,"MoreInformation":[{"NoteLiteral":"This is a nonstoop MOOC (Massive Open Online course). This means the course is fully online and you can take it at your own pace according to your own schedule.  \n  \nThis MOOC is offered by Tampere University on the DigiCampus platform. Once you have your TUNI credentials, log in to DigiCampus by using the choice \u0022Login with HAKA Account\u0022, select \u0022Tampere Universities\u0022and use your tuni.fi account. In DigiCampus, head over the the course \u0022Methods and technologies for accessibility and their evaluation\u0022.\u00A0The enrolment key is \u002220methods21\u0022. From this module, select the course you applied for.  \n  \nLink to DigiCampus: digicampus.fi/?lang=en  \nDirect link to the course: digicampus.fi/course/view.php?id=1193","Subject":{"InScheme":{"Id":"urn:eciu:note","Type":"ConceptScheme"},"PrefLabel":{"En":"ParticipantInformation"},"Id":"a6066506-8fd1-ef11-a72e-0022488b6cff","Type":"Concept"}}],"HasPart":null,"Id":"urn:eciu:learningActivitySpec:a6066506-8fd1-ef11-a72e-0022488b6cff","Type":"LearningActivitySpecification"},"BannerImage":null,"MoreInformation":[{"NoteLiteral":"","Subject":{"InScheme":{"Id":"urn:eciu:note","Type":"ConceptScheme"},"PrefLabel":{"En":"SourceIdentifier"},"Id":"a6066506-8fd1-ef11-a72e-0022488b6cff","Type":"Concept"}},{"NoteLiteral":"Nonstop MOOC on methods and technologies for accessibility","Subject":{"InScheme":{"Id":"urn:eciu:note","Type":"ConceptScheme"},"PrefLabel":{"En":"SubTitle"},"Id":"a6066506-8fd1-ef11-a72e-0022488b6cff","Type":"Concept"}},{"NoteLiteral":"This course is part of the larger module \u0022Methods and technologies for accessibility and their evaluation\u0022 which consists of over 25 modules (1 ECT each). If you want to become an expert at creating digitally accessible services, make sure to check them out.","Subject":{"InScheme":{"Id":"urn:eciu:note","Type":"ConceptScheme"},"PrefLabel":{"En":"Introduction"},"Id":"a6066506-8fd1-ef11-a72e-0022488b6cff","Type":"Concept"}},{"NoteLiteral":"True","Subject":{"InScheme":{"Id":"urn:eciu:note","Type":"ConceptScheme"},"PrefLabel":{"En":"GenerateMicroCredentials"},"Id":"a6066506-8fd1-ef11-a72e-0022488b6cff","Type":"Concept"}},{"NoteLiteral":"This Micromodule is open to all ECIU students and there is no specific admissions process, rather all interested students will have the change to take the course.\u00A0However, the course is mainly targeted to master\u0027s level students. Notice that the course is self-paced and you need to reserve time in your timetable for finishing it.","Subject":{"InScheme":{"Id":"urn:eciu:note","Type":"ConceptScheme"},"PrefLabel":{"En":"AdmissionProcessInformation"},"Id":"a6066506-8fd1-ef11-a72e-0022488b6cff","Type":"Concept"}},{"NoteLiteral":"True","Subject":{"InScheme":{"Id":"urn:eciu:note","Type":"ConceptScheme"},"PrefLabel":{"En":"SimplifiedAdmissionProcess"},"Id":"a6066506-8fd1-ef11-a72e-0022488b6cff","Type":"Concept"}},{"NoteLiteral":"2025-01-20","Subject":{"InScheme":{"Id":"urn:eciu:note","Type":"ConceptScheme"},"PrefLabel":{"En":"ApplicationPeriodStartDate"},"Id":"a6066506-8fd1-ef11-a72e-0022488b6cff","Type":"Concept"}},{"NoteLiteral":"100","Subject":{"InScheme":{"Id":"urn:eciu:note","Type":"ConceptScheme"},"PrefLabel":{"En":"MaximumNumberOfSeats"},"Id":"a6066506-8fd1-ef11-a72e-0022488b6cff","Type":"Concept"}},{"NoteLiteral":"False","Subject":{"InScheme":{"Id":"urn:eciu:note","Type":"ConceptScheme"},"PrefLabel":{"En":"ECIULMSENabled"},"Id":"a6066506-8fd1-ef11-a72e-0022488b6cff","Type":"Concept"}},{"NoteLiteral":"","Subject":{"InScheme":{"Id":"urn:eciu:note","Type":"ConceptScheme"},"PrefLabel":{"En":"LMSUrl"},"Id":"a6066506-8fd1-ef11-a72e-0022488b6cff","Type":"Concept"}},{"NoteLiteral":"","Subject":{"InScheme":{"Id":"urn:eciu:note","Type":"ConceptScheme"},"PrefLabel":{"En":"TeamAccessDate"},"Id":"a6066506-8fd1-ef11-a72e-0022488b6cff","Type":"Concept"}},{"NoteLiteral":"false","Subject":{"InScheme":{"Id":"urn:eciu:note","Type":"ConceptScheme"},"PrefLabel":{"En":"SelfPaced"},"Id":"a6066506-8fd1-ef11-a72e-0022488b6cff","Type":"Concept"}},{"NoteLiteral":"10","Subject":{"InScheme":{"Id":"urn:eciu:note","Type":"ConceptScheme"},"PrefLabel":{"En":"Pace"},"Id":"a6066506-8fd1-ef11-a72e-0022488b6cff","Type":"Concept"}},{"NoteLiteral":"Standard","Subject":{"InScheme":{"Id":"urn:eciu:note","Type":"ConceptScheme"},"PrefLabel":{"En":"Scope"},"Id":"a6066506-8fd1-ef11-a72e-0022488b6cff","Type":"Concept"}}],"Id":"urn:eciu:learningOpportunity:a6066506-8fd1-ef11-a72e-0022488b6cff","Type":"LearningOpportunity"}