{"Mode":{"InScheme":{"Id":"http://data.europa.eu/snb/learning-assessment/25831c2","Type":"ConceptScheme"},"PrefLabel":{"En":"Project based"},"Id":"http://data.europa.eu/snb/learning-assessment/7813801c77","Type":"Concept"},"DcType":null,"Title":{"En":"Responsible Futuring"},"AdmissionsProcedure":null,"ApplicationDeadline":"2024-12-06","Description":{"En":"**Be the Change: Solve Global Challenges with Bold Ideas**\n\nSocieties all over the world grapple with socio-technical transformations that cause a divide between worldviews, political beliefs, interests, and ways of living. Moreover, we face grand challenges of climate change, inequality, health, and environmental degradation. This course prepares you to take up these challenges proactively and design interventions that co-shape societies for so-called pluriversal futures, in which multiple ways of being, knowing and making can co-exist. You will develop the mindset, knowledge, and skills to help transform - together with regional stakeholders - the social, environmental, and economic system. In this course you will work in a transdisciplinary manner, connect global challenges with local actions, histories with futures, academic with societal perspectives, action with reflection, and critical modes with creative modes of thinking and design.\u202F\u202F\n\n**Collaborate, Create, and Lead**\n\nMore concretely, this course centers around a real-world challenge-based project. It is partly carried out with the entire group, and partly in small teams. In the context of the project, you will combine a thorough socio-technical and historical analysis of the challenge with a deep understanding of its local context and conduct hands-on co-imagining and co-shaping activities with different representatives from academia, government, industry, and society. These activities allow you to develop advanced design, analysis, and leadership skills. In this course you will learn unique, transdisciplinary methods for framing and analyzing problems and for responsible futuring and prototyping. Together, you will make a difference in society.\n\n**Make an Impact: Real Projects, Real Change**\n\nActivating workshops, intensive coaching sessions, field trips and inspiring guest lectures will support the project. The final product is a challenge analysis and an experiential provocative prototype of pluriversal futures, aimed at engaging stakeholders in a transformation of society in a local context. The assessment of the final product, its justification, and its presentation is pass/fail, with extensive feedback for your personal and professional development. It will be carried out by a broad team of teachers and external stakeholders."},"LearningAchievementSpecification":{"EQFLevel":{"InScheme":{"Id":"http://data.europa.eu/snb/eqf/25831c2","Type":"ConceptScheme"},"PrefLabel":{"En":"Level 7"},"Id":"http://data.europa.eu/snb/eqf/7","Type":"Concept"},"CreditPoint":{"Framework":{"InScheme":{"Id":"http://data.europa.eu/snb/education-credit/25831c2","Type":"ConceptScheme"},"PrefLabel":{"En":"European Credit Transfer System"},"Id":"http://data.europa.eu/snb/education-credit/6fcec5c5af","Type":"Concept"},"Point":"10,0","Id":"urn:epass:creditPoint:495d7470-6b7b-42c9-a9a5-f738b543ad3e","Type":"CreditPoint"},"LearningOutcome":[{"Title":{"En":"The learner can frame and critically assess societal challenges"},"RelatedESCOSkill":[{"Notation":"Skill","InScheme":{"Id":"http://data.europa.eu/esco/concept-scheme/skills","Type":"ConceptScheme"},"PrefLabel":{"En":"solve problems"},"Id":"http://data.europa.eu/esco/skill/adc6dc11-3376-467b-96c5-9b0a21edc869","Type":"Concept"},{"Notation":"Skill","InScheme":{"Id":"http://data.europa.eu/esco/concept-scheme/skills","Type":"ConceptScheme"},"PrefLabel":{"En":"think holistically"},"Id":"http://data.europa.eu/esco/skill/d56e2c2f-3e01-4b76-a7bb-ecb6d430172f","Type":"Concept"}],"AdditionalNote":{"NoteLiteral":{"En":"The learner can frame and critically assess societal challenges, drawing upon academic as well as non-academic knowledge and employing creative and engaged research methods."},"Id":"urn:eciu:note:93d1dbe3-a28b-ef11-ac20-6045bd97736a","Type":"Note"},"Id":"urn:epass:learningOutcome:495d7470-6b7b-42c9-a9a5-f738b543ad3e-1","Type":"LearningOutcome"},{"Title":{"En":"The learner can conceive and develop transdisciplinary interventions"},"RelatedESCOSkill":[{"Notation":"Skill","InScheme":{"Id":"http://data.europa.eu/esco/concept-scheme/skills","Type":"ConceptScheme"},"PrefLabel":{"En":"project management"},"Id":"http://data.europa.eu/esco/skill/7111b95d-0ce3-441a-9d92-4c75d05c4388","Type":"Concept"},{"Notation":"Skill","InScheme":{"Id":"http://data.europa.eu/esco/concept-scheme/skills","Type":"ConceptScheme"},"PrefLabel":{"En":"create new concepts"},"Id":"http://data.europa.eu/esco/skill/f08e2bd6-0366-4948-a670-1f03f130126f","Type":"Concept"},{"Notation":"Skill","InScheme":{"Id":"http://data.europa.eu/esco/concept-scheme/skills","Type":"ConceptScheme"},"PrefLabel":{"En":"think innovately"},"Id":"http://data.europa.eu/esco/skill/c2a0c52c-0b4b-4180-a918-92650ea3b458","Type":"Concept"}],"AdditionalNote":{"NoteLiteral":{"En":"The learner can conceive and develop transdisciplinary interventions that contribute to tackling societal challenges beyond the constraints of current technologies and social structures."},"Id":"urn:eciu:note:00574356-a38b-ef11-ac20-6045bd97736a","Type":"Note"},"Id":"urn:epass:learningOutcome:495d7470-6b7b-42c9-a9a5-f738b543ad3e-2","Type":"LearningOutcome"},{"Title":{"En":"The learner can co-design ways to involve different stakeholder groups"},"RelatedESCOSkill":[{"Notation":"Skill","InScheme":{"Id":"http://data.europa.eu/esco/concept-scheme/skills","Type":"ConceptScheme"},"PrefLabel":{"En":"work within communities"},"Id":"http://data.europa.eu/esco/skill/28ca2f0b-9fb2-487a-9f10-9688e5191ec4","Type":"Concept"},{"Notation":"Skill","InScheme":{"Id":"http://data.europa.eu/esco/concept-scheme/skills","Type":"ConceptScheme"},"PrefLabel":{"En":"social innovation"},"Id":"http://data.europa.eu/esco/skill/149e5f0d-eb46-4e75-9265-e91f6b2ca596","Type":"Concept"},{"Notation":"Skill","InScheme":{"Id":"http://data.europa.eu/esco/concept-scheme/skills","Type":"ConceptScheme"},"PrefLabel":{"En":"show responsibility"},"Id":"http://data.europa.eu/esco/skill/199f7919-5114-41b6-b6a5-41e0e4896ec1","Type":"Concept"}],"AdditionalNote":{"NoteLiteral":{"En":"The learner can co-design ways to involve different stakeholder groups in the development and implementation of interventions in a responsible manner."},"Id":"urn:eciu:note:77866f7a-a38b-ef11-ac20-6045bd97736a","Type":"Note"},"Id":"urn:epass:learningOutcome:495d7470-6b7b-42c9-a9a5-f738b543ad3e-3","Type":"LearningOutcome"},{"Title":{"En":"The learner can design provocative prototypes of pluriversal futures"},"RelatedESCOSkill":[{"Notation":"Skill","InScheme":{"Id":"http://data.europa.eu/esco/concept-scheme/skills","Type":"ConceptScheme"},"PrefLabel":{"En":"participate actively in civic life"},"Id":"http://data.europa.eu/esco/skill/7d9bace0-63d0-4848-ac87-350a98082c12","Type":"Concept"}],"AdditionalNote":{"NoteLiteral":{"En":"The learner can design provocative prototypes of pluriversal futures to ignite societal debates and transformations."},"Id":"urn:eciu:note:27968886-a38b-ef11-ac20-6045bd97736a","Type":"Note"},"Id":"urn:epass:learningOutcome:495d7470-6b7b-42c9-a9a5-f738b543ad3e-4","Type":"LearningOutcome"},{"Title":{"En":"The learner can effectively collaborate across disciplines"},"RelatedESCOSkill":[{"Notation":"Skill","InScheme":{"Id":"http://data.europa.eu/esco/concept-scheme/skills","Type":"ConceptScheme"},"PrefLabel":{"En":"promote inclusion in organisations"},"Id":"http://data.europa.eu/esco/skill/117df904-d348-4f14-bc92-feaaccba4ece","Type":"Concept"},{"Notation":"Skill","InScheme":{"Id":"http://data.europa.eu/esco/concept-scheme/skills","Type":"ConceptScheme"},"PrefLabel":{"En":"set inclusion policies"},"Id":"http://data.europa.eu/esco/skill/7ab41e7d-6f5c-49f7-858d-e6cb3070e9eb","Type":"Concept"},{"Notation":"Skill","InScheme":{"Id":"http://data.europa.eu/esco/concept-scheme/skills","Type":"ConceptScheme"},"PrefLabel":{"En":"work in teams"},"Id":"http://data.europa.eu/esco/skill/60c78287-22eb-4103-9c8c-28deaa460da0","Type":"Concept"}],"AdditionalNote":{"NoteLiteral":{"En":"The learner can effectively collaborate across disciplines and with various societal stakeholders."},"Id":"urn:eciu:note:dfec938c-a38b-ef11-ac20-6045bd97736a","Type":"Note"},"Id":"urn:epass:learningOutcome:495d7470-6b7b-42c9-a9a5-f738b543ad3e-5","Type":"LearningOutcome"},{"Title":{"En":"The learner can reflect upon historical, environmental, ethical, and power dimensions"},"RelatedESCOSkill":[{"Notation":"Skill","InScheme":{"Id":"http://data.europa.eu/esco/concept-scheme/skills","Type":"ConceptScheme"},"PrefLabel":{"En":"raise awareness on local community\u0027s priorities"},"Id":"http://data.europa.eu/esco/skill/7e13a05c-e40d-4970-b285-3d58ecfa627f","Type":"Concept"},{"Notation":"Skill","InScheme":{"Id":"http://data.europa.eu/esco/concept-scheme/skills","Type":"ConceptScheme"},"PrefLabel":{"En":"respect the diversity of cultural values and norms"},"Id":"http://data.europa.eu/esco/skill/5ca953f7-541d-4f67-bc55-7721348366cf","Type":"Concept"},{"Notation":"Skill","InScheme":{"Id":"http://data.europa.eu/esco/concept-scheme/skills","Type":"ConceptScheme"},"PrefLabel":{"En":"demonstrate intercultural competence"},"Id":"http://data.europa.eu/esco/skill/c10d5d87-36cf-42f5-8a12-e560fb5f4af8","Type":"Concept"}],"AdditionalNote":{"NoteLiteral":{"En":"The learner can reflect upon the historical, environmental, ethical, and power dimensions of societal challenges and interventions."},"Id":"urn:eciu:note:4296b0a4-a38b-ef11-ac20-6045bd97736a","Type":"Note"},"Id":"urn:epass:learningOutcome:495d7470-6b7b-42c9-a9a5-f738b543ad3e-6","Type":"LearningOutcome"}],"LearningSetting":null,"Mode":null,"Title":{"En":"Responsible Futuring"},"DcType":null,"HomePage":null,"VolumeOfLearning":"PT0H","Id":"urn:eciu:qualification:495d7470-6b7b-42c9-a9a5-f738b543ad3e","Type":"Qualification"},"IsPartOf":{"Mode":null,"DcType":null,"Title":{"En":"Responsible Futuring"},"AdmissionsProcedure":null,"ApplicationDeadline":null,"Description":null,"LearningAchievementSpecification":null,"IsPartOf":null,"Temporal":null,"ProvidedBy":null,"LearningActivitySpecification":null,"BannerImage":null,"MoreInformation":null,"Id":"urn:eciu:learningOpportunity:cd932050-a08b-ef11-ac20-6045bd97736a","Type":"LearningOpportunity"},"Temporal":{"EndDate":"2025-02-05T00:00:00Z","Name":{"En":"Temporal"},"StartDate":"2025-04-17T00:00:00Z"},"ProvidedBy":{"Location":null,"Logo":null,"LegalName":{"En":"UNIVERSITEIT TWENTE (UT)"},"Registration":null,"Homepage":null,"Id":"urn:eciu:org:813e9d57-6a54-ed11-bba2-6045bd886566","Type":"Organisation"},"LearningActivitySpecification":{"Mode":null,"DcType":null,"Title":{"En":""},"Description":null,"MoreInformation":[{"NoteLiteral":"### Learning Activities\n\nThe challenge is workshop-based with 1) group work, 2) a challenge analysis report, 3) an experiential provocative prototype, and 4) a presentation of the report and prototype  \n\n### Learning Schedule:\n\n**Physical presence in Enschede, the Netherlands is required for the full course from 5 February until 4 April, 2025. If you require mobility assistance, please contact your local mobility office via the Contact Us form.**\n\n*General schedule (subject to change):*\n\n- *Mondays 13.45-17.30*\n\n- *Tuesdays 8.45-12.30*\n\n- *Wednesdays 8.45-12.30*\n\n- *Thursdays 8.45-12.30*\n\n- *Fridays 8.45-12.30*\n\n### Learning Assessment\n\nAssessment is pass/fail with extensive feedback.","Subject":{"InScheme":{"Id":"urn:eciu:note","Type":"ConceptScheme"},"PrefLabel":{"En":"ParticipantInformation"},"Id":"495d7470-6b7b-42c9-a9a5-f738b543ad3e","Type":"Concept"}}],"HasPart":null,"Id":"urn:eciu:learningActivitySpec:495d7470-6b7b-42c9-a9a5-f738b543ad3e","Type":"LearningActivitySpecification"},"BannerImage":null,"MoreInformation":[{"NoteLiteral":"","Subject":{"InScheme":{"Id":"urn:eciu:note","Type":"ConceptScheme"},"PrefLabel":{"En":"SourceIdentifier"},"Id":"495d7470-6b7b-42c9-a9a5-f738b543ad3e","Type":"Concept"}},{"NoteLiteral":"Proactively take up societal challenges and design interventions that co-shape societies for pluriversal futures.","Subject":{"InScheme":{"Id":"urn:eciu:note","Type":"ConceptScheme"},"PrefLabel":{"En":"SubTitle"},"Id":"495d7470-6b7b-42c9-a9a5-f738b543ad3e","Type":"Concept"}},{"NoteLiteral":"Ready to tackle global challenges like climate change and inequality? This course empowers you to create pluriversal futures, where diverse ways of living and thinking coexist. You\u2019ll gain the skills, knowledge, and mindset to collaborate with regional stakeholders and transform social, environmental, and economic systems.\n\nThrough a real-world, challenge-based project, you\u2019ll connect global issues to local actions, combining socio-technical and historical analyses with hands-on co-creation. Working in teams and with representatives from academia, government, industry, and society, you\u2019ll design impactful solutions.\n\nYou\u2019ll learn advanced design, analysis, and leadership skills, along with unique methods for problem framing, responsible futuring, and prototyping. Engaging workshops, field trips, guest speakers, and expert coaching will guide you in developing a prototype that drives societal transformation. Join us and start making a real impact!","Subject":{"InScheme":{"Id":"urn:eciu:note","Type":"ConceptScheme"},"PrefLabel":{"En":"Introduction"},"Id":"495d7470-6b7b-42c9-a9a5-f738b543ad3e","Type":"Concept"}},{"NoteLiteral":"True","Subject":{"InScheme":{"Id":"urn:eciu:note","Type":"ConceptScheme"},"PrefLabel":{"En":"GenerateMicroCredentials"},"Id":"495d7470-6b7b-42c9-a9a5-f738b543ad3e","Type":"Concept"}},{"NoteLiteral":"There are no explicit domain prerequisites, but an open attitude towards wicked problems, interdisciplinary team work and international competences are required. Therefore a letter of motivation is needed from each applicant.\n\nIf needed, additional information of applicants/applications can be asked by the teamchers.\u00A0You will receive the result of your application soon after the application deadline. If you are accepted and you\u2019ve accepted the digital offer yourself too, more information will follow to make sure you\u2019ll get access to everything you need.","Subject":{"InScheme":{"Id":"urn:eciu:note","Type":"ConceptScheme"},"PrefLabel":{"En":"AdmissionProcessInformation"},"Id":"495d7470-6b7b-42c9-a9a5-f738b543ad3e","Type":"Concept"}},{"NoteLiteral":"False","Subject":{"InScheme":{"Id":"urn:eciu:note","Type":"ConceptScheme"},"PrefLabel":{"En":"SimplifiedAdmissionProcess"},"Id":"495d7470-6b7b-42c9-a9a5-f738b543ad3e","Type":"Concept"}},{"NoteLiteral":"2024-10-25","Subject":{"InScheme":{"Id":"urn:eciu:note","Type":"ConceptScheme"},"PrefLabel":{"En":"ApplicationPeriodStartDate"},"Id":"495d7470-6b7b-42c9-a9a5-f738b543ad3e","Type":"Concept"}},{"NoteLiteral":"0","Subject":{"InScheme":{"Id":"urn:eciu:note","Type":"ConceptScheme"},"PrefLabel":{"En":"MaximumNumberOfSeats"},"Id":"495d7470-6b7b-42c9-a9a5-f738b543ad3e","Type":"Concept"}},{"NoteLiteral":"False","Subject":{"InScheme":{"Id":"urn:eciu:note","Type":"ConceptScheme"},"PrefLabel":{"En":"ECIULMSENabled"},"Id":"495d7470-6b7b-42c9-a9a5-f738b543ad3e","Type":"Concept"}},{"NoteLiteral":"","Subject":{"InScheme":{"Id":"urn:eciu:note","Type":"ConceptScheme"},"PrefLabel":{"En":"LMSUrl"},"Id":"495d7470-6b7b-42c9-a9a5-f738b543ad3e","Type":"Concept"}},{"NoteLiteral":"","Subject":{"InScheme":{"Id":"urn:eciu:note","Type":"ConceptScheme"},"PrefLabel":{"En":"TeamAccessDate"},"Id":"495d7470-6b7b-42c9-a9a5-f738b543ad3e","Type":"Concept"}},{"NoteLiteral":"false","Subject":{"InScheme":{"Id":"urn:eciu:note","Type":"ConceptScheme"},"PrefLabel":{"En":"SelfPaced"},"Id":"495d7470-6b7b-42c9-a9a5-f738b543ad3e","Type":"Concept"}},{"NoteLiteral":"66","Subject":{"InScheme":{"Id":"urn:eciu:note","Type":"ConceptScheme"},"PrefLabel":{"En":"Pace"},"Id":"495d7470-6b7b-42c9-a9a5-f738b543ad3e","Type":"Concept"}},{"NoteLiteral":"Standard","Subject":{"InScheme":{"Id":"urn:eciu:note","Type":"ConceptScheme"},"PrefLabel":{"En":"Scope"},"Id":"495d7470-6b7b-42c9-a9a5-f738b543ad3e","Type":"Concept"}}],"Id":"urn:eciu:learningOpportunity:495d7470-6b7b-42c9-a9a5-f738b543ad3e","Type":"LearningOpportunity"}