{"Mode":{"InScheme":{"Id":"http://data.europa.eu/snb/learning-assessment/25831c2","Type":"ConceptScheme"},"PrefLabel":{"En":"Online"},"Id":"http://data.europa.eu/snb/learning-assessment/920fbb3cbe","Type":"Concept"},"DcType":null,"Title":{"En":"Digital Transformation of Energy Sector Greenhouse Gas Management"},"AdmissionsProcedure":null,"ApplicationDeadline":"2024-09-22","Description":{"En":"EPAM is a leading global provider of digital platform engineering and development services with a team of 52,800\u002B best-in-class experts across 55 countries. Operating in 11 major industries, EPAM is at the forefront of delivering cutting-edge solutions to world leaders in the energy sector.\n\nIn our commitment to sustainability \u0026 decarbonisation advisory, we help companies develop AI/ML-enabled data platforms to control climate change. The challenge we offer students to contribute to is one of the most sought by our clients, given the significant contribution of the energy sector to greenhouse gas (GHG) emissions impacting global warming.\n\nTo propose effective emission management solutions, we\u0027ll tackle challenges such as various regulations, different data sources and formats, inaccurate estimations and reporting, and monitoring \u0026 detection difficulties.  \n\nPotential solutions include remote sensing (e.g. satellite emission monitoring), emission cloud data accessibility, and AI-based oil field intelligence. Let\u0027s co-create the future of data-driven energy enterprises together!\n\nRead more about EPAM projects in the Energy \u0026 Resources industry: https://www.epam.com/industries/energy-and-resources"},"LearningAchievementSpecification":{"EQFLevel":{"InScheme":{"Id":"http://data.europa.eu/snb/eqf/25831c2","Type":"ConceptScheme"},"PrefLabel":{"En":"Level 7"},"Id":"http://data.europa.eu/snb/eqf/7","Type":"Concept"},"CreditPoint":{"Framework":{"InScheme":{"Id":"http://data.europa.eu/snb/education-credit/25831c2","Type":"ConceptScheme"},"PrefLabel":{"En":"European Credit Transfer System"},"Id":"http://data.europa.eu/snb/education-credit/6fcec5c5af","Type":"Concept"},"Point":"6,0","Id":"urn:epass:creditPoint:da739dfd-67f1-48bc-bc59-12b8248a7922","Type":"CreditPoint"},"LearningOutcome":[{"Title":{"En":"Create and present ideas and prototypes"},"RelatedESCOSkill":[{"Notation":"Skill","InScheme":{"Id":"http://data.europa.eu/esco/concept-scheme/skills","Type":"ConceptScheme"},"PrefLabel":{"En":"show responsibility"},"Id":"http://data.europa.eu/esco/skill/199f7919-5114-41b6-b6a5-41e0e4896ec1","Type":"Concept"},{"Notation":"Skill","InScheme":{"Id":"http://data.europa.eu/esco/concept-scheme/skills","Type":"ConceptScheme"},"PrefLabel":{"En":"create new concepts"},"Id":"http://data.europa.eu/esco/skill/f08e2bd6-0366-4948-a670-1f03f130126f","Type":"Concept"},{"Notation":"Skill","InScheme":{"Id":"http://data.europa.eu/esco/concept-scheme/skills","Type":"ConceptScheme"},"PrefLabel":{"En":"brainstorm ideas"},"Id":"http://data.europa.eu/esco/skill/614c627b-2ec9-4a0d-811e-de14be4362f2","Type":"Concept"}],"AdditionalNote":{"NoteLiteral":{"En":"Create and effectively present innovative ideas and developed prototypes tailored to the requirements of unique audience."},"Id":"urn:eciu:note:36eb5e8a-792a-ef11-840a-000d3a4a397e","Type":"Note"},"Id":"urn:epass:learningOutcome:da739dfd-67f1-48bc-bc59-12b8248a7922-1","Type":"LearningOutcome"},{"Title":{"En":"Pinpoint research direction"},"RelatedESCOSkill":[{"Notation":"Skill","InScheme":{"Id":"http://data.europa.eu/esco/concept-scheme/skills","Type":"ConceptScheme"},"PrefLabel":{"En":"evaluate data, information and digital content"},"Id":"http://data.europa.eu/esco/skill/1d6c7de4-350e-4868-a47b-333b4b0d9650","Type":"Concept"},{"Notation":"Skill","InScheme":{"Id":"http://data.europa.eu/esco/concept-scheme/skills","Type":"ConceptScheme"},"PrefLabel":{"En":"think analytically"},"Id":"http://data.europa.eu/esco/skill/4707da90-9cfc-46ca-8de0-38a0b7bfb137","Type":"Concept"},{"Notation":"Skill","InScheme":{"Id":"http://data.europa.eu/esco/concept-scheme/skills","Type":"ConceptScheme"},"PrefLabel":{"En":"apply strategic thinking"},"Id":"http://data.europa.eu/esco/skill/6c870993-9341-438b-91c0-c7fe4f96d8f5","Type":"Concept"},{"Notation":"Skill","InScheme":{"Id":"http://data.europa.eu/esco/concept-scheme/skills","Type":"ConceptScheme"},"PrefLabel":{"En":"think creatively"},"Id":"http://data.europa.eu/esco/skill/c624c6a3-b0ba-4a31-a296-0d433fe47e41","Type":"Concept"}],"AdditionalNote":{"NoteLiteral":{"En":"Self-sufficiently pinpoint a unique and impactful research direction, utilizing existing knowledge and acquired competencies."},"Id":"urn:eciu:note:07f5839d-7a2a-ef11-840a-000d3a4a397e","Type":"Note"},"Id":"urn:epass:learningOutcome:da739dfd-67f1-48bc-bc59-12b8248a7922-2","Type":"LearningOutcome"},{"Title":{"En":"Tackle real-world issues"},"RelatedESCOSkill":[{"Notation":"Skill","InScheme":{"Id":"http://data.europa.eu/esco/concept-scheme/skills","Type":"ConceptScheme"},"PrefLabel":{"En":"think analytically"},"Id":"http://data.europa.eu/esco/skill/4707da90-9cfc-46ca-8de0-38a0b7bfb137","Type":"Concept"},{"Notation":"Skill","InScheme":{"Id":"http://data.europa.eu/esco/concept-scheme/skills","Type":"ConceptScheme"},"PrefLabel":{"En":"solving problems"},"Id":"http://data.europa.eu/esco/skill/S1.9","Type":"Concept"},{"Notation":"Skill","InScheme":{"Id":"http://data.europa.eu/esco/concept-scheme/skills","Type":"ConceptScheme"},"PrefLabel":{"En":"social entrepreneur"},"Id":"http://data.europa.eu/esco/occupation/73b10c97-b003-45dc-a36d-c1d585c04be1","Type":"Concept"}],"AdditionalNote":{"NoteLiteral":{"En":"Innovatively tackle complex real-world issues using the core tenets of challenge-based learning methodology."},"Id":"urn:eciu:note:69f01baa-7b2a-ef11-840a-000d3a4a397e","Type":"Note"},"Id":"urn:epass:learningOutcome:da739dfd-67f1-48bc-bc59-12b8248a7922-3","Type":"LearningOutcome"},{"Title":{"En":"Utilise teamwork and leadership principles"},"RelatedESCOSkill":[{"Notation":"Skill","InScheme":{"Id":"http://data.europa.eu/esco/concept-scheme/skills","Type":"ConceptScheme"},"PrefLabel":{"En":"listening and asking questions"},"Id":"http://data.europa.eu/esco/skill/S1.7.3","Type":"Concept"},{"Notation":"Skill","InScheme":{"Id":"http://data.europa.eu/esco/concept-scheme/skills","Type":"ConceptScheme"},"PrefLabel":{"En":"work in teams"},"Id":"http://data.europa.eu/esco/skill/60c78287-22eb-4103-9c8c-28deaa460da0","Type":"Concept"}],"AdditionalNote":{"NoteLiteral":{"En":"Utilise effective teamwork and leadership principles while collaborating within diverse, interdisciplinary teams."},"Id":"urn:eciu:note:1f951271-7c2a-ef11-840a-000d3a4a397e","Type":"Note"},"Id":"urn:epass:learningOutcome:da739dfd-67f1-48bc-bc59-12b8248a7922-4","Type":"LearningOutcome"}],"LearningSetting":null,"Mode":null,"Title":{"En":"Digital Transformation of Energy Sector Greenhouse Gas Management"},"DcType":null,"HomePage":null,"VolumeOfLearning":null,"Id":"urn:eciu:qualification:da739dfd-67f1-48bc-bc59-12b8248a7922","Type":"Qualification"},"IsPartOf":{"Mode":null,"DcType":null,"Title":{"En":"Digital Transformation of Energy Sector Greenhouse Gas Management"},"AdmissionsProcedure":null,"ApplicationDeadline":null,"Description":null,"LearningAchievementSpecification":null,"IsPartOf":null,"Temporal":null,"ProvidedBy":null,"LearningActivitySpecification":null,"BannerImage":null,"MoreInformation":null,"Id":"urn:eciu:learningOpportunity:938810a9-1d2a-ef11-840b-0022487fecad","Type":"LearningOpportunity"},"Temporal":{"EndDate":"2024-10-03T00:00:00Z","Name":{"En":"Temporal"},"StartDate":"2024-12-19T00:00:00Z"},"ProvidedBy":{"Location":null,"Logo":null,"LegalName":{"En":"KAUNO TECHNOLOGIJOS UNIVERSITETAS (KTU)"},"Registration":null,"Homepage":null,"Id":"urn:eciu:org:4cc1e316-6a54-ed11-bba2-6045bd886566","Type":"Organisation"},"LearningActivitySpecification":{"Mode":null,"DcType":null,"Title":{"En":""},"Description":{"En":"The module \u0022[Development of Challenge-Based Innovation](https://uais.cr.ktu.lt/ktuis/stp_report_ects.mdl_ml?p_kodas=INNOM010\u0026amp;p_year=2024\u0026amp;p_lang=EN\u0026amp;p_stp_id=)\u0022"},"MoreInformation":[{"NoteLiteral":"The challenge will be solved in the module \u0022**[Development of Challenge-Based Innovation](https://uais.cr.ktu.lt/ktuis/stp_report_ects.mdl_ml?p_kodas=INNOM010\u0026amp;p_year=2024\u0026amp;p_lang=EN\u0026amp;p_stp_id=)**\u0022 (6 ECTS, online meetings \u2013 32 hours, individual and group work \u2013 128 hours). The module follows the challenge-based learning method: engagement, inspiration, investigation, and action.\n\nThe module will be delivered **online\u00A0from October 3 to December 19, 2024**. The scheduled meetings with the teamchers and the peer learners will be held **once a week on Thursdays**: October 3, 10, 17, 24, 31; November 7, 14, 21, 28; December 5, 12, 19. The meetings **start at 15.30 EET and end at 17.00/18.00 EET** (depending on the day). Please note that attendance is mandatory and highly appreciated by your team members.\u00A0\n\nThe learners are supported by the KTU teamchers (faculty) and the partner company\u00A0EPAM. The learner teams are presented with the challenge during the kick-off meeting, they are invited to do an interim presentation on the progress of their project in the middle of the module and the final presentation of the challenge solution at the last meeting of the module. The final grade is passed/failed.","Subject":{"InScheme":{"Id":"urn:eciu:note","Type":"ConceptScheme"},"PrefLabel":{"En":"ParticipantInformation"},"Id":"da739dfd-67f1-48bc-bc59-12b8248a7922","Type":"Concept"}}],"HasPart":null,"Id":"urn:eciu:learningActivitySpec:da739dfd-67f1-48bc-bc59-12b8248a7922","Type":"LearningActivitySpecification"},"BannerImage":null,"MoreInformation":[{"NoteLiteral":"","Subject":{"InScheme":{"Id":"urn:eciu:note","Type":"ConceptScheme"},"PrefLabel":{"En":"SourceIdentifier"},"Id":"da739dfd-67f1-48bc-bc59-12b8248a7922","Type":"Concept"}},{"NoteLiteral":"Co-creating data-driven sustainable solutions sought by energy sector leaders","Subject":{"InScheme":{"Id":"urn:eciu:note","Type":"ConceptScheme"},"PrefLabel":{"En":"SubTitle"},"Id":"da739dfd-67f1-48bc-bc59-12b8248a7922","Type":"Concept"}},{"NoteLiteral":"Join us in the challenge to reduce the impact of energy companies on global warming through innovative data solutions. We\u0027re seeking disruptive ideas to make emission accounting in energy companies more transparent, precise, and timely. This problem is top of mind for industry leaders today, given its urgency and importance in finding cutting-edge solutions for greenhouse gas emissions management. Let\u0027s work together to make a difference in the sustainability of energy operations and mitigating climate change!","Subject":{"InScheme":{"Id":"urn:eciu:note","Type":"ConceptScheme"},"PrefLabel":{"En":"Introduction"},"Id":"da739dfd-67f1-48bc-bc59-12b8248a7922","Type":"Concept"}},{"NoteLiteral":"True","Subject":{"InScheme":{"Id":"urn:eciu:note","Type":"ConceptScheme"},"PrefLabel":{"En":"GenerateMicroCredentials"},"Id":"da739dfd-67f1-48bc-bc59-12b8248a7922","Type":"Concept"}},{"NoteLiteral":"**Entry requirements:**\n\n- at least 90 ECTS completed at the undergraduate level;\n- B2 level of English language proficiency.\n\n**Documents to be submitted in English:**\n\n- motivation letter - personal motivation to join the challenge, attitude towards experimenting and trying out new educational models, previous experience on the challenge topic;\n- transcript of records - proof of enrolment in a Bachelor\u0027s or Master\u2019s degree programme in one of the 13 ECIU university members, stating that completed at least 90 ECTS at the undergraduate level, and the study field/programme; not mandatory for KTU students;\n- copy of ID card/passport in \u0022other\u0022 - a document issued by the country of origin (needed for registration to university services); not mandatory for KTU students.\n\nPlease note that documents submitted not in English will not be processed further in the admission process.","Subject":{"InScheme":{"Id":"urn:eciu:note","Type":"ConceptScheme"},"PrefLabel":{"En":"AdmissionProcessInformation"},"Id":"da739dfd-67f1-48bc-bc59-12b8248a7922","Type":"Concept"}},{"NoteLiteral":"False","Subject":{"InScheme":{"Id":"urn:eciu:note","Type":"ConceptScheme"},"PrefLabel":{"En":"SimplifiedAdmissionProcess"},"Id":"da739dfd-67f1-48bc-bc59-12b8248a7922","Type":"Concept"}},{"NoteLiteral":"2024-06-15","Subject":{"InScheme":{"Id":"urn:eciu:note","Type":"ConceptScheme"},"PrefLabel":{"En":"ApplicationPeriodStartDate"},"Id":"da739dfd-67f1-48bc-bc59-12b8248a7922","Type":"Concept"}},{"NoteLiteral":"15","Subject":{"InScheme":{"Id":"urn:eciu:note","Type":"ConceptScheme"},"PrefLabel":{"En":"MaximumNumberOfSeats"},"Id":"da739dfd-67f1-48bc-bc59-12b8248a7922","Type":"Concept"}},{"NoteLiteral":"False","Subject":{"InScheme":{"Id":"urn:eciu:note","Type":"ConceptScheme"},"PrefLabel":{"En":"ECIULMSENabled"},"Id":"da739dfd-67f1-48bc-bc59-12b8248a7922","Type":"Concept"}},{"NoteLiteral":"","Subject":{"InScheme":{"Id":"urn:eciu:note","Type":"ConceptScheme"},"PrefLabel":{"En":"LMSUrl"},"Id":"da739dfd-67f1-48bc-bc59-12b8248a7922","Type":"Concept"}},{"NoteLiteral":"","Subject":{"InScheme":{"Id":"urn:eciu:note","Type":"ConceptScheme"},"PrefLabel":{"En":"TeamAccessDate"},"Id":"da739dfd-67f1-48bc-bc59-12b8248a7922","Type":"Concept"}},{"NoteLiteral":"false","Subject":{"InScheme":{"Id":"urn:eciu:note","Type":"ConceptScheme"},"PrefLabel":{"En":"SelfPaced"},"Id":"da739dfd-67f1-48bc-bc59-12b8248a7922","Type":"Concept"}},{"NoteLiteral":"0","Subject":{"InScheme":{"Id":"urn:eciu:note","Type":"ConceptScheme"},"PrefLabel":{"En":"Pace"},"Id":"da739dfd-67f1-48bc-bc59-12b8248a7922","Type":"Concept"}},{"NoteLiteral":"Standard","Subject":{"InScheme":{"Id":"urn:eciu:note","Type":"ConceptScheme"},"PrefLabel":{"En":"Scope"},"Id":"da739dfd-67f1-48bc-bc59-12b8248a7922","Type":"Concept"}}],"Id":"urn:eciu:learningOpportunity:da739dfd-67f1-48bc-bc59-12b8248a7922","Type":"LearningOpportunity"}