{"Mode":{"InScheme":{"Id":"http://data.europa.eu/snb/learning-assessment/25831c2","Type":"ConceptScheme"},"PrefLabel":{"En":"Online"},"Id":"http://data.europa.eu/snb/learning-assessment/920fbb3cbe","Type":"Concept"},"DcType":null,"Title":{"En":"Accessible Lectures"},"AdmissionsProcedure":null,"ApplicationDeadline":"2024-12-01","Description":{"En":"This module introduces the student to different ways of making accessible lectures. The student learns ways of evaluating the accessibility of the classroom from the point of view of lighting, sound design, visual information and mobility. The student also learns to think about the possible disabilities and special needs of people on the classroom and how to accommodate for them. The student will also learn about how to work with different types of interpreters and personal assistants for disabled people in the classroom setting."},"LearningAchievementSpecification":{"EQFLevel":{"InScheme":{"Id":"http://data.europa.eu/snb/eqf/25831c2","Type":"ConceptScheme"},"PrefLabel":{"En":"Level 7"},"Id":"http://data.europa.eu/snb/eqf/7","Type":"Concept"},"CreditPoint":{"Framework":{"InScheme":{"Id":"http://data.europa.eu/snb/education-credit/25831c2","Type":"ConceptScheme"},"PrefLabel":{"En":"European Credit Transfer System"},"Id":"http://data.europa.eu/snb/education-credit/6fcec5c5af","Type":"Concept"},"Point":"1,0","Id":"urn:epass:creditPoint:bc1e4851-66d0-49af-a587-25e53581157e","Type":"CreditPoint"},"LearningOutcome":[{"Title":{"En":"Learning Outcome 1"},"RelatedESCOSkill":[{"Notation":"Skill","InScheme":{"Id":"http://data.europa.eu/esco/concept-scheme/skills","Type":"ConceptScheme"},"PrefLabel":{"En":"advise on environmental alterations"},"Id":"http://data.europa.eu/esco/skill/a32ff11a-5f97-4c2e-bbf7-6848814e56e8","Type":"Concept"}],"AdditionalNote":{"NoteLiteral":{"En":"The student will have an understanding of how to make both online, hybrid and live teaching situations more accessible."},"Id":"urn:eciu:note:a7e727f0-6015-ee11-8f6d-6045bd886f79","Type":"Note"},"Id":"urn:epass:learningOutcome:bc1e4851-66d0-49af-a587-25e53581157e-1","Type":"LearningOutcome"},{"Title":{"En":"Learning Outcome 2"},"RelatedESCOSkill":[{"Notation":"Skill","InScheme":{"Id":"http://data.europa.eu/esco/concept-scheme/skills","Type":"ConceptScheme"},"PrefLabel":{"En":"demonstrate consideration"},"Id":"http://data.europa.eu/esco/skill/9d75743b-317a-4bc4-b93f-c72e3ceba377","Type":"Concept"},{"Notation":"Skill","InScheme":{"Id":"http://data.europa.eu/esco/concept-scheme/skills","Type":"ConceptScheme"},"PrefLabel":{"En":"show empathy"},"Id":"http://data.europa.eu/esco/skill/77b636e8-fab3-41a8-8022-1e0a354059dc","Type":"Concept"}],"AdditionalNote":{"NoteLiteral":{"En":"The student will know how to face and communicate with a disabled student who uses an interpreter or a personal assistant."},"Id":"urn:eciu:note:06162a0b-6115-ee11-8f6d-6045bd886f79","Type":"Note"},"Id":"urn:epass:learningOutcome:bc1e4851-66d0-49af-a587-25e53581157e-2","Type":"LearningOutcome"},{"Title":{"En":"Learning Outcome 3"},"RelatedESCOSkill":[{"Notation":"Skill","InScheme":{"Id":"http://data.europa.eu/esco/concept-scheme/skills","Type":"ConceptScheme"},"PrefLabel":{"En":"advise on environmental alterations"},"Id":"http://data.europa.eu/esco/skill/a32ff11a-5f97-4c2e-bbf7-6848814e56e8","Type":"Concept"}],"AdditionalNote":{"NoteLiteral":{"En":"The student can evaluate the accessibility of the classroom and know what changes they themselves can make to make the classroom space more accessible."},"Id":"urn:eciu:note:0559ea13-6115-ee11-8f6d-6045bd886f79","Type":"Note"},"Id":"urn:epass:learningOutcome:bc1e4851-66d0-49af-a587-25e53581157e-3","Type":"LearningOutcome"}],"LearningSetting":null,"Mode":null,"Title":{"En":"Accessible Lectures"},"DcType":null,"HomePage":null,"VolumeOfLearning":null,"Id":"urn:eciu:qualification:bc1e4851-66d0-49af-a587-25e53581157e","Type":"Qualification"},"IsPartOf":{"Mode":null,"DcType":null,"Title":{"En":"Accessible Lectures"},"AdmissionsProcedure":null,"ApplicationDeadline":null,"Description":null,"LearningAchievementSpecification":null,"IsPartOf":null,"Temporal":null,"ProvidedBy":null,"LearningActivitySpecification":null,"BannerImage":null,"MoreInformation":[{"NoteLiteral":"ACC.270","Subject":{"InScheme":{"Id":"urn:eciu:note","Type":"ConceptScheme"},"PrefLabel":{"En":"EducationIdentifier"},"Id":"32724d9a-5f15-ee11-8f6d-6045bd886f79","Type":"Concept"}}],"Id":"urn:eciu:learningOpportunity:32724d9a-5f15-ee11-8f6d-6045bd886f79","Type":"LearningOpportunity"},"Temporal":{"EndDate":"2023-08-06T00:00:00Z","Name":{"En":"Temporal"},"StartDate":"2024-12-31T00:00:00Z"},"ProvidedBy":{"Location":null,"Logo":null,"LegalName":{"En":"TAMPEREEN KORKEAKOULUSAATIO SR (TAU)"},"Registration":null,"Homepage":null,"Id":"urn:eciu:org:8f142831-6a54-ed11-bba2-6045bd886566","Type":"Organisation"},"LearningActivitySpecification":{"Mode":null,"DcType":null,"Title":{"En":""},"Description":null,"MoreInformation":[{"NoteLiteral":"This is a nonstoop MOOC (Massive Open Online course). This means the course is fully online and you can take it at your own pace according to your own schedule.  \n  \nThis MOOC is offered by Tampere University on the DigiCampus platform. Once you have your TUNI credentials, log in to DigiCampus by using the choice \u0022Login with HAKA Account\u0022, select \u0022Tampere Universities\u0022and use your tuni.fi account. In DigiCampus, head over the the course \u0022Methods and technologies for accessibility and their evaluation\u0022.\u00A0The enrolment key is \u002220methods21\u0022. From this module, select the course you applied for.  \n  \nLink to DigiCampus: digicampus.fi/?lang=en  \nDirect link to the course: digicampus.fi/course/view.php?id=1193","Subject":{"InScheme":{"Id":"urn:eciu:note","Type":"ConceptScheme"},"PrefLabel":{"En":"ParticipantInformation"},"Id":"bc1e4851-66d0-49af-a587-25e53581157e","Type":"Concept"}}],"HasPart":null,"Id":"urn:eciu:learningActivitySpec:bc1e4851-66d0-49af-a587-25e53581157e","Type":"LearningActivitySpecification"},"BannerImage":null,"MoreInformation":[{"NoteLiteral":"","Subject":{"InScheme":{"Id":"urn:eciu:note","Type":"ConceptScheme"},"PrefLabel":{"En":"SourceIdentifier"},"Id":"bc1e4851-66d0-49af-a587-25e53581157e","Type":"Concept"}},{"NoteLiteral":"Nonstop MOOC on methods and technologies for accessibility","Subject":{"InScheme":{"Id":"urn:eciu:note","Type":"ConceptScheme"},"PrefLabel":{"En":"SubTitle"},"Id":"bc1e4851-66d0-49af-a587-25e53581157e","Type":"Concept"}},{"NoteLiteral":"This course is part of the larger module \u0022Methods and technologies for accessibility and their evaluation\u0022 which consists of over 25 modules (1 ECT each). If you want to become an expert at creating digitally accessible services, make sure to check them out.","Subject":{"InScheme":{"Id":"urn:eciu:note","Type":"ConceptScheme"},"PrefLabel":{"En":"Introduction"},"Id":"bc1e4851-66d0-49af-a587-25e53581157e","Type":"Concept"}},{"NoteLiteral":"True","Subject":{"InScheme":{"Id":"urn:eciu:note","Type":"ConceptScheme"},"PrefLabel":{"En":"GenerateMicroCredentials"},"Id":"bc1e4851-66d0-49af-a587-25e53581157e","Type":"Concept"}},{"NoteLiteral":"This micromodule is open to all ECIU students and there is no specific admissions process, rather all interested students will have the change to take the course.","Subject":{"InScheme":{"Id":"urn:eciu:note","Type":"ConceptScheme"},"PrefLabel":{"En":"AdmissionProcessInformation"},"Id":"bc1e4851-66d0-49af-a587-25e53581157e","Type":"Concept"}},{"NoteLiteral":"True","Subject":{"InScheme":{"Id":"urn:eciu:note","Type":"ConceptScheme"},"PrefLabel":{"En":"SimplifiedAdmissionProcess"},"Id":"bc1e4851-66d0-49af-a587-25e53581157e","Type":"Concept"}},{"NoteLiteral":"2023-08-06","Subject":{"InScheme":{"Id":"urn:eciu:note","Type":"ConceptScheme"},"PrefLabel":{"En":"ApplicationPeriodStartDate"},"Id":"bc1e4851-66d0-49af-a587-25e53581157e","Type":"Concept"}},{"NoteLiteral":"100","Subject":{"InScheme":{"Id":"urn:eciu:note","Type":"ConceptScheme"},"PrefLabel":{"En":"MaximumNumberOfSeats"},"Id":"bc1e4851-66d0-49af-a587-25e53581157e","Type":"Concept"}},{"NoteLiteral":"False","Subject":{"InScheme":{"Id":"urn:eciu:note","Type":"ConceptScheme"},"PrefLabel":{"En":"ECIULMSENabled"},"Id":"bc1e4851-66d0-49af-a587-25e53581157e","Type":"Concept"}},{"NoteLiteral":"https://digicampus.fi/course/view.php?id=1193","Subject":{"InScheme":{"Id":"urn:eciu:note","Type":"ConceptScheme"},"PrefLabel":{"En":"LMSUrl"},"Id":"bc1e4851-66d0-49af-a587-25e53581157e","Type":"Concept"}},{"NoteLiteral":"","Subject":{"InScheme":{"Id":"urn:eciu:note","Type":"ConceptScheme"},"PrefLabel":{"En":"TeamAccessDate"},"Id":"bc1e4851-66d0-49af-a587-25e53581157e","Type":"Concept"}},{"NoteLiteral":"false","Subject":{"InScheme":{"Id":"urn:eciu:note","Type":"ConceptScheme"},"PrefLabel":{"En":"SelfPaced"},"Id":"bc1e4851-66d0-49af-a587-25e53581157e","Type":"Concept"}},{"NoteLiteral":"0","Subject":{"InScheme":{"Id":"urn:eciu:note","Type":"ConceptScheme"},"PrefLabel":{"En":"Pace"},"Id":"bc1e4851-66d0-49af-a587-25e53581157e","Type":"Concept"}},{"NoteLiteral":"Standard","Subject":{"InScheme":{"Id":"urn:eciu:note","Type":"ConceptScheme"},"PrefLabel":{"En":"Scope"},"Id":"bc1e4851-66d0-49af-a587-25e53581157e","Type":"Concept"}}],"Id":"urn:eciu:learningOpportunity:bc1e4851-66d0-49af-a587-25e53581157e","Type":"LearningOpportunity"}