{"Mode":{"InScheme":{"Id":"http://data.europa.eu/snb/learning-assessment/25831c2","Type":"ConceptScheme"},"PrefLabel":{"En":"Online"},"Id":"http://data.europa.eu/snb/learning-assessment/920fbb3cbe","Type":"Concept"},"DcType":null,"Title":{"En":"Global Sustainability Challenges"},"AdmissionsProcedure":null,"ApplicationDeadline":"2024-09-01","Description":{"En":"Climate change is the biggest challenge of our time. To solve the climate challenges we face, we must first understand something about the complex relationship between the natural, social and political systems that drive climate change. This micro-module introduces concepts such as sustainable development, environmental issues and planetary boundaries to open the door for students to examine those systems and understand how they affect each other. The micro-module thus, deals with the causes and effects of global environmental problems, and discusses the social, political and economic conditions at play within the planetary boundaries.\u00A0\u00A0  \n\nDuring the micro-module, students will develop their understanding of these phenomena through lectures, online laboratory activities, workshops, seminars and group work."},"LearningAchievementSpecification":{"EQFLevel":{"InScheme":{"Id":"http://data.europa.eu/snb/eqf/25831c2","Type":"ConceptScheme"},"PrefLabel":{"En":"Level 6"},"Id":"http://data.europa.eu/snb/eqf/6","Type":"Concept"},"CreditPoint":{"Framework":{"InScheme":{"Id":"http://data.europa.eu/snb/education-credit/25831c2","Type":"ConceptScheme"},"PrefLabel":{"En":"European Credit Transfer System"},"Id":"http://data.europa.eu/snb/education-credit/6fcec5c5af","Type":"Concept"},"Point":"5,0","Id":"urn:epass:creditPoint:ca0883fe-421a-4599-8320-704fdeb01474","Type":"CreditPoint"},"LearningOutcome":[{"Title":{"En":"Understanding global environmental problems"},"RelatedESCOSkill":[{"Notation":"Skill","InScheme":{"Id":"http://data.europa.eu/esco/concept-scheme/skills","Type":"ConceptScheme"},"PrefLabel":{"En":"biomass conversion"},"Id":"http://data.europa.eu/esco/skill/b115cabc-c030-45b2-ac8e-922d45716183","Type":"Concept"},{"Notation":"Skill","InScheme":{"Id":"http://data.europa.eu/esco/concept-scheme/skills","Type":"ConceptScheme"},"PrefLabel":{"En":"assess environmental impact"},"Id":"http://data.europa.eu/esco/skill/e541c69c-ea80-4b17-87cb-4001d0b9d303","Type":"Concept"}],"AdditionalNote":{"NoteLiteral":{"En":"Describe and analyse global environmental problems and biogeochemical processes in relation to the social, ecological and economic dimensions of sustainable development."},"Id":"urn:eciu:note:6916e715-4f1f-ef11-840a-7c1e5226a373","Type":"Note"},"Id":"urn:epass:learningOutcome:ca0883fe-421a-4599-8320-704fdeb01474-1","Type":"LearningOutcome"},{"Title":{"En":"Drawing connections between core concepts"},"RelatedESCOSkill":[{"Notation":"Skill","InScheme":{"Id":"http://data.europa.eu/esco/concept-scheme/skills","Type":"ConceptScheme"},"PrefLabel":{"En":"environmental threats"},"Id":"http://data.europa.eu/esco/skill/81af8698-9873-4b3d-b6d2-8eb275bf170b","Type":"Concept"},{"Notation":"Skill","InScheme":{"Id":"http://data.europa.eu/esco/concept-scheme/skills","Type":"ConceptScheme"},"PrefLabel":{"En":"ecological principles"},"Id":"http://data.europa.eu/esco/skill/62685d7a-a8be-4070-89e9-8699ad1201b6","Type":"Concept"}],"AdditionalNote":{"NoteLiteral":{"En":"Identify planetary boundaries and discuss their relationship to sustainable development. "},"Id":"urn:eciu:note:a211d169-4f1f-ef11-840a-7c1e5226a373","Type":"Note"},"Id":"urn:epass:learningOutcome:ca0883fe-421a-4599-8320-704fdeb01474-2","Type":"LearningOutcome"},{"Title":{"En":"Application of scientific perspectives"},"RelatedESCOSkill":[{"Notation":"Skill","InScheme":{"Id":"http://data.europa.eu/esco/concept-scheme/skills","Type":"ConceptScheme"},"PrefLabel":{"En":"environmental policy"},"Id":"http://data.europa.eu/esco/skill/081d7679-5070-4777-bece-a28c49f15636","Type":"Concept"}],"AdditionalNote":{"NoteLiteral":{"En":"Apply and compare scientific perspectives to discuss complex relationships, synergies and goal conflicts in sustainable development. "},"Id":"urn:eciu:note:3c2fcd93-4f1f-ef11-840a-7c1e5226a373","Type":"Note"},"Id":"urn:epass:learningOutcome:ca0883fe-421a-4599-8320-704fdeb01474-3","Type":"LearningOutcome"}],"LearningSetting":null,"Mode":null,"Title":{"En":"Global Sustainability Challenges"},"DcType":null,"HomePage":null,"VolumeOfLearning":null,"Id":"urn:eciu:qualification:ca0883fe-421a-4599-8320-704fdeb01474","Type":"Qualification"},"IsPartOf":{"Mode":null,"DcType":null,"Title":{"En":"Global Sustainability Challenges"},"AdmissionsProcedure":null,"ApplicationDeadline":null,"Description":null,"LearningAchievementSpecification":null,"IsPartOf":null,"Temporal":null,"ProvidedBy":null,"LearningActivitySpecification":null,"BannerImage":null,"MoreInformation":null,"Id":"urn:eciu:learningOpportunity:1b1e231c-221f-ef11-840a-0022487fecad","Type":"LearningOpportunity"},"Temporal":{"EndDate":"2024-09-09T00:00:00Z","Name":{"En":"Temporal"},"StartDate":"2024-10-04T00:00:00Z"},"ProvidedBy":{"Location":null,"Logo":null,"LegalName":{"En":"LINKOPINGS UNIVERSITET (LIU)"},"Registration":null,"Homepage":null,"Id":"urn:eciu:org:f1122d1d-6a54-ed11-bba2-6045bd886566","Type":"Organisation"},"LearningActivitySpecification":{"Mode":null,"DcType":null,"Title":{"En":""},"Description":null,"MoreInformation":[{"NoteLiteral":"The expected workload of the micro-module is around 30 hours per week. This includes not only the the scheduled activities, such as lectures, seminars and workshops, but also individual time invested in group work, self-study, seminar preparation, assignment writing etc.\n\n**Teaching and working methods**\n\nTeaching takes place remotely and consists of lectures, laboratory sessions, workshops, seminars and group work. The laboratory work of the module is carried out online with equipment and uses laboratory methods intended to identify, quantify and analyse substances in nature that are the result of human activities. The students are also expected to conduct self-study.\u00A0\n\n**Examination**\n\nThe module is examined through:\u00A0\u00A0\n\n- Active participation in seminars, grading scale: P/F\n\n- Group work, grading scale: P/F\n\n- Individual written assignment, grading scale: ECTS (A-F)\n\nThis micro-module can be combined with:\u00A0\n\n- the micro-module\u00A0**Solutions to global sustainability challenges**\n- the challenge\u00A0**Advancing Sustainable Futures: Integrating Biogas Production into Society for a Greener Transition**","Subject":{"InScheme":{"Id":"urn:eciu:note","Type":"ConceptScheme"},"PrefLabel":{"En":"ParticipantInformation"},"Id":"ca0883fe-421a-4599-8320-704fdeb01474","Type":"Concept"}}],"HasPart":null,"Id":"urn:eciu:learningActivitySpec:ca0883fe-421a-4599-8320-704fdeb01474","Type":"LearningActivitySpecification"},"BannerImage":null,"MoreInformation":[{"NoteLiteral":"","Subject":{"InScheme":{"Id":"urn:eciu:note","Type":"ConceptScheme"},"PrefLabel":{"En":"SourceIdentifier"},"Id":"ca0883fe-421a-4599-8320-704fdeb01474","Type":"Concept"}},{"NoteLiteral":"Using planetary boundaries to understand climate change","Subject":{"InScheme":{"Id":"urn:eciu:note","Type":"ConceptScheme"},"PrefLabel":{"En":"SubTitle"},"Id":"ca0883fe-421a-4599-8320-704fdeb01474","Type":"Concept"}},{"NoteLiteral":"As the environmental challenges the world is facing are growing more and more complex, a better understanding of their causes and effects is crucial. This micro-module will introduce the concept of planetary boundaries, highlight its links with sustainable development and help you gain a new perspective on the relations, synergies and conflicts within sustainability.","Subject":{"InScheme":{"Id":"urn:eciu:note","Type":"ConceptScheme"},"PrefLabel":{"En":"Introduction"},"Id":"ca0883fe-421a-4599-8320-704fdeb01474","Type":"Concept"}},{"NoteLiteral":"True","Subject":{"InScheme":{"Id":"urn:eciu:note","Type":"ConceptScheme"},"PrefLabel":{"En":"GenerateMicroCredentials"},"Id":"ca0883fe-421a-4599-8320-704fdeb01474","Type":"Concept"}},{"NoteLiteral":"**Deadline for applications:** 01 September 2024\n\n**Entry requirements**:\u00A0studying at the university level.\n\nNo previous knowledge of laboratory methods is required.\n\nAll applicants are required to submit a transcript of records during the application process.\n\nThe applicants will receive a results notification within 5 days after the deadline. If admitted, the student will receive further information regarding the next steps in process by the host university.","Subject":{"InScheme":{"Id":"urn:eciu:note","Type":"ConceptScheme"},"PrefLabel":{"En":"AdmissionProcessInformation"},"Id":"ca0883fe-421a-4599-8320-704fdeb01474","Type":"Concept"}},{"NoteLiteral":"False","Subject":{"InScheme":{"Id":"urn:eciu:note","Type":"ConceptScheme"},"PrefLabel":{"En":"SimplifiedAdmissionProcess"},"Id":"ca0883fe-421a-4599-8320-704fdeb01474","Type":"Concept"}},{"NoteLiteral":"2024-06-14","Subject":{"InScheme":{"Id":"urn:eciu:note","Type":"ConceptScheme"},"PrefLabel":{"En":"ApplicationPeriodStartDate"},"Id":"ca0883fe-421a-4599-8320-704fdeb01474","Type":"Concept"}},{"NoteLiteral":"20","Subject":{"InScheme":{"Id":"urn:eciu:note","Type":"ConceptScheme"},"PrefLabel":{"En":"MaximumNumberOfSeats"},"Id":"ca0883fe-421a-4599-8320-704fdeb01474","Type":"Concept"}},{"NoteLiteral":"False","Subject":{"InScheme":{"Id":"urn:eciu:note","Type":"ConceptScheme"},"PrefLabel":{"En":"ECIULMSENabled"},"Id":"ca0883fe-421a-4599-8320-704fdeb01474","Type":"Concept"}},{"NoteLiteral":"","Subject":{"InScheme":{"Id":"urn:eciu:note","Type":"ConceptScheme"},"PrefLabel":{"En":"LMSUrl"},"Id":"ca0883fe-421a-4599-8320-704fdeb01474","Type":"Concept"}},{"NoteLiteral":"","Subject":{"InScheme":{"Id":"urn:eciu:note","Type":"ConceptScheme"},"PrefLabel":{"En":"TeamAccessDate"},"Id":"ca0883fe-421a-4599-8320-704fdeb01474","Type":"Concept"}},{"NoteLiteral":"false","Subject":{"InScheme":{"Id":"urn:eciu:note","Type":"ConceptScheme"},"PrefLabel":{"En":"SelfPaced"},"Id":"ca0883fe-421a-4599-8320-704fdeb01474","Type":"Concept"}},{"NoteLiteral":"83","Subject":{"InScheme":{"Id":"urn:eciu:note","Type":"ConceptScheme"},"PrefLabel":{"En":"Pace"},"Id":"ca0883fe-421a-4599-8320-704fdeb01474","Type":"Concept"}},{"NoteLiteral":"Standard","Subject":{"InScheme":{"Id":"urn:eciu:note","Type":"ConceptScheme"},"PrefLabel":{"En":"Scope"},"Id":"ca0883fe-421a-4599-8320-704fdeb01474","Type":"Concept"}}],"Id":"urn:eciu:learningOpportunity:ca0883fe-421a-4599-8320-704fdeb01474","Type":"LearningOpportunity"}