{"Mode":{"InScheme":{"Id":"http://data.europa.eu/snb/learning-assessment/25831c2","Type":"ConceptScheme"},"PrefLabel":{"En":"Online"},"Id":"http://data.europa.eu/snb/learning-assessment/920fbb3cbe","Type":"Concept"},"DcType":null,"Title":{"En":"Basics of Machinery Mechanics"},"AdmissionsProcedure":{"NoteLiteral":{"En":"As prerequisite, basic (elementary) knowledge in physics and algebra is preferred.\nApplicants need to attach a copy of ID card/passport (document issued by the country of origin) to enrol for the KTU virtual learning environment. This does not apply to KTU students (if you are a KTU student, you may attach a blank page).\u00A0\nB2 level of English language proficiency is required."},"Id":"urn:eciu:note:994fc4bb-11fa-4309-91f6-c3c4204d164e","Type":"Note"},"ApplicationDeadline":"2024-10-01","Description":{"En":"What all machines have in common is that they all perform mechanical movements. The micro-module is intended to develop an understanding of the basic structure of mechanical parts of machines, i.e. how motion is obtained in machines. If we are concerned about mobility, or the system that allows motion, we see the core component in it \u2013 a machine that performs mechanical motion. The micro-module presents an overview of the main types of mechanisms used in machinery, their kinematical and load capacity properties. Special focus is made on gear mechanisms developing abilities to calculate the necessary power to get the desired motion under loads caused by it, select the mechanism structure, to analyze motion parameters."},"LearningAchievementSpecification":{"EQFLevel":{"InScheme":{"Id":"http://data.europa.eu/snb/eqf/25831c2","Type":"ConceptScheme"},"PrefLabel":{"En":"Level 7"},"Id":"http://data.europa.eu/snb/eqf/7","Type":"Concept"},"CreditPoint":{"Framework":{"InScheme":{"Id":"http://data.europa.eu/snb/education-credit/25831c2","Type":"ConceptScheme"},"PrefLabel":{"En":"European Credit Transfer System"},"Id":"http://data.europa.eu/snb/education-credit/6fcec5c5af","Type":"Concept"},"Point":"1,0","Id":"urn:epass:creditPoint:994fc4bb-11fa-4309-91f6-c3c4204d164e","Type":"CreditPoint"},"LearningOutcome":[{"Title":{"En":"Functional properties of mechanisms"},"RelatedESCOSkill":[{"Notation":"Skill","InScheme":{"Id":"http://data.europa.eu/esco/concept-scheme/skills","Type":"ConceptScheme"},"PrefLabel":{"En":"develop innovative mobility solutions"},"Id":"http://data.europa.eu/esco/skill/fcffe2a5-6253-4848-92e7-749304aca647","Type":"Concept"}],"AdditionalNote":{"NoteLiteral":{"En":"To characterise functional properties of linkages, gear and cam mechanisms in machines and devices and represent their structure schematically by kinematical symbols."},"Id":"urn:eciu:note:89ad2383-7c44-ef11-a316-0022488b1514","Type":"Note"},"Id":"urn:epass:learningOutcome:994fc4bb-11fa-4309-91f6-c3c4204d164e-1","Type":"LearningOutcome"},{"Title":{"En":"Machines for solution of engineering problems"},"RelatedESCOSkill":[{"Notation":"Skill","InScheme":{"Id":"http://data.europa.eu/esco/concept-scheme/skills","Type":"ConceptScheme"},"PrefLabel":{"En":"use IT tools"},"Id":"http://data.europa.eu/esco/skill/f632251a-4078-4546-b19f-7ef528d08325","Type":"Concept"}],"AdditionalNote":{"NoteLiteral":{"En":"To discuss feasibility of the application of mechanisms with certain properties for solution of engineering problems."},"Id":"urn:eciu:note:6cc6d026-7d44-ef11-a316-0022488b1514","Type":"Note"},"Id":"urn:epass:learningOutcome:994fc4bb-11fa-4309-91f6-c3c4204d164e-2","Type":"LearningOutcome"},{"Title":{"En":"Basic gear mechanisms"},"RelatedESCOSkill":[{"Notation":"Skill","InScheme":{"Id":"http://data.europa.eu/esco/concept-scheme/skills","Type":"ConceptScheme"},"PrefLabel":{"En":"solve problems"},"Id":"http://data.europa.eu/esco/skill/adc6dc11-3376-467b-96c5-9b0a21edc869","Type":"Concept"}],"AdditionalNote":{"NoteLiteral":{"En":"To determine the basic functional properties of gear mechanisms."},"Id":"urn:eciu:note:0ec76051-7d44-ef11-a316-0022488b1514","Type":"Note"},"Id":"urn:epass:learningOutcome:994fc4bb-11fa-4309-91f6-c3c4204d164e-3","Type":"LearningOutcome"}],"LearningSetting":null,"Mode":null,"Title":{"En":"Basics of Machinery Mechanics"},"DcType":null,"HomePage":null,"VolumeOfLearning":null,"Id":"urn:eciu:qualification:994fc4bb-11fa-4309-91f6-c3c4204d164e","Type":"Qualification"},"IsPartOf":{"Mode":null,"DcType":null,"Title":{"En":"Basics\u00A0of\u00A0Machinery\u00A0Mechanics\u200B"},"AdmissionsProcedure":null,"ApplicationDeadline":null,"Description":null,"LearningAchievementSpecification":null,"IsPartOf":null,"Temporal":null,"ProvidedBy":null,"LearningActivitySpecification":null,"BannerImage":null,"MoreInformation":null,"Id":"urn:eciu:learningOpportunity:8b73b70c-211d-ef11-840a-000d3a2a7e23","Type":"LearningOpportunity"},"Temporal":{"EndDate":"2024-10-15T00:00:00Z","Name":{"En":"Temporal"},"StartDate":"2024-11-04T00:00:00Z"},"ProvidedBy":{"Location":null,"Logo":null,"LegalName":{"En":"KAUNO TECHNOLOGIJOS UNIVERSITETAS (KTU)"},"Registration":null,"Homepage":null,"Id":"urn:eciu:org:4cc1e316-6a54-ed11-bba2-6045bd886566","Type":"Organisation"},"LearningActivitySpecification":{"Mode":null,"DcType":null,"Title":{"En":""},"Description":{"En":"[https://uais.cr.ktu.lt/ktuis/stp\\_report\\_ects.mdl\\_ml?p\\_kodas=MM00M118\u0026p\\_year=2024\u0026p\\_lang=EN\u0026p\\_stp\\_id=](https://uais.cr.ktu.lt/ktuis/stp_report_ects.mdl_ml?p_kodas=MM00M118\u0026amp;p_year=2024\u0026amp;p_lang=EN\u0026amp;p_stp_id=)"},"MoreInformation":[{"NoteLiteral":"This micro-module is intended for learners of technological sciences with no background in mechanical engineering or learners in social sciences, humanities, natural or health sciences. The micro-module is divided into three weeks. Each week will start with a video lecture, followed by reading concise materials relevant to the topic and a practical task. The week will end with a self-assessment test.\n\nAs prerequisite, basic (elementary) knowledge in physics and algebra is preferred. Core courses in mechanical engineering are not necessary.\n\n[Syllabus of the micro-module](https://uais.cr.ktu.lt/ktuis/stp_report_ects.mdl_ml?p_kodas=MM00M118\u0026amp;p_year=2024\u0026amp;p_lang=EN\u0026amp;p_stp_id=)","Subject":{"InScheme":{"Id":"urn:eciu:note","Type":"ConceptScheme"},"PrefLabel":{"En":"ParticipantInformation"},"Id":"994fc4bb-11fa-4309-91f6-c3c4204d164e","Type":"Concept"}}],"HasPart":null,"Id":"urn:eciu:learningActivitySpec:994fc4bb-11fa-4309-91f6-c3c4204d164e","Type":"LearningActivitySpecification"},"BannerImage":null,"MoreInformation":[{"NoteLiteral":"MM00M118","Subject":{"InScheme":{"Id":"urn:eciu:note","Type":"ConceptScheme"},"PrefLabel":{"En":"SourceIdentifier"},"Id":"994fc4bb-11fa-4309-91f6-c3c4204d164e","Type":"Concept"}},{"NoteLiteral":"Systemized Summary how Machines perform mechanical movements and transform energy, materials or information","Subject":{"InScheme":{"Id":"urn:eciu:note","Type":"ConceptScheme"},"PrefLabel":{"En":"SubTitle"},"Id":"994fc4bb-11fa-4309-91f6-c3c4204d164e","Type":"Concept"}},{"NoteLiteral":"The micro-module provides the student with structured information on the general principles of the generation and transmission of motion in machines, i.e. how motion is generated, how and by what means it is transmitted within the machine, and how the required parameters of motion are obtained.","Subject":{"InScheme":{"Id":"urn:eciu:note","Type":"ConceptScheme"},"PrefLabel":{"En":"Introduction"},"Id":"994fc4bb-11fa-4309-91f6-c3c4204d164e","Type":"Concept"}},{"NoteLiteral":"True","Subject":{"InScheme":{"Id":"urn:eciu:note","Type":"ConceptScheme"},"PrefLabel":{"En":"GenerateMicroCredentials"},"Id":"994fc4bb-11fa-4309-91f6-c3c4204d164e","Type":"Concept"}},{"NoteLiteral":"As prerequisite, basic (elementary) knowledge in physics and algebra is preferred.\n\nApplicants need to attach a copy of ID card/passport (document issued by the country of origin) to enrol for the KTU virtual learning environment. This does not apply to KTU students (if you are a KTU student, you may attach a blank page).\u00A0\n\nB2 level of English language proficiency is required.","Subject":{"InScheme":{"Id":"urn:eciu:note","Type":"ConceptScheme"},"PrefLabel":{"En":"AdmissionProcessInformation"},"Id":"994fc4bb-11fa-4309-91f6-c3c4204d164e","Type":"Concept"}},{"NoteLiteral":"False","Subject":{"InScheme":{"Id":"urn:eciu:note","Type":"ConceptScheme"},"PrefLabel":{"En":"SimplifiedAdmissionProcess"},"Id":"994fc4bb-11fa-4309-91f6-c3c4204d164e","Type":"Concept"}},{"NoteLiteral":"2024-07-18","Subject":{"InScheme":{"Id":"urn:eciu:note","Type":"ConceptScheme"},"PrefLabel":{"En":"ApplicationPeriodStartDate"},"Id":"994fc4bb-11fa-4309-91f6-c3c4204d164e","Type":"Concept"}},{"NoteLiteral":"10","Subject":{"InScheme":{"Id":"urn:eciu:note","Type":"ConceptScheme"},"PrefLabel":{"En":"MaximumNumberOfSeats"},"Id":"994fc4bb-11fa-4309-91f6-c3c4204d164e","Type":"Concept"}},{"NoteLiteral":"False","Subject":{"InScheme":{"Id":"urn:eciu:note","Type":"ConceptScheme"},"PrefLabel":{"En":"ECIULMSENabled"},"Id":"994fc4bb-11fa-4309-91f6-c3c4204d164e","Type":"Concept"}},{"NoteLiteral":"","Subject":{"InScheme":{"Id":"urn:eciu:note","Type":"ConceptScheme"},"PrefLabel":{"En":"LMSUrl"},"Id":"994fc4bb-11fa-4309-91f6-c3c4204d164e","Type":"Concept"}},{"NoteLiteral":"","Subject":{"InScheme":{"Id":"urn:eciu:note","Type":"ConceptScheme"},"PrefLabel":{"En":"TeamAccessDate"},"Id":"994fc4bb-11fa-4309-91f6-c3c4204d164e","Type":"Concept"}},{"NoteLiteral":"false","Subject":{"InScheme":{"Id":"urn:eciu:note","Type":"ConceptScheme"},"PrefLabel":{"En":"SelfPaced"},"Id":"994fc4bb-11fa-4309-91f6-c3c4204d164e","Type":"Concept"}},{"NoteLiteral":"0","Subject":{"InScheme":{"Id":"urn:eciu:note","Type":"ConceptScheme"},"PrefLabel":{"En":"Pace"},"Id":"994fc4bb-11fa-4309-91f6-c3c4204d164e","Type":"Concept"}},{"NoteLiteral":"Standard","Subject":{"InScheme":{"Id":"urn:eciu:note","Type":"ConceptScheme"},"PrefLabel":{"En":"Scope"},"Id":"994fc4bb-11fa-4309-91f6-c3c4204d164e","Type":"Concept"}}],"Id":"urn:eciu:learningOpportunity:994fc4bb-11fa-4309-91f6-c3c4204d164e","Type":"LearningOpportunity"}