{"Mode":{"InScheme":{"Id":"http://data.europa.eu/snb/learning-assessment/25831c2","Type":"ConceptScheme"},"PrefLabel":{"En":"Online"},"Id":"http://data.europa.eu/snb/learning-assessment/920fbb3cbe","Type":"Concept"},"DcType":null,"Title":{"En":"Effective Conference Presentations: Sharing Your Research"},"AdmissionsProcedure":null,"ApplicationDeadline":"2024-10-06","Description":{"En":"There are numerous unique challenges and expectations related to submitting English-language abstract proposals and presenting at international conferences, thus, this course will prove beneficial regardless of students\u2019 conference experience and native language.\n\nThis English-medium asynchronous online course is offered to master\u2019s and doctoral students over a six-week period. The course aims to support master\u2019s and doctoral students wishing to share their research projects with an international conference audience.\n\nThe course will improve students\u2019 ability to:\n\nWrite and submit a conference abstract\n\nChoose and organize appropriate content\n\nDesign effective visuals\n\nPresent their content to an international audience\n\nDeal with questions posed by conference delegates."},"LearningAchievementSpecification":{"EQFLevel":{"InScheme":{"Id":"http://data.europa.eu/snb/eqf/25831c2","Type":"ConceptScheme"},"PrefLabel":{"En":"Level 7"},"Id":"http://data.europa.eu/snb/eqf/7","Type":"Concept"},"CreditPoint":{"Framework":{"InScheme":{"Id":"http://data.europa.eu/snb/education-credit/25831c2","Type":"ConceptScheme"},"PrefLabel":{"En":"European Credit Transfer System"},"Id":"http://data.europa.eu/snb/education-credit/6fcec5c5af","Type":"Concept"},"Point":"3,0","Id":"urn:epass:creditPoint:0089c426-bbaa-4860-934e-c48d828f6b35","Type":"CreditPoint"},"LearningOutcome":[{"Title":{"En":"Writing in academic style"},"RelatedESCOSkill":[{"Notation":"Skill","InScheme":{"Id":"http://data.europa.eu/esco/concept-scheme/skills","Type":"ConceptScheme"},"PrefLabel":{"En":"write English"},"Id":"http://data.europa.eu/esco/skill/3993c87c-7719-4186-811b-8ddfb40e76be","Type":"Concept"}],"AdditionalNote":{"NoteLiteral":{"En":"Upon successful completion of the course, students will be able to employ a formal academic style in research presentation abstracts, visuals, and verbal content, and express their research topic in a concise and clear fashion"},"Id":"urn:eciu:note:487c8889-536f-ef11-a671-000d3a2dcd53","Type":"Note"},"Id":"urn:epass:learningOutcome:0089c426-bbaa-4860-934e-c48d828f6b35-1","Type":"LearningOutcome"},{"Title":{"En":"Participating in \u0022Call for papers\u0022"},"RelatedESCOSkill":[{"Notation":"Skill","InScheme":{"Id":"http://data.europa.eu/esco/concept-scheme/skills","Type":"ConceptScheme"},"PrefLabel":{"En":"publish academic research"},"Id":"http://data.europa.eu/esco/skill/979cf728-896f-4f2c-8fa8-2698ca0d4930","Type":"Concept"},{"Notation":"Skill","InScheme":{"Id":"http://data.europa.eu/esco/concept-scheme/skills","Type":"ConceptScheme"},"PrefLabel":{"En":"technical or academic writing"},"Id":"http://data.europa.eu/esco/skill/6e62e776-fbfa-486c-a6df-58cd239c86fe","Type":"Concept"}],"AdditionalNote":{"NoteLiteral":{"En":"Upon successful completion of the course, students will be able to tailor their research titles and abstracts to meet the requirements of a \u2018Call for Papers\u2019"},"Id":"urn:eciu:note:f994dc3c-556f-ef11-a671-000d3a2dcd53","Type":"Note"},"Id":"urn:epass:learningOutcome:0089c426-bbaa-4860-934e-c48d828f6b35-2","Type":"LearningOutcome"},{"Title":{"En":"Presenting in online settings"},"RelatedESCOSkill":[{"Notation":"Skill","InScheme":{"Id":"http://data.europa.eu/esco/concept-scheme/skills","Type":"ConceptScheme"},"PrefLabel":{"En":"give live presentation"},"Id":"http://data.europa.eu/esco/skill/c55caed2-de9e-4a25-819e-a0b0e83fba1b","Type":"Concept"},{"Notation":"Skill","InScheme":{"Id":"http://data.europa.eu/esco/concept-scheme/skills","Type":"ConceptScheme"},"PrefLabel":{"En":"prepare presentation material"},"Id":"http://data.europa.eu/esco/skill/1ba59ce0-7fec-434b-8d5c-9b275250a26c","Type":"Concept"},{"Notation":"Skill","InScheme":{"Id":"http://data.europa.eu/esco/concept-scheme/skills","Type":"ConceptScheme"},"PrefLabel":{"En":"use IT tools"},"Id":"http://data.europa.eu/esco/skill/f632251a-4078-4546-b19f-7ef528d08325","Type":"Concept"},{"Notation":"Skill","InScheme":{"Id":"http://data.europa.eu/esco/concept-scheme/skills","Type":"ConceptScheme"},"PrefLabel":{"En":"demonstrate intercultural competence"},"Id":"http://data.europa.eu/esco/skill/c10d5d87-36cf-42f5-8a12-e560fb5f4af8","Type":"Concept"}],"AdditionalNote":{"NoteLiteral":{"En":"Upon successful completion of the course, students will be able to use a range of linguistic, physical, and technological strategies to effectively convey their presentation content in an online conference setting."},"Id":"urn:eciu:note:954dd07a-dc74-ef11-a670-6045bd8dc671","Type":"Note"},"Id":"urn:epass:learningOutcome:0089c426-bbaa-4860-934e-c48d828f6b35-3","Type":"LearningOutcome"},{"Title":{"En":"Answering questions in online settings"},"RelatedESCOSkill":[{"Notation":"Skill","InScheme":{"Id":"http://data.europa.eu/esco/concept-scheme/skills","Type":"ConceptScheme"},"PrefLabel":{"En":"interact verbally in English"},"Id":"http://data.europa.eu/esco/skill/0ee9e985-0ee5-4a73-8a12-78b53b261bb2","Type":"Concept"},{"Notation":"Skill","InScheme":{"Id":"http://data.europa.eu/esco/concept-scheme/skills","Type":"ConceptScheme"},"PrefLabel":{"En":"listening and asking questions"},"Id":"http://data.europa.eu/esco/skill/S1.7.3","Type":"Concept"}],"AdditionalNote":{"NoteLiteral":{"En":"Upon successful completion of the course, students will be able to plan for and deal with questions posed by delegates in an online conference setting."},"Id":"urn:eciu:note:d7a0e48c-dc74-ef11-a670-6045bd8dc671","Type":"Note"},"Id":"urn:epass:learningOutcome:0089c426-bbaa-4860-934e-c48d828f6b35-4","Type":"LearningOutcome"},{"Title":{"En":"Assessing ones own performance"},"RelatedESCOSkill":[{"Notation":"Skill","InScheme":{"Id":"http://data.europa.eu/esco/concept-scheme/skills","Type":"ConceptScheme"},"PrefLabel":{"En":"exercise self-reflection"},"Id":"http://data.europa.eu/esco/skill/409a0245-0e6c-4aac-ba16-0920ecb76a8d","Type":"Concept"},{"Notation":"Skill","InScheme":{"Id":"http://data.europa.eu/esco/concept-scheme/skills","Type":"ConceptScheme"},"PrefLabel":{"En":"think critically"},"Id":"http://data.europa.eu/esco/skill/7dd94ad3-13d6-43fe-8b94-51fcbf67ced9","Type":"Concept"}],"AdditionalNote":{"NoteLiteral":{"En":"Upon successful completion of the course, students will be able to assess their own performance, make revisions based on teacher-feedback, and provide constructive peer-feedback"},"Id":"urn:eciu:note:0f3415a7-dc74-ef11-a670-6045bd8dc671","Type":"Note"},"Id":"urn:epass:learningOutcome:0089c426-bbaa-4860-934e-c48d828f6b35-5","Type":"LearningOutcome"}],"LearningSetting":null,"Mode":null,"Title":{"En":"Effective Conference Presentations: Sharing Your Research"},"DcType":null,"HomePage":null,"VolumeOfLearning":null,"Id":"urn:eciu:qualification:0089c426-bbaa-4860-934e-c48d828f6b35","Type":"Qualification"},"IsPartOf":{"Mode":null,"DcType":null,"Title":{"En":"Effective Conference Presentations: Sharing Your Research"},"AdmissionsProcedure":null,"ApplicationDeadline":null,"Description":null,"LearningAchievementSpecification":null,"IsPartOf":null,"Temporal":null,"ProvidedBy":null,"LearningActivitySpecification":null,"BannerImage":null,"MoreInformation":null,"Id":"urn:eciu:learningOpportunity:e821b869-4b6f-ef11-a671-000d3a2dcd53","Type":"LearningOpportunity"},"Temporal":{"EndDate":"2024-10-21T00:00:00Z","Name":{"En":"Temporal"},"StartDate":"2024-12-08T00:00:00Z"},"ProvidedBy":{"Location":null,"Logo":null,"LegalName":{"En":"TAMPEREEN KORKEAKOULUSAATIO SR (TAU)"},"Registration":null,"Homepage":null,"Id":"urn:eciu:org:8f142831-6a54-ed11-bba2-6045bd886566","Type":"Organisation"},"LearningActivitySpecification":{"Mode":null,"DcType":null,"Title":{"En":""},"Description":null,"MoreInformation":[{"NoteLiteral":"The course is CEFR-level B2 and higher. the working language of the course is English.\n\nThe course consists of three modules:\n\nModule A: Drafting and submitting English-language presentation titles and abstracts.\n\nModule B: Designing and revising effective presentation content and visual aids.\n\nModule C: Presentation skills \u0026 dealing with questions (Practice \u0026 Online Mock Conference)\n\nThe course is organized\u00A0synchronously via Moodle. However, the students\u00A0can join optional \u201Cdrop-in\u201D sessions.\u00A0Students will arrange two or three online small-group meetings during the course.  \n\nAssessment criteria:\n\nThe course assessment is based on learning tasks that are assessed pass/fail.\n\nDetailed information about assessed learning tasks will be provided at the start of the course.","Subject":{"InScheme":{"Id":"urn:eciu:note","Type":"ConceptScheme"},"PrefLabel":{"En":"ParticipantInformation"},"Id":"0089c426-bbaa-4860-934e-c48d828f6b35","Type":"Concept"}}],"HasPart":null,"Id":"urn:eciu:learningActivitySpec:0089c426-bbaa-4860-934e-c48d828f6b35","Type":"LearningActivitySpecification"},"BannerImage":null,"MoreInformation":[{"NoteLiteral":"","Subject":{"InScheme":{"Id":"urn:eciu:note","Type":"ConceptScheme"},"PrefLabel":{"En":"SourceIdentifier"},"Id":"0089c426-bbaa-4860-934e-c48d828f6b35","Type":"Concept"}},{"NoteLiteral":"Online asynchronous course for master\u2019s and doctoral students","Subject":{"InScheme":{"Id":"urn:eciu:note","Type":"ConceptScheme"},"PrefLabel":{"En":"SubTitle"},"Id":"0089c426-bbaa-4860-934e-c48d828f6b35","Type":"Concept"}},{"NoteLiteral":"This English-medium asynchronous online course offered to master\u2019s and doctoral students over a six-week period aims to support master\u2019s and doctoral students wishing to share their research projects with an international conference audience. The course will improve students\u2019 ability to write and submit a conference abstract, choose and organize appropriate content, design effective visuals, and present at international conferences.","Subject":{"InScheme":{"Id":"urn:eciu:note","Type":"ConceptScheme"},"PrefLabel":{"En":"Introduction"},"Id":"0089c426-bbaa-4860-934e-c48d828f6b35","Type":"Concept"}},{"NoteLiteral":"True","Subject":{"InScheme":{"Id":"urn:eciu:note","Type":"ConceptScheme"},"PrefLabel":{"En":"GenerateMicroCredentials"},"Id":"0089c426-bbaa-4860-934e-c48d828f6b35","Type":"Concept"}},{"NoteLiteral":"There is no specific requirements for the course and the first 12 students enrolling will be accepted on the course. However, **the course is designed for masters and doctoral students,**especially those planning to present at a international conference in the near future.","Subject":{"InScheme":{"Id":"urn:eciu:note","Type":"ConceptScheme"},"PrefLabel":{"En":"AdmissionProcessInformation"},"Id":"0089c426-bbaa-4860-934e-c48d828f6b35","Type":"Concept"}},{"NoteLiteral":"True","Subject":{"InScheme":{"Id":"urn:eciu:note","Type":"ConceptScheme"},"PrefLabel":{"En":"SimplifiedAdmissionProcess"},"Id":"0089c426-bbaa-4860-934e-c48d828f6b35","Type":"Concept"}},{"NoteLiteral":"2024-09-10","Subject":{"InScheme":{"Id":"urn:eciu:note","Type":"ConceptScheme"},"PrefLabel":{"En":"ApplicationPeriodStartDate"},"Id":"0089c426-bbaa-4860-934e-c48d828f6b35","Type":"Concept"}},{"NoteLiteral":"15","Subject":{"InScheme":{"Id":"urn:eciu:note","Type":"ConceptScheme"},"PrefLabel":{"En":"MaximumNumberOfSeats"},"Id":"0089c426-bbaa-4860-934e-c48d828f6b35","Type":"Concept"}},{"NoteLiteral":"False","Subject":{"InScheme":{"Id":"urn:eciu:note","Type":"ConceptScheme"},"PrefLabel":{"En":"ECIULMSENabled"},"Id":"0089c426-bbaa-4860-934e-c48d828f6b35","Type":"Concept"}},{"NoteLiteral":"","Subject":{"InScheme":{"Id":"urn:eciu:note","Type":"ConceptScheme"},"PrefLabel":{"En":"LMSUrl"},"Id":"0089c426-bbaa-4860-934e-c48d828f6b35","Type":"Concept"}},{"NoteLiteral":"","Subject":{"InScheme":{"Id":"urn:eciu:note","Type":"ConceptScheme"},"PrefLabel":{"En":"TeamAccessDate"},"Id":"0089c426-bbaa-4860-934e-c48d828f6b35","Type":"Concept"}},{"NoteLiteral":"false","Subject":{"InScheme":{"Id":"urn:eciu:note","Type":"ConceptScheme"},"PrefLabel":{"En":"SelfPaced"},"Id":"0089c426-bbaa-4860-934e-c48d828f6b35","Type":"Concept"}},{"NoteLiteral":"20","Subject":{"InScheme":{"Id":"urn:eciu:note","Type":"ConceptScheme"},"PrefLabel":{"En":"Pace"},"Id":"0089c426-bbaa-4860-934e-c48d828f6b35","Type":"Concept"}},{"NoteLiteral":"Standard","Subject":{"InScheme":{"Id":"urn:eciu:note","Type":"ConceptScheme"},"PrefLabel":{"En":"Scope"},"Id":"0089c426-bbaa-4860-934e-c48d828f6b35","Type":"Concept"}}],"Id":"urn:eciu:learningOpportunity:0089c426-bbaa-4860-934e-c48d828f6b35","Type":"LearningOpportunity"}