{"Mode":{"InScheme":{"Id":"http://data.europa.eu/snb/learning-assessment/25831c2","Type":"ConceptScheme"},"PrefLabel":{"En":"Online"},"Id":"http://data.europa.eu/snb/learning-assessment/920fbb3cbe","Type":"Concept"},"DcType":null,"Title":{"En":"Rehabilitation and Assistive Augmentation"},"AdmissionsProcedure":null,"ApplicationDeadline":"2024-12-01","Description":{"En":"In this module, we will look at different technologies for physical and motor rehabilitation, including exergames, virtual reality, gestures, robots and more. Examples from research and current medical practices will be described, along with their benefits and limitations. Further, trends in assistive augmentation, e.g. technologies that enable us to enhance physical, sensorial, and cognitive capabilities, will be discussed."},"LearningAchievementSpecification":{"EQFLevel":{"InScheme":{"Id":"http://data.europa.eu/snb/eqf/25831c2","Type":"ConceptScheme"},"PrefLabel":{"En":"Level 7"},"Id":"http://data.europa.eu/snb/eqf/7","Type":"Concept"},"CreditPoint":{"Framework":{"InScheme":{"Id":"http://data.europa.eu/snb/education-credit/25831c2","Type":"ConceptScheme"},"PrefLabel":{"En":"European Credit Transfer System"},"Id":"http://data.europa.eu/snb/education-credit/6fcec5c5af","Type":"Concept"},"Point":"1,0","Id":"urn:epass:creditPoint:10fe9e3a-b6cf-455c-8064-655801c76c6d","Type":"CreditPoint"},"LearningOutcome":[{"Title":{"En":"Learning Outcome 1"},"RelatedESCOSkill":[{"Notation":"Skill","InScheme":{"Id":"http://data.europa.eu/esco/concept-scheme/skills","Type":"ConceptScheme"},"PrefLabel":{"En":"use ICT systems"},"Id":"http://data.europa.eu/esco/skill/31d35d3d-2bf2-49aa-9c20-92566ef80277","Type":"Concept"},{"Notation":"Skill","InScheme":{"Id":"http://data.europa.eu/esco/concept-scheme/skills","Type":"ConceptScheme"},"PrefLabel":{"En":"use IT tools"},"Id":"http://data.europa.eu/esco/skill/f632251a-4078-4546-b19f-7ef528d08325","Type":"Concept"}],"AdditionalNote":{"NoteLiteral":{"En":"The student will be able to critically reflect on current research and medical application that focus on rehabilitation and assistive augmentation, and the difference between the two approaches."},"Id":"urn:eciu:note:6dfe50ad-f210-ee11-8f6d-6045bd886fac","Type":"Note"},"Id":"urn:epass:learningOutcome:10fe9e3a-b6cf-455c-8064-655801c76c6d-1","Type":"LearningOutcome"},{"Title":{"En":"Learning Outcome 2"},"RelatedESCOSkill":[{"Notation":"Skill","InScheme":{"Id":"http://data.europa.eu/esco/concept-scheme/skills","Type":"ConceptScheme"},"PrefLabel":{"En":"demonstrate consideration"},"Id":"http://data.europa.eu/esco/skill/9d75743b-317a-4bc4-b93f-c72e3ceba377","Type":"Concept"},{"Notation":"Skill","InScheme":{"Id":"http://data.europa.eu/esco/concept-scheme/skills","Type":"ConceptScheme"},"PrefLabel":{"En":"show empathy"},"Id":"http://data.europa.eu/esco/skill/77b636e8-fab3-41a8-8022-1e0a354059dc","Type":"Concept"}],"AdditionalNote":{"NoteLiteral":{"En":"By considering the design of an assistive augmentation application, the student will develop a nuanced understanding of disabilities and abilities, critically thinking beyond stereotypical notions of disabilities."},"Id":"urn:eciu:note:58a497c5-f210-ee11-8f6d-6045bd886fac","Type":"Note"},"Id":"urn:epass:learningOutcome:10fe9e3a-b6cf-455c-8064-655801c76c6d-2","Type":"LearningOutcome"}],"LearningSetting":null,"Mode":null,"Title":{"En":"Rehabilitation and Assistive Augmentation"},"DcType":null,"HomePage":null,"VolumeOfLearning":null,"Id":"urn:eciu:qualification:10fe9e3a-b6cf-455c-8064-655801c76c6d","Type":"Qualification"},"IsPartOf":{"Mode":null,"DcType":null,"Title":{"En":"Rehabilitation and Assistive Augmentation"},"AdmissionsProcedure":null,"ApplicationDeadline":null,"Description":null,"LearningAchievementSpecification":null,"IsPartOf":null,"Temporal":null,"ProvidedBy":null,"LearningActivitySpecification":null,"BannerImage":null,"MoreInformation":[{"NoteLiteral":"ACC.140","Subject":{"InScheme":{"Id":"urn:eciu:note","Type":"ConceptScheme"},"PrefLabel":{"En":"EducationIdentifier"},"Id":"8a1b1568-49d5-ed11-a7c7-6045bd886fac","Type":"Concept"}}],"Id":"urn:eciu:learningOpportunity:8a1b1568-49d5-ed11-a7c7-6045bd886fac","Type":"LearningOpportunity"},"Temporal":{"EndDate":"2023-08-06T00:00:00Z","Name":{"En":"Temporal"},"StartDate":"2024-12-31T00:00:00Z"},"ProvidedBy":{"Location":null,"Logo":null,"LegalName":{"En":"TAMPEREEN KORKEAKOULUSAATIO SR (TAU)"},"Registration":null,"Homepage":null,"Id":"urn:eciu:org:8f142831-6a54-ed11-bba2-6045bd886566","Type":"Organisation"},"LearningActivitySpecification":{"Mode":null,"DcType":null,"Title":{"En":""},"Description":null,"MoreInformation":[{"NoteLiteral":"This is a nonstoop MOOC (Massive Open Online course). This means the course is fully online and you can take it at your own pace according to your own schedule.  \n  \nThis MOOC is offered by Tampere University on the DigiCampus platform. Once you have your TUNI credentials, log in to DigiCampus by using the choice \u0022Login with HAKA Account\u0022, select \u0022Tampere Universities\u0022and use your tuni.fi account. In DigiCampus, head over the the course \u0022Methods and technologies for accessibility and their evaluation\u0022.\u00A0The enrolment key is \u002220methods21\u0022. From this module, select the course you applied for.  \n  \nLink to DigiCampus: digicampus.fi/?lang=en  \nDirect link to the course: digicampus.fi/course/view.php?id=1193","Subject":{"InScheme":{"Id":"urn:eciu:note","Type":"ConceptScheme"},"PrefLabel":{"En":"ParticipantInformation"},"Id":"10fe9e3a-b6cf-455c-8064-655801c76c6d","Type":"Concept"}}],"HasPart":null,"Id":"urn:eciu:learningActivitySpec:10fe9e3a-b6cf-455c-8064-655801c76c6d","Type":"LearningActivitySpecification"},"BannerImage":null,"MoreInformation":[{"NoteLiteral":"","Subject":{"InScheme":{"Id":"urn:eciu:note","Type":"ConceptScheme"},"PrefLabel":{"En":"SourceIdentifier"},"Id":"10fe9e3a-b6cf-455c-8064-655801c76c6d","Type":"Concept"}},{"NoteLiteral":"Nonstop MOOC on methods and technologies for accessibility","Subject":{"InScheme":{"Id":"urn:eciu:note","Type":"ConceptScheme"},"PrefLabel":{"En":"SubTitle"},"Id":"10fe9e3a-b6cf-455c-8064-655801c76c6d","Type":"Concept"}},{"NoteLiteral":"In this module, we will look at different technologies for physical and motor rehabilitation, including exergames, virtual reality, gestures, robots and more.","Subject":{"InScheme":{"Id":"urn:eciu:note","Type":"ConceptScheme"},"PrefLabel":{"En":"Introduction"},"Id":"10fe9e3a-b6cf-455c-8064-655801c76c6d","Type":"Concept"}},{"NoteLiteral":"True","Subject":{"InScheme":{"Id":"urn:eciu:note","Type":"ConceptScheme"},"PrefLabel":{"En":"GenerateMicroCredentials"},"Id":"10fe9e3a-b6cf-455c-8064-655801c76c6d","Type":"Concept"}},{"NoteLiteral":"This micromodule is open to all ECIU students and there is no specific admissions process, rather all interested students will have the change to take the course.","Subject":{"InScheme":{"Id":"urn:eciu:note","Type":"ConceptScheme"},"PrefLabel":{"En":"AdmissionProcessInformation"},"Id":"10fe9e3a-b6cf-455c-8064-655801c76c6d","Type":"Concept"}},{"NoteLiteral":"True","Subject":{"InScheme":{"Id":"urn:eciu:note","Type":"ConceptScheme"},"PrefLabel":{"En":"SimplifiedAdmissionProcess"},"Id":"10fe9e3a-b6cf-455c-8064-655801c76c6d","Type":"Concept"}},{"NoteLiteral":"2023-08-06","Subject":{"InScheme":{"Id":"urn:eciu:note","Type":"ConceptScheme"},"PrefLabel":{"En":"ApplicationPeriodStartDate"},"Id":"10fe9e3a-b6cf-455c-8064-655801c76c6d","Type":"Concept"}},{"NoteLiteral":"100","Subject":{"InScheme":{"Id":"urn:eciu:note","Type":"ConceptScheme"},"PrefLabel":{"En":"MaximumNumberOfSeats"},"Id":"10fe9e3a-b6cf-455c-8064-655801c76c6d","Type":"Concept"}},{"NoteLiteral":"False","Subject":{"InScheme":{"Id":"urn:eciu:note","Type":"ConceptScheme"},"PrefLabel":{"En":"ECIULMSENabled"},"Id":"10fe9e3a-b6cf-455c-8064-655801c76c6d","Type":"Concept"}},{"NoteLiteral":"https://digicampus.fi/course/view.php?id=1193","Subject":{"InScheme":{"Id":"urn:eciu:note","Type":"ConceptScheme"},"PrefLabel":{"En":"LMSUrl"},"Id":"10fe9e3a-b6cf-455c-8064-655801c76c6d","Type":"Concept"}},{"NoteLiteral":"","Subject":{"InScheme":{"Id":"urn:eciu:note","Type":"ConceptScheme"},"PrefLabel":{"En":"TeamAccessDate"},"Id":"10fe9e3a-b6cf-455c-8064-655801c76c6d","Type":"Concept"}},{"NoteLiteral":"false","Subject":{"InScheme":{"Id":"urn:eciu:note","Type":"ConceptScheme"},"PrefLabel":{"En":"SelfPaced"},"Id":"10fe9e3a-b6cf-455c-8064-655801c76c6d","Type":"Concept"}},{"NoteLiteral":"0","Subject":{"InScheme":{"Id":"urn:eciu:note","Type":"ConceptScheme"},"PrefLabel":{"En":"Pace"},"Id":"10fe9e3a-b6cf-455c-8064-655801c76c6d","Type":"Concept"}},{"NoteLiteral":"Standard","Subject":{"InScheme":{"Id":"urn:eciu:note","Type":"ConceptScheme"},"PrefLabel":{"En":"Scope"},"Id":"10fe9e3a-b6cf-455c-8064-655801c76c6d","Type":"Concept"}}],"Id":"urn:eciu:learningOpportunity:10fe9e3a-b6cf-455c-8064-655801c76c6d","Type":"LearningOpportunity"}