{"Mode":{"InScheme":{"Id":"http://data.europa.eu/snb/learning-assessment/25831c2","Type":"ConceptScheme"},"PrefLabel":{"En":"Online"},"Id":"http://data.europa.eu/snb/learning-assessment/920fbb3cbe","Type":"Concept"},"DcType":null,"Title":{"En":"Accessible AI"},"AdmissionsProcedure":null,"ApplicationDeadline":"2024-12-01","Description":{"En":"This thematic module briefly introduces the student to artificial intelligence (AI) and some of the ways in which AI is used to empower people with disabilities. Lectures focus on three cases; 1) communication and connection, 2) employment and 3) daily life. AI can empower people with disabilities, but there are also concerns about the diversity, inclusiveness, and accessibility of AI, which are also briefly addressed."},"LearningAchievementSpecification":{"EQFLevel":{"InScheme":{"Id":"http://data.europa.eu/snb/eqf/25831c2","Type":"ConceptScheme"},"PrefLabel":{"En":"Level 7"},"Id":"http://data.europa.eu/snb/eqf/7","Type":"Concept"},"CreditPoint":{"Framework":{"InScheme":{"Id":"http://data.europa.eu/snb/education-credit/25831c2","Type":"ConceptScheme"},"PrefLabel":{"En":"European Credit Transfer System"},"Id":"http://data.europa.eu/snb/education-credit/6fcec5c5af","Type":"Concept"},"Point":"1,0","Id":"urn:epass:creditPoint:43d6e800-30b9-4b1b-9c41-d68f120537f3","Type":"CreditPoint"},"LearningOutcome":[{"Title":{"En":"Learning Outcome 1"},"RelatedESCOSkill":[{"Notation":"Skill","InScheme":{"Id":"http://data.europa.eu/esco/concept-scheme/skills","Type":"ConceptScheme"},"PrefLabel":{"En":"digital competencies"},"Id":"http://data.europa.eu/esco/skill/aeecc330-0be9-419f-bddb-5218de926004","Type":"Concept"}],"AdditionalNote":{"NoteLiteral":{"En":"The student is able to see opportunities to build modern solutions for people with disabilities by using AI in a more contextually relevant way."},"Id":"urn:eciu:note:5cb50862-8614-ee11-8f6d-6045bd886fac","Type":"Note"},"Id":"urn:epass:learningOutcome:43d6e800-30b9-4b1b-9c41-d68f120537f3-1","Type":"LearningOutcome"},{"Title":{"En":"Learning Outcome 2"},"RelatedESCOSkill":[{"Notation":"Skill","InScheme":{"Id":"http://data.europa.eu/esco/concept-scheme/skills","Type":"ConceptScheme"},"PrefLabel":{"En":"show empathy"},"Id":"http://data.europa.eu/esco/skill/77b636e8-fab3-41a8-8022-1e0a354059dc","Type":"Concept"},{"Notation":"Skill","InScheme":{"Id":"http://data.europa.eu/esco/concept-scheme/skills","Type":"ConceptScheme"},"PrefLabel":{"En":"digital competencies"},"Id":"http://data.europa.eu/esco/skill/aeecc330-0be9-419f-bddb-5218de926004","Type":"Concept"}],"AdditionalNote":{"NoteLiteral":{"En":"The student will understand concerns about the diversity, inclusiveness, and accessibility of AI."},"Id":"urn:eciu:note:b5b9147e-8614-ee11-8f6d-6045bd886fac","Type":"Note"},"Id":"urn:epass:learningOutcome:43d6e800-30b9-4b1b-9c41-d68f120537f3-2","Type":"LearningOutcome"}],"LearningSetting":null,"Mode":null,"Title":{"En":"Accessible AI"},"DcType":null,"HomePage":null,"VolumeOfLearning":null,"Id":"urn:eciu:qualification:43d6e800-30b9-4b1b-9c41-d68f120537f3","Type":"Qualification"},"IsPartOf":{"Mode":null,"DcType":null,"Title":{"En":"Accessible AI"},"AdmissionsProcedure":null,"ApplicationDeadline":null,"Description":null,"LearningAchievementSpecification":null,"IsPartOf":null,"Temporal":null,"ProvidedBy":null,"LearningActivitySpecification":null,"BannerImage":null,"MoreInformation":[{"NoteLiteral":"ACC.210","Subject":{"InScheme":{"Id":"urn:eciu:note","Type":"ConceptScheme"},"PrefLabel":{"En":"EducationIdentifier"},"Id":"6920ff1d-8514-ee11-8f6d-6045bd886fac","Type":"Concept"}}],"Id":"urn:eciu:learningOpportunity:6920ff1d-8514-ee11-8f6d-6045bd886fac","Type":"LearningOpportunity"},"Temporal":{"EndDate":"2023-08-06T00:00:00Z","Name":{"En":"Temporal"},"StartDate":"2024-12-31T00:00:00Z"},"ProvidedBy":{"Location":null,"Logo":null,"LegalName":{"En":"TAMPEREEN KORKEAKOULUSAATIO SR (TAU)"},"Registration":null,"Homepage":null,"Id":"urn:eciu:org:8f142831-6a54-ed11-bba2-6045bd886566","Type":"Organisation"},"LearningActivitySpecification":{"Mode":null,"DcType":null,"Title":{"En":""},"Description":null,"MoreInformation":[{"NoteLiteral":"This is a nonstoop MOOC (Massive Open Online course). This means the course is fully online and you can take it at your own pace according to your own schedule.  \n  \nThis MOOC is offered by Tampere University on the DigiCampus platform. Once you have your TUNI credentials, log in to DigiCampus by using the choice \u0022Login with HAKA Account\u0022, select \u0022Tampere Universities\u0022and use your tuni.fi account. In DigiCampus, head over the the course \u0022Methods and technologies for accessibility and their evaluation\u0022.\u00A0The enrolment key is \u002220methods21\u0022. From this module, select the course you applied for.  \n  \nLink to DigiCampus: digicampus.fi/?lang=en  \nDirect link to the course: digicampus.fi/course/view.php?id=1193","Subject":{"InScheme":{"Id":"urn:eciu:note","Type":"ConceptScheme"},"PrefLabel":{"En":"ParticipantInformation"},"Id":"43d6e800-30b9-4b1b-9c41-d68f120537f3","Type":"Concept"}}],"HasPart":null,"Id":"urn:eciu:learningActivitySpec:43d6e800-30b9-4b1b-9c41-d68f120537f3","Type":"LearningActivitySpecification"},"BannerImage":null,"MoreInformation":[{"NoteLiteral":"","Subject":{"InScheme":{"Id":"urn:eciu:note","Type":"ConceptScheme"},"PrefLabel":{"En":"SourceIdentifier"},"Id":"43d6e800-30b9-4b1b-9c41-d68f120537f3","Type":"Concept"}},{"NoteLiteral":"Nonstop MOOC on methods and technologies for accessibility","Subject":{"InScheme":{"Id":"urn:eciu:note","Type":"ConceptScheme"},"PrefLabel":{"En":"SubTitle"},"Id":"43d6e800-30b9-4b1b-9c41-d68f120537f3","Type":"Concept"}},{"NoteLiteral":"This course is part of the larger module \u0022Methods and technologies for accessibility and their evaluation\u0022 which consists of over 25 modules (1 ECT each). If you want to become an expert at creating digitally accessible services, make sure to check them out.","Subject":{"InScheme":{"Id":"urn:eciu:note","Type":"ConceptScheme"},"PrefLabel":{"En":"Introduction"},"Id":"43d6e800-30b9-4b1b-9c41-d68f120537f3","Type":"Concept"}},{"NoteLiteral":"True","Subject":{"InScheme":{"Id":"urn:eciu:note","Type":"ConceptScheme"},"PrefLabel":{"En":"GenerateMicroCredentials"},"Id":"43d6e800-30b9-4b1b-9c41-d68f120537f3","Type":"Concept"}},{"NoteLiteral":"This micromodule is open to all ECIU students and there is no specific admissions process, rather all interested students will have the change to take the course.","Subject":{"InScheme":{"Id":"urn:eciu:note","Type":"ConceptScheme"},"PrefLabel":{"En":"AdmissionProcessInformation"},"Id":"43d6e800-30b9-4b1b-9c41-d68f120537f3","Type":"Concept"}},{"NoteLiteral":"True","Subject":{"InScheme":{"Id":"urn:eciu:note","Type":"ConceptScheme"},"PrefLabel":{"En":"SimplifiedAdmissionProcess"},"Id":"43d6e800-30b9-4b1b-9c41-d68f120537f3","Type":"Concept"}},{"NoteLiteral":"2023-08-06","Subject":{"InScheme":{"Id":"urn:eciu:note","Type":"ConceptScheme"},"PrefLabel":{"En":"ApplicationPeriodStartDate"},"Id":"43d6e800-30b9-4b1b-9c41-d68f120537f3","Type":"Concept"}},{"NoteLiteral":"100","Subject":{"InScheme":{"Id":"urn:eciu:note","Type":"ConceptScheme"},"PrefLabel":{"En":"MaximumNumberOfSeats"},"Id":"43d6e800-30b9-4b1b-9c41-d68f120537f3","Type":"Concept"}},{"NoteLiteral":"False","Subject":{"InScheme":{"Id":"urn:eciu:note","Type":"ConceptScheme"},"PrefLabel":{"En":"ECIULMSENabled"},"Id":"43d6e800-30b9-4b1b-9c41-d68f120537f3","Type":"Concept"}},{"NoteLiteral":"https://digicampus.fi/course/view.php?id=1193","Subject":{"InScheme":{"Id":"urn:eciu:note","Type":"ConceptScheme"},"PrefLabel":{"En":"LMSUrl"},"Id":"43d6e800-30b9-4b1b-9c41-d68f120537f3","Type":"Concept"}},{"NoteLiteral":"","Subject":{"InScheme":{"Id":"urn:eciu:note","Type":"ConceptScheme"},"PrefLabel":{"En":"TeamAccessDate"},"Id":"43d6e800-30b9-4b1b-9c41-d68f120537f3","Type":"Concept"}},{"NoteLiteral":"false","Subject":{"InScheme":{"Id":"urn:eciu:note","Type":"ConceptScheme"},"PrefLabel":{"En":"SelfPaced"},"Id":"43d6e800-30b9-4b1b-9c41-d68f120537f3","Type":"Concept"}},{"NoteLiteral":"0","Subject":{"InScheme":{"Id":"urn:eciu:note","Type":"ConceptScheme"},"PrefLabel":{"En":"Pace"},"Id":"43d6e800-30b9-4b1b-9c41-d68f120537f3","Type":"Concept"}},{"NoteLiteral":"Standard","Subject":{"InScheme":{"Id":"urn:eciu:note","Type":"ConceptScheme"},"PrefLabel":{"En":"Scope"},"Id":"43d6e800-30b9-4b1b-9c41-d68f120537f3","Type":"Concept"}}],"Id":"urn:eciu:learningOpportunity:43d6e800-30b9-4b1b-9c41-d68f120537f3","Type":"LearningOpportunity"}