{"Mode":{"InScheme":{"Id":"http://data.europa.eu/snb/learning-assessment/25831c2","Type":"ConceptScheme"},"PrefLabel":{"En":"Online"},"Id":"http://data.europa.eu/snb/learning-assessment/920fbb3cbe","Type":"Concept"},"DcType":null,"Title":{"En":"Spoken Interfaces"},"AdmissionsProcedure":{"NoteLiteral":{"En":"\u0022Once you have received your TUNI Credentials and have successfully logged in to DigiCampus, head over the the course \u0022\u0022Methods and technologies for accessibility and their evaluation\u0022\u0022.\u00A0The enrolment key is \u0022\u002220methods21\u0022\u0022\n\nThis is an umbrella course, under which several courses relating to accessibility can be found. From there you will be able to access the learning opportunity you have signed up for \u0022Spoken Interfaces\u0022.\n\nLink to DigiCampus: digicampus.fi/?lang=en\nLink to the umbrella course in DigiCampus: digicampus.fi/course/view.php?id=1193\u0022"},"Id":"urn:eciu:note:4faa0b4a-37e7-4893-a998-e0e5c73fdce5","Type":"Note"},"ApplicationDeadline":"2024-12-01","Description":{"En":"This thematic module covers the main principles of speech-based human-technology interaction, focusing on spoken interfaces which facilitate accessibility. Agent design for spoken interfaces. This includes both speech output (e.g., spoken prompts for people with visual disabilities) and speech input (e.g., speech control for physically disabled personnel). The students will also be introduced to different Voice Assistants and how they are being used in facilitating accessibility in the real-world."},"LearningAchievementSpecification":{"EQFLevel":{"InScheme":{"Id":"http://data.europa.eu/snb/eqf/25831c2","Type":"ConceptScheme"},"PrefLabel":{"En":"Level 7"},"Id":"http://data.europa.eu/snb/eqf/7","Type":"Concept"},"CreditPoint":{"Framework":{"InScheme":{"Id":"http://data.europa.eu/snb/education-credit/25831c2","Type":"ConceptScheme"},"PrefLabel":{"En":"European Credit Transfer System"},"Id":"http://data.europa.eu/snb/education-credit/6fcec5c5af","Type":"Concept"},"Point":"1,0","Id":"urn:epass:creditPoint:4faa0b4a-37e7-4893-a998-e0e5c73fdce5","Type":"CreditPoint"},"LearningOutcome":[{"Title":{"En":"Learning Outcome 1"},"RelatedESCOSkill":[{"Notation":"Skill","InScheme":{"Id":"http://data.europa.eu/esco/concept-scheme/skills","Type":"ConceptScheme"},"PrefLabel":{"En":"advise on environmental alterations"},"Id":"http://data.europa.eu/esco/skill/a32ff11a-5f97-4c2e-bbf7-6848814e56e8","Type":"Concept"}],"AdditionalNote":{"NoteLiteral":{"En":"The student will know the principles of spoken interaction and the main technologies and methods to create accessible spoken interfaces."},"Id":"urn:eciu:note:0391bc72-d010-ee11-8f6d-6045bd886fac","Type":"Note"},"Id":"urn:epass:learningOutcome:4faa0b4a-37e7-4893-a998-e0e5c73fdce5-1","Type":"LearningOutcome"},{"Title":{"En":"Learning Outcome 2"},"RelatedESCOSkill":[{"Notation":"Skill","InScheme":{"Id":"http://data.europa.eu/esco/concept-scheme/skills","Type":"ConceptScheme"},"PrefLabel":{"En":"assist community"},"Id":"http://data.europa.eu/esco/skill/fb26857b-1f50-4a30-889d-abb599ffece9","Type":"Concept"}],"AdditionalNote":{"NoteLiteral":{"En":"The students will also gain insigts in applying voice assistants to enhance accessibility."},"Id":"urn:eciu:note:da16b78a-d010-ee11-8f6d-6045bd886fac","Type":"Note"},"Id":"urn:epass:learningOutcome:4faa0b4a-37e7-4893-a998-e0e5c73fdce5-2","Type":"LearningOutcome"}],"LearningSetting":null,"Mode":null,"Title":{"En":"Spoken Interfaces"},"DcType":null,"HomePage":null,"VolumeOfLearning":null,"Id":"urn:eciu:qualification:4faa0b4a-37e7-4893-a998-e0e5c73fdce5","Type":"Qualification"},"IsPartOf":{"Mode":null,"DcType":null,"Title":{"En":"Spoken Interfaces"},"AdmissionsProcedure":null,"ApplicationDeadline":null,"Description":null,"LearningAchievementSpecification":null,"IsPartOf":null,"Temporal":null,"ProvidedBy":null,"LearningActivitySpecification":null,"BannerImage":null,"MoreInformation":[{"NoteLiteral":"ACC.050","Subject":{"InScheme":{"Id":"urn:eciu:note","Type":"ConceptScheme"},"PrefLabel":{"En":"EducationIdentifier"},"Id":"2fa8266b-b8d3-ed11-a7c7-6045bd886fac","Type":"Concept"}}],"Id":"urn:eciu:learningOpportunity:2fa8266b-b8d3-ed11-a7c7-6045bd886fac","Type":"LearningOpportunity"},"Temporal":{"EndDate":"2023-08-06T00:00:00Z","Name":{"En":"Temporal"},"StartDate":"2024-12-31T00:00:00Z"},"ProvidedBy":{"Location":null,"Logo":null,"LegalName":{"En":"TAMPEREEN KORKEAKOULUSAATIO SR (TAU)"},"Registration":null,"Homepage":null,"Id":"urn:eciu:org:8f142831-6a54-ed11-bba2-6045bd886566","Type":"Organisation"},"LearningActivitySpecification":{"Mode":null,"DcType":null,"Title":{"En":""},"Description":null,"MoreInformation":[{"NoteLiteral":"This is a nonstoop MOOC (Massive Open Online course). This means the course is fully online and you can take it at your own pace according to your own schedule.  \n  \nThis MOOC is offered by Tampere University on the DigiCampus platform. Once you have your TUNI credentials, log in to DigiCampus by using the choice \u0022Login with HAKA Account\u0022, select \u0022Tampere Universities\u0022and use your tuni.fi account. In DigiCampus, head over the the course \u0022Methods and technologies for accessibility and their evaluation\u0022.\u00A0The enrolment key is \u002220methods21\u0022. From this module, select the course you applied for.  \n  \nLink to DigiCampus: digicampus.fi/?lang=en  \nDirect link to the course: digicampus.fi/course/view.php?id=1193","Subject":{"InScheme":{"Id":"urn:eciu:note","Type":"ConceptScheme"},"PrefLabel":{"En":"ParticipantInformation"},"Id":"4faa0b4a-37e7-4893-a998-e0e5c73fdce5","Type":"Concept"}}],"HasPart":null,"Id":"urn:eciu:learningActivitySpec:4faa0b4a-37e7-4893-a998-e0e5c73fdce5","Type":"LearningActivitySpecification"},"BannerImage":null,"MoreInformation":[{"NoteLiteral":"","Subject":{"InScheme":{"Id":"urn:eciu:note","Type":"ConceptScheme"},"PrefLabel":{"En":"SourceIdentifier"},"Id":"4faa0b4a-37e7-4893-a998-e0e5c73fdce5","Type":"Concept"}},{"NoteLiteral":"Nonstop MOOC on methods and technologies for accessibility","Subject":{"InScheme":{"Id":"urn:eciu:note","Type":"ConceptScheme"},"PrefLabel":{"En":"SubTitle"},"Id":"4faa0b4a-37e7-4893-a998-e0e5c73fdce5","Type":"Concept"}},{"NoteLiteral":"This course is part of the larger module \u0022Methods and technologies for accessibility and their evaluation\u0022 which consists of over 25 modules (1 ECT each). If you want to become an expert at creating digitally accessible services, make sure to check them out.","Subject":{"InScheme":{"Id":"urn:eciu:note","Type":"ConceptScheme"},"PrefLabel":{"En":"Introduction"},"Id":"4faa0b4a-37e7-4893-a998-e0e5c73fdce5","Type":"Concept"}},{"NoteLiteral":"True","Subject":{"InScheme":{"Id":"urn:eciu:note","Type":"ConceptScheme"},"PrefLabel":{"En":"GenerateMicroCredentials"},"Id":"4faa0b4a-37e7-4893-a998-e0e5c73fdce5","Type":"Concept"}},{"NoteLiteral":"This Micromodule is open to all ECIU students and there is no specific admissions process, rather all interested students will have the change to take the course.","Subject":{"InScheme":{"Id":"urn:eciu:note","Type":"ConceptScheme"},"PrefLabel":{"En":"AdmissionProcessInformation"},"Id":"4faa0b4a-37e7-4893-a998-e0e5c73fdce5","Type":"Concept"}},{"NoteLiteral":"True","Subject":{"InScheme":{"Id":"urn:eciu:note","Type":"ConceptScheme"},"PrefLabel":{"En":"SimplifiedAdmissionProcess"},"Id":"4faa0b4a-37e7-4893-a998-e0e5c73fdce5","Type":"Concept"}},{"NoteLiteral":"2023-08-06","Subject":{"InScheme":{"Id":"urn:eciu:note","Type":"ConceptScheme"},"PrefLabel":{"En":"ApplicationPeriodStartDate"},"Id":"4faa0b4a-37e7-4893-a998-e0e5c73fdce5","Type":"Concept"}},{"NoteLiteral":"100","Subject":{"InScheme":{"Id":"urn:eciu:note","Type":"ConceptScheme"},"PrefLabel":{"En":"MaximumNumberOfSeats"},"Id":"4faa0b4a-37e7-4893-a998-e0e5c73fdce5","Type":"Concept"}},{"NoteLiteral":"False","Subject":{"InScheme":{"Id":"urn:eciu:note","Type":"ConceptScheme"},"PrefLabel":{"En":"ECIULMSENabled"},"Id":"4faa0b4a-37e7-4893-a998-e0e5c73fdce5","Type":"Concept"}},{"NoteLiteral":"https://digicampus.fi/course/view.php?id=1193","Subject":{"InScheme":{"Id":"urn:eciu:note","Type":"ConceptScheme"},"PrefLabel":{"En":"LMSUrl"},"Id":"4faa0b4a-37e7-4893-a998-e0e5c73fdce5","Type":"Concept"}},{"NoteLiteral":"","Subject":{"InScheme":{"Id":"urn:eciu:note","Type":"ConceptScheme"},"PrefLabel":{"En":"TeamAccessDate"},"Id":"4faa0b4a-37e7-4893-a998-e0e5c73fdce5","Type":"Concept"}},{"NoteLiteral":"false","Subject":{"InScheme":{"Id":"urn:eciu:note","Type":"ConceptScheme"},"PrefLabel":{"En":"SelfPaced"},"Id":"4faa0b4a-37e7-4893-a998-e0e5c73fdce5","Type":"Concept"}},{"NoteLiteral":"0","Subject":{"InScheme":{"Id":"urn:eciu:note","Type":"ConceptScheme"},"PrefLabel":{"En":"Pace"},"Id":"4faa0b4a-37e7-4893-a998-e0e5c73fdce5","Type":"Concept"}},{"NoteLiteral":"Standard","Subject":{"InScheme":{"Id":"urn:eciu:note","Type":"ConceptScheme"},"PrefLabel":{"En":"Scope"},"Id":"4faa0b4a-37e7-4893-a998-e0e5c73fdce5","Type":"Concept"}}],"Id":"urn:eciu:learningOpportunity:4faa0b4a-37e7-4893-a998-e0e5c73fdce5","Type":"LearningOpportunity"}