{"Mode":{"InScheme":{"Id":"http://data.europa.eu/snb/learning-assessment/25831c2","Type":"ConceptScheme"},"PrefLabel":{"En":"Blended"},"Id":"http://data.europa.eu/snb/learning-assessment/e92d221e4d","Type":"Concept"},"DcType":null,"Title":{"En":"CARE (Medical Connected Sensors and Virtual Reality)"},"AdmissionsProcedure":null,"ApplicationDeadline":"2025-02-09","Description":{"En":"Have you ever wanted to know more about how blood sugar and blood pressure is measured?\u00A0 This micromodule focuses on digital health and uses innovative teaching\u00A0 tools to focus on connected health devices,\u00A0remote medical monitoring and the surveillance of human health at home or in a medical environment.\u00A0It will enable a wide audience to\u00A0discover the world of digital health, which is particularly interesting for students\u00A0who will have a\u00A0 link with healthcare in their future professional life, but also for everybody interested in health.\n\nStudents will work in\u00A0multidisciplinary and intercultural teams to discover\u00A0medical monitoring systems, the assembly of a virtual\u00A0 reality object (electronic card), and the transmission and\u00A0 analysis of medical data. Volunteers will be equipped with a blood sugar or pressure device to interpret their own data.\u00A0 The students will choose in international teams\u00A0 the sensor they would like to work on (blood sugar or blood pressure sensor).\u00A0 They will produce 3D scans of the device and learn the basis of 3D modelling of an object. They will also disassemble their device in virtual reality.\u00A0 \u00A0The work can be done fully online, but a mobility week is proposed to allow international students to do practical work onsite at INSA Toulouse."},"LearningAchievementSpecification":{"EQFLevel":{"InScheme":{"Id":"http://data.europa.eu/snb/eqf/25831c2","Type":"ConceptScheme"},"PrefLabel":{"En":"Level 5"},"Id":"http://data.europa.eu/snb/eqf/5","Type":"Concept"},"CreditPoint":{"Framework":{"InScheme":{"Id":"http://data.europa.eu/snb/education-credit/25831c2","Type":"ConceptScheme"},"PrefLabel":{"En":"European Credit Transfer System"},"Id":"http://data.europa.eu/snb/education-credit/6fcec5c5af","Type":"Concept"},"Point":"2,0","Id":"urn:epass:creditPoint:80038f8f-0dce-4441-b726-4ebab76d821b","Type":"CreditPoint"},"LearningOutcome":[{"Title":{"En":"Discuss digital health and analyse key concepts in telehealth"},"RelatedESCOSkill":[{"Notation":"Skill","InScheme":{"Id":"http://data.europa.eu/esco/concept-scheme/skills","Type":"ConceptScheme"},"PrefLabel":{"En":"complying with health and safety procedures"},"Id":"http://data.europa.eu/esco/skill/5bcec244-3efe-45ac-8891-0ab4a91e9c48","Type":"Concept"},{"Notation":"Skill","InScheme":{"Id":"http://data.europa.eu/esco/concept-scheme/skills","Type":"ConceptScheme"},"PrefLabel":{"En":"advise on healthcare users\u0027 informed consent"},"Id":"http://data.europa.eu/esco/skill/8232979d-6aa4-40c9-a12b-5152a52a76b8","Type":"Concept"},{"Notation":"Skill","InScheme":{"Id":"http://data.europa.eu/esco/concept-scheme/skills","Type":"ConceptScheme"},"PrefLabel":{"En":"protect health and well-being while using digital technologies"},"Id":"http://data.europa.eu/esco/skill/d1ed5b3a-cab5-4c5d-baf8-0214998b58fb","Type":"Concept"}],"AdditionalNote":{"NoteLiteral":{"En":"By the end of this micromodule, you will be able to discuss the challenges of digital health and analyze the concepts of responsibility, informed consent, and information systems security."},"Id":"urn:eciu:note:381f80b2-1895-ef11-8a69-7c1e527260ec","Type":"Note"},"Id":"urn:epass:learningOutcome:80038f8f-0dce-4441-b726-4ebab76d821b-1","Type":"LearningOutcome"},{"Title":{"En":"Describe the functioning, assemblage, and purpose of connected medical devices."},"RelatedESCOSkill":[{"Notation":"Skill","InScheme":{"Id":"http://data.europa.eu/esco/concept-scheme/skills","Type":"ConceptScheme"},"PrefLabel":{"En":"model medical devices"},"Id":"http://data.europa.eu/esco/skill/071a4197-06b3-4226-b9a1-efd15913280a","Type":"Concept"},{"Notation":"Skill","InScheme":{"Id":"http://data.europa.eu/esco/concept-scheme/skills","Type":"ConceptScheme"},"PrefLabel":{"En":"design medical devices"},"Id":"http://data.europa.eu/esco/skill/274c5d19-f5d8-44ca-a718-6bb8f18b46c3","Type":"Concept"},{"Notation":"Skill","InScheme":{"Id":"http://data.europa.eu/esco/concept-scheme/skills","Type":"ConceptScheme"},"PrefLabel":{"En":"work with virtual learning environments"},"Id":"http://data.europa.eu/esco/skill/b78f324d-e16c-43f8-97d2-50d3a7cd1fb3","Type":"Concept"}],"AdditionalNote":{"NoteLiteral":{"En":"By the end of this micromodule, you will be able to describe the principle of connected health devices, conceive, assemble and dismantle a medical monitoring device in a virtual reality environment ."},"Id":"urn:eciu:note:14e60e68-1995-ef11-8a69-7c1e527260ec","Type":"Note"},"Id":"urn:epass:learningOutcome:80038f8f-0dce-4441-b726-4ebab76d821b-2","Type":"LearningOutcome"},{"Title":{"En":"Write and implement algorithims, and interpret data"},"RelatedESCOSkill":[{"Notation":"Skill","InScheme":{"Id":"http://data.europa.eu/esco/concept-scheme/skills","Type":"ConceptScheme"},"PrefLabel":{"En":"task algorithmisation"},"Id":"http://data.europa.eu/esco/skill/7482a123-e801-48de-9733-262125671410","Type":"Concept"},{"Notation":"Skill","InScheme":{"Id":"http://data.europa.eu/esco/concept-scheme/skills","Type":"ConceptScheme"},"PrefLabel":{"En":"interpret medical results"},"Id":"http://data.europa.eu/esco/skill/d59d023b-8f28-4e67-9a41-aa36320e6c69","Type":"Concept"},{"Notation":"Skill","InScheme":{"Id":"http://data.europa.eu/esco/concept-scheme/skills","Type":"ConceptScheme"},"PrefLabel":{"En":"maintain healthcare user data confidentiality"},"Id":"http://data.europa.eu/esco/skill/51ece34f-c24e-4183-9bf4-9b6f28748aec","Type":"Concept"},{"Notation":"Skill","InScheme":{"Id":"http://data.europa.eu/esco/concept-scheme/skills","Type":"ConceptScheme"},"PrefLabel":{"En":"manage data collection systems"},"Id":"http://data.europa.eu/esco/skill/a80fb090-63f4-4b05-83a5-2f090deb7757","Type":"Concept"}],"AdditionalNote":{"NoteLiteral":{"En":"By the end of this micromodule, you will be able to write and implement simple algorithms for processing medical sensor data and interpret the data obtained."},"Id":"urn:eciu:note:d51dba08-1a95-ef11-8a69-7c1e527260ec","Type":"Note"},"Id":"urn:epass:learningOutcome:80038f8f-0dce-4441-b726-4ebab76d821b-3","Type":"LearningOutcome"},{"Title":{"En":"Working in an intercultural and interdisciplinary team to present results in English"},"RelatedESCOSkill":[{"Notation":"Skill","InScheme":{"Id":"http://data.europa.eu/esco/concept-scheme/skills","Type":"ConceptScheme"},"PrefLabel":{"En":"work in an international environment"},"Id":"http://data.europa.eu/esco/skill/07ba491f-2fd4-4bab-bf52-32934c6f0b9f","Type":"Concept"},{"Notation":"Skill","InScheme":{"Id":"http://data.europa.eu/esco/concept-scheme/skills","Type":"ConceptScheme"},"PrefLabel":{"En":"combine multiple fields of knowledge"},"Id":"http://data.europa.eu/esco/skill/c983dbc8-8b2e-4f7e-aa66-f9042a898ea8","Type":"Concept"},{"Notation":"Skill","InScheme":{"Id":"http://data.europa.eu/esco/concept-scheme/skills","Type":"ConceptScheme"},"PrefLabel":{"En":"communicating"},"Id":"http://data.europa.eu/esco/skill/6f142deb-03a9-4cd7-94ce-e0f023ae2169","Type":"Concept"}],"AdditionalNote":{"NoteLiteral":{"En":"By the end of this micromodule, you will be able to integrate an interdisciplinary and international team and present the methodology used and the main results in a foreign language (English)."},"Id":"urn:eciu:note:65f37cc7-1a95-ef11-8a69-7c1e527260ec","Type":"Note"},"Id":"urn:epass:learningOutcome:80038f8f-0dce-4441-b726-4ebab76d821b-4","Type":"LearningOutcome"}],"LearningSetting":null,"Mode":null,"Title":{"En":"CARE (Medical Connected Sensors and Virtual Reality)"},"DcType":null,"HomePage":null,"VolumeOfLearning":null,"Id":"urn:eciu:qualification:80038f8f-0dce-4441-b726-4ebab76d821b","Type":"Qualification"},"IsPartOf":{"Mode":null,"DcType":null,"Title":{"En":"CARE (Medical Connected Sensors and Virtual Reality)"},"AdmissionsProcedure":null,"ApplicationDeadline":null,"Description":null,"LearningAchievementSpecification":null,"IsPartOf":null,"Temporal":null,"ProvidedBy":null,"LearningActivitySpecification":null,"BannerImage":null,"MoreInformation":[{"NoteLiteral":"INSA Toulouse","Subject":{"InScheme":{"Id":"urn:eciu:note","Type":"ConceptScheme"},"PrefLabel":{"En":"EducationIdentifier"},"Id":"22d98128-1795-ef11-8a69-7c1e527260ec","Type":"Concept"}}],"Id":"urn:eciu:learningOpportunity:22d98128-1795-ef11-8a69-7c1e527260ec","Type":"LearningOpportunity"},"Temporal":{"EndDate":"2025-03-03T00:00:00Z","Name":{"En":"Temporal"},"StartDate":"2025-05-30T00:00:00Z"},"ProvidedBy":{"Location":null,"Logo":null,"LegalName":{"En":"INSTITUT NATIONAL DES SCIENCES APPLIQUEES DE TOULOUSE (INSA TOULOUSE)"},"Registration":null,"Homepage":null,"Id":"urn:eciu:org:bc4a5510-6a54-ed11-bba2-6045bd886566","Type":"Organisation"},"LearningActivitySpecification":{"Mode":null,"DcType":null,"Title":{"En":""},"Description":null,"MoreInformation":[{"NoteLiteral":"**This\u00A0micro-module is\u00A02 ECTS and 1 ECTS for the mobility week**  \n\n**Programme (detailed content) :**\n\nWeeks 1 \u2013 2: synchronous and asynchronous work January 27th \u2013February 7th, online work 6h,\n\n- Understanding how a sensor works, with the example of a blood glucose level sensor and a blood pressure sensor showing the influence of diet on this level. Volunteers will be equipped with a glucose sensor to analyze the data transmitted.\n\n- Discovery of interdisciplinary and multicultural work, creation of international groups\n\nWeeks 3 and 5 - 12 : synchronous and asynchronous work February 10th- May 9th, online work approx. 3h/week, on site 1H/week and 2h/week for INSA students\n\n- Work in multidisciplinary and international teams to design a 3D medical monitoring model for injection into a virtual reality device (a cave, a 27 m3 Virtual reality device). To do this:\n\n- The students will choose a monitoring device and design a 3D model of the sensor starting with a 3D scan. They will describe their choice in a 100-word essay in English (the 3D model will then be transformed by INSA Toulouse specialists, possibly assisted by students with the necessary skills, in a virtual reality environment).\n\n- The students will\u00A0 disassemble the elements of the virtual sensor\n\n- They will develop a simple monitoring and data analysis system for their device and interpret the data.\n\nOptional : Week 4: Mobility week February 17th-February 21st , onsite synchronous, 15 h\n\n- Interested\u00A0international students will be welcomed in Toulouse in week 4 to work with the French members of their teams. They will visit the CNRS-LAAS (National Center for Scientific Research) and the CHU (Toulouse University Hospital) to see research and the application of monitoring devices. They can also experience the Virtual Reality installation at INSA.\n\nWeek 13: May 12th \u2013 May 16th Hybrid, synchronous 3h\n\n- Presentations of the devices, the results and their analysis, as well as the methodology employed in English to the other students and a jury.\n\n**Assessment :**\n\nSeveral formative assessments will check the achievement of the learning objectives throughout the micromodule.\n\nThe final assessment is the presentation at the end of the micromodule.\n\n**Learning activities :**\n\n\\* Discover and discuss the challenges of digital health\n\n\\* Work efficently in an interdisciplinary and international team\n\n\\* Describe the principle of connected objects in health and the specific sensors chosen\n\n\\* Model and use a sensor device for medical monitoring\n\n\\* Disassemble a medical monitoring device in a virtual reality environment\n\n\\* Simulate the transmission and processing of data from the monitoring system and interpret the data obtained\n\n\\* Write and implement simple algorithms for processing medical sensor data\n\n\\* Summarize the methodology used and the main results in a foreign language and present them to a jury.","Subject":{"InScheme":{"Id":"urn:eciu:note","Type":"ConceptScheme"},"PrefLabel":{"En":"ParticipantInformation"},"Id":"80038f8f-0dce-4441-b726-4ebab76d821b","Type":"Concept"}}],"HasPart":null,"Id":"urn:eciu:learningActivitySpec:80038f8f-0dce-4441-b726-4ebab76d821b","Type":"LearningActivitySpecification"},"BannerImage":null,"MoreInformation":[{"NoteLiteral":"","Subject":{"InScheme":{"Id":"urn:eciu:note","Type":"ConceptScheme"},"PrefLabel":{"En":"SourceIdentifier"},"Id":"80038f8f-0dce-4441-b726-4ebab76d821b","Type":"Concept"}},{"NoteLiteral":"Discover medical monitoring systems, the transmission and analysis of medical data, and disassemble a sensor using VR","Subject":{"InScheme":{"Id":"urn:eciu:note","Type":"ConceptScheme"},"PrefLabel":{"En":"SubTitle"},"Id":"80038f8f-0dce-4441-b726-4ebab76d821b","Type":"Concept"}},{"NoteLiteral":"This micromodule will focus on connected health devices, remote medical monitoring and in particular, human health monitoring at home or in a medical environment. Students will learn how to scan an object with a 3D scanner, disassemble medical sensors in virtual reality and work on transmission and analysis of medical data. They will learn how biomedical sensors and systems work, and how interstitial fluid will be \u201Ctransformed\u201D into a value in an app. Volunteers will be equipped with connected glucose sensors and though be able to work on their own data. This micromodule will enable a wide audience to discover digital health, which is particularly interesting for those who will have a link with the health field in their future professional life. Students will work in international and interdisciplinary groups. An international mobility to INSA Toulouse is also an optional element for this micromodule.","Subject":{"InScheme":{"Id":"urn:eciu:note","Type":"ConceptScheme"},"PrefLabel":{"En":"Introduction"},"Id":"80038f8f-0dce-4441-b726-4ebab76d821b","Type":"Concept"}},{"NoteLiteral":"True","Subject":{"InScheme":{"Id":"urn:eciu:note","Type":"ConceptScheme"},"PrefLabel":{"En":"GenerateMicroCredentials"},"Id":"80038f8f-0dce-4441-b726-4ebab76d821b","Type":"Concept"}},{"NoteLiteral":"Interested students should apply by sending a CV, transcript of records, and a motivation letter at least one week before the deadline. They need not be currently studying a scientific subject, as they will work in interdisciplinary teams, but they should be interested in health, technology and digital devices.\n\nStudents should be prepared to work in international teams with mostly asynchronous, but also some synchronous, work.","Subject":{"InScheme":{"Id":"urn:eciu:note","Type":"ConceptScheme"},"PrefLabel":{"En":"AdmissionProcessInformation"},"Id":"80038f8f-0dce-4441-b726-4ebab76d821b","Type":"Concept"}},{"NoteLiteral":"False","Subject":{"InScheme":{"Id":"urn:eciu:note","Type":"ConceptScheme"},"PrefLabel":{"En":"SimplifiedAdmissionProcess"},"Id":"80038f8f-0dce-4441-b726-4ebab76d821b","Type":"Concept"}},{"NoteLiteral":"2024-10-28","Subject":{"InScheme":{"Id":"urn:eciu:note","Type":"ConceptScheme"},"PrefLabel":{"En":"ApplicationPeriodStartDate"},"Id":"80038f8f-0dce-4441-b726-4ebab76d821b","Type":"Concept"}},{"NoteLiteral":"15","Subject":{"InScheme":{"Id":"urn:eciu:note","Type":"ConceptScheme"},"PrefLabel":{"En":"MaximumNumberOfSeats"},"Id":"80038f8f-0dce-4441-b726-4ebab76d821b","Type":"Concept"}},{"NoteLiteral":"False","Subject":{"InScheme":{"Id":"urn:eciu:note","Type":"ConceptScheme"},"PrefLabel":{"En":"ECIULMSENabled"},"Id":"80038f8f-0dce-4441-b726-4ebab76d821b","Type":"Concept"}},{"NoteLiteral":"","Subject":{"InScheme":{"Id":"urn:eciu:note","Type":"ConceptScheme"},"PrefLabel":{"En":"LMSUrl"},"Id":"80038f8f-0dce-4441-b726-4ebab76d821b","Type":"Concept"}},{"NoteLiteral":"","Subject":{"InScheme":{"Id":"urn:eciu:note","Type":"ConceptScheme"},"PrefLabel":{"En":"TeamAccessDate"},"Id":"80038f8f-0dce-4441-b726-4ebab76d821b","Type":"Concept"}},{"NoteLiteral":"false","Subject":{"InScheme":{"Id":"urn:eciu:note","Type":"ConceptScheme"},"PrefLabel":{"En":"SelfPaced"},"Id":"80038f8f-0dce-4441-b726-4ebab76d821b","Type":"Concept"}},{"NoteLiteral":"0","Subject":{"InScheme":{"Id":"urn:eciu:note","Type":"ConceptScheme"},"PrefLabel":{"En":"Pace"},"Id":"80038f8f-0dce-4441-b726-4ebab76d821b","Type":"Concept"}},{"NoteLiteral":"Standard","Subject":{"InScheme":{"Id":"urn:eciu:note","Type":"ConceptScheme"},"PrefLabel":{"En":"Scope"},"Id":"80038f8f-0dce-4441-b726-4ebab76d821b","Type":"Concept"}}],"Id":"urn:eciu:learningOpportunity:80038f8f-0dce-4441-b726-4ebab76d821b","Type":"LearningOpportunity"}