{"Mode":{"InScheme":{"Id":"http://data.europa.eu/snb/learning-assessment/25831c2","Type":"ConceptScheme"},"PrefLabel":{"En":"Online"},"Id":"http://data.europa.eu/snb/learning-assessment/920fbb3cbe","Type":"Concept"},"DcType":null,"Title":{"En":"Finnish 1"},"AdmissionsProcedure":null,"ApplicationDeadline":"2024-10-25","Description":{"En":"This course is an introduction to the Finnish language. The target level of the course is A1.2, developing elementary proficiency (CEFR application by Finnish National Agency for Education). The course consists of self-study modules in Moodle. In addition to that, there are optional online meetings to practise interaction. By the end of the course the student will have tools for simple interaction using basic phrases to following topics: greetings,\u202Fmeeting\u202Fpeople,\u202Fintroductions, vocabulary related to food and beverages, expressions\u202Fof\u202Ftime.  \n\nNo previous knowledge of the Finnish language is needed. This course is an online implementation consisting of different materials and activities. The teaching language is English.\n\nThe course material will open in Moodle on 2.9.2024, last day for submissions of tasks is 9.12.2024 and the material is available in Moodle until 6.1.2025."},"LearningAchievementSpecification":{"EQFLevel":{"InScheme":{"Id":"http://data.europa.eu/snb/eqf/25831c2","Type":"ConceptScheme"},"PrefLabel":{"En":"Level 6"},"Id":"http://data.europa.eu/snb/eqf/6","Type":"Concept"},"CreditPoint":{"Framework":{"InScheme":{"Id":"http://data.europa.eu/snb/education-credit/25831c2","Type":"ConceptScheme"},"PrefLabel":{"En":"European Credit Transfer System"},"Id":"http://data.europa.eu/snb/education-credit/6fcec5c5af","Type":"Concept"},"Point":"3,0","Id":"urn:epass:creditPoint:423b4980-c827-ef11-840a-000d3a2fc4f3","Type":"CreditPoint"},"LearningOutcome":[{"Title":{"En":"Understanding words and short phrases"},"RelatedESCOSkill":[{"Notation":"Skill","InScheme":{"Id":"http://data.europa.eu/esco/concept-scheme/skills","Type":"ConceptScheme"},"PrefLabel":{"En":"listen actively"},"Id":"http://data.europa.eu/esco/skill/a17286c5-238d-4f0b-bc24-29e9121345de","Type":"Concept"},{"Notation":"Skill","InScheme":{"Id":"http://data.europa.eu/esco/concept-scheme/skills","Type":"ConceptScheme"},"PrefLabel":{"En":"Finnish"},"Id":"http://data.europa.eu/esco/skill/0e3493f4-0cad-4fbc-8e02-025f169b8114","Type":"Concept"}],"AdditionalNote":{"NoteLiteral":{"En":"The student will understand the most familiar words and short phrases in their context."},"Id":"urn:eciu:note:0d7a0888-c827-ef11-840a-000d3a46ef97","Type":"Note"},"Id":"urn:epass:learningOutcome:423b4980-c827-ef11-840a-000d3a2fc4f3-1","Type":"LearningOutcome"},{"Title":{"En":"Communicating in basic everyday situations"},"RelatedESCOSkill":[{"Notation":"Skill","InScheme":{"Id":"http://data.europa.eu/esco/concept-scheme/skills","Type":"ConceptScheme"},"PrefLabel":{"En":"Finnish"},"Id":"http://data.europa.eu/esco/skill/0e3493f4-0cad-4fbc-8e02-025f169b8114","Type":"Concept"}],"AdditionalNote":{"NoteLiteral":{"En":"The student will communicate in a simple way in the most basic everyday situations."},"Id":"urn:eciu:note:0ad03380-c827-ef11-840b-6045bd8ffc7c","Type":"Note"},"Id":"urn:epass:learningOutcome:423b4980-c827-ef11-840a-000d3a2fc4f3-2","Type":"LearningOutcome"},{"Title":{"En":"Writing with simple vocabulary"},"RelatedESCOSkill":[{"Notation":"Skill","InScheme":{"Id":"http://data.europa.eu/esco/concept-scheme/skills","Type":"ConceptScheme"},"PrefLabel":{"En":"Finnish"},"Id":"http://data.europa.eu/esco/skill/0e3493f4-0cad-4fbc-8e02-025f169b8114","Type":"Concept"}],"AdditionalNote":{"NoteLiteral":{"En":"The student will write very short notes on simple and the most common topics using the most basic and simple vocabulary and very basic structures."},"Id":"urn:eciu:note:92bb6786-c827-ef11-840b-6045bd8ffc7c","Type":"Note"},"Id":"urn:epass:learningOutcome:423b4980-c827-ef11-840a-000d3a2fc4f3-3","Type":"LearningOutcome"},{"Title":{"En":"Pronouncing clearly"},"RelatedESCOSkill":[{"Notation":"Skill","InScheme":{"Id":"http://data.europa.eu/esco/concept-scheme/skills","Type":"ConceptScheme"},"PrefLabel":{"En":"Finnish"},"Id":"http://data.europa.eu/esco/skill/0e3493f4-0cad-4fbc-8e02-025f169b8114","Type":"Concept"}],"AdditionalNote":{"NoteLiteral":{"En":"The student will pronounce clearly enough to be understood."},"Id":"urn:eciu:note:8c31018f-c827-ef11-840a-7c1e52279472","Type":"Note"},"Id":"urn:epass:learningOutcome:423b4980-c827-ef11-840a-000d3a2fc4f3-4","Type":"LearningOutcome"}],"LearningSetting":null,"Mode":null,"Title":{"En":"Finnish 1"},"DcType":null,"HomePage":null,"VolumeOfLearning":null,"Id":"urn:eciu:qualification:423b4980-c827-ef11-840a-000d3a2fc4f3","Type":"Qualification"},"IsPartOf":{"Mode":null,"DcType":null,"Title":{"En":"Finnish 1"},"AdmissionsProcedure":null,"ApplicationDeadline":null,"Description":null,"LearningAchievementSpecification":null,"IsPartOf":null,"Temporal":null,"ProvidedBy":null,"LearningActivitySpecification":null,"BannerImage":null,"MoreInformation":[{"NoteLiteral":"LANG.SUV.001","Subject":{"InScheme":{"Id":"urn:eciu:note","Type":"ConceptScheme"},"PrefLabel":{"En":"EducationIdentifier"},"Id":"08d6e434-8117-ee11-8f6d-6045bd886566","Type":"Concept"}}],"Id":"urn:eciu:learningOpportunity:08d6e434-8117-ee11-8f6d-6045bd886566","Type":"LearningOpportunity"},"Temporal":{"EndDate":"2024-09-02T00:00:00Z","Name":{"En":"Temporal"},"StartDate":"2024-12-09T00:00:00Z"},"ProvidedBy":{"Location":null,"Logo":null,"LegalName":{"En":"TAMPEREEN KORKEAKOULUSAATIO SR (TAU)"},"Registration":null,"Homepage":null,"Id":"urn:eciu:org:8f142831-6a54-ed11-bba2-6045bd886566","Type":"Organisation"},"LearningActivitySpecification":{"Mode":null,"DcType":null,"Title":{"En":""},"Description":null,"MoreInformation":[{"NoteLiteral":"The course is assessed based on spoken and written learning tasks. More detailed information about assessed learning tasks will be given at the start of the course. The course consists of 3 self-study modules and 5 assignments. The course is graded on a scale of Pass/Fail.\n\nPlease be aware that the course is fully online and at your own pace, but there are some hard deadlines you must meet, the first being Oct 31, this information is available in Moodle as soon as you gain access.","Subject":{"InScheme":{"Id":"urn:eciu:note","Type":"ConceptScheme"},"PrefLabel":{"En":"ParticipantInformation"},"Id":"423b4980-c827-ef11-840a-000d3a2fc4f3","Type":"Concept"}}],"HasPart":null,"Id":"urn:eciu:learningActivitySpec:423b4980-c827-ef11-840a-000d3a2fc4f3","Type":"LearningActivitySpecification"},"BannerImage":null,"MoreInformation":[{"NoteLiteral":"","Subject":{"InScheme":{"Id":"urn:eciu:note","Type":"ConceptScheme"},"PrefLabel":{"En":"SourceIdentifier"},"Id":"423b4980-c827-ef11-840a-000d3a2fc4f3","Type":"Concept"}},{"NoteLiteral":"Finnish online (Autumn 24 implementation)","Subject":{"InScheme":{"Id":"urn:eciu:note","Type":"ConceptScheme"},"PrefLabel":{"En":"SubTitle"},"Id":"423b4980-c827-ef11-840a-000d3a2fc4f3","Type":"Concept"}},{"NoteLiteral":"The Tampere University Language Centre arranges this introductory course on the Finnish language. If you are planning an exchange period to Tampere University or any other university in Finland, this is the perfect course to help you get acquainted with the very basics of Finnish language and culture.","Subject":{"InScheme":{"Id":"urn:eciu:note","Type":"ConceptScheme"},"PrefLabel":{"En":"Introduction"},"Id":"423b4980-c827-ef11-840a-000d3a2fc4f3","Type":"Concept"}},{"NoteLiteral":"True","Subject":{"InScheme":{"Id":"urn:eciu:note","Type":"ConceptScheme"},"PrefLabel":{"En":"GenerateMicroCredentials"},"Id":"423b4980-c827-ef11-840a-000d3a2fc4f3","Type":"Concept"}},{"NoteLiteral":"All students who apply will be accepted to the course. After signing up to the course you will receive and activate your TUNI credentials. Once activated you will be able to access Tampere University\u0027s Moodle.","Subject":{"InScheme":{"Id":"urn:eciu:note","Type":"ConceptScheme"},"PrefLabel":{"En":"AdmissionProcessInformation"},"Id":"423b4980-c827-ef11-840a-000d3a2fc4f3","Type":"Concept"}},{"NoteLiteral":"True","Subject":{"InScheme":{"Id":"urn:eciu:note","Type":"ConceptScheme"},"PrefLabel":{"En":"SimplifiedAdmissionProcess"},"Id":"423b4980-c827-ef11-840a-000d3a2fc4f3","Type":"Concept"}},{"NoteLiteral":"2024-08-01","Subject":{"InScheme":{"Id":"urn:eciu:note","Type":"ConceptScheme"},"PrefLabel":{"En":"ApplicationPeriodStartDate"},"Id":"423b4980-c827-ef11-840a-000d3a2fc4f3","Type":"Concept"}},{"NoteLiteral":"100","Subject":{"InScheme":{"Id":"urn:eciu:note","Type":"ConceptScheme"},"PrefLabel":{"En":"MaximumNumberOfSeats"},"Id":"423b4980-c827-ef11-840a-000d3a2fc4f3","Type":"Concept"}},{"NoteLiteral":"False","Subject":{"InScheme":{"Id":"urn:eciu:note","Type":"ConceptScheme"},"PrefLabel":{"En":"ECIULMSENabled"},"Id":"423b4980-c827-ef11-840a-000d3a2fc4f3","Type":"Concept"}},{"NoteLiteral":"","Subject":{"InScheme":{"Id":"urn:eciu:note","Type":"ConceptScheme"},"PrefLabel":{"En":"LMSUrl"},"Id":"423b4980-c827-ef11-840a-000d3a2fc4f3","Type":"Concept"}},{"NoteLiteral":"","Subject":{"InScheme":{"Id":"urn:eciu:note","Type":"ConceptScheme"},"PrefLabel":{"En":"TeamAccessDate"},"Id":"423b4980-c827-ef11-840a-000d3a2fc4f3","Type":"Concept"}},{"NoteLiteral":"false","Subject":{"InScheme":{"Id":"urn:eciu:note","Type":"ConceptScheme"},"PrefLabel":{"En":"SelfPaced"},"Id":"423b4980-c827-ef11-840a-000d3a2fc4f3","Type":"Concept"}},{"NoteLiteral":"0","Subject":{"InScheme":{"Id":"urn:eciu:note","Type":"ConceptScheme"},"PrefLabel":{"En":"Pace"},"Id":"423b4980-c827-ef11-840a-000d3a2fc4f3","Type":"Concept"}},{"NoteLiteral":"Standard","Subject":{"InScheme":{"Id":"urn:eciu:note","Type":"ConceptScheme"},"PrefLabel":{"En":"Scope"},"Id":"423b4980-c827-ef11-840a-000d3a2fc4f3","Type":"Concept"}}],"Id":"urn:eciu:learningOpportunity:423b4980-c827-ef11-840a-000d3a2fc4f3","Type":"LearningOpportunity"}