{"Mode":{"InScheme":{"Id":"http://data.europa.eu/snb/learning-assessment/25831c2","Type":"ConceptScheme"},"PrefLabel":{"En":"Blended"},"Id":"http://data.europa.eu/snb/learning-assessment/e92d221e4d","Type":"Concept"},"DcType":null,"Title":{"En":"The sustainable forest challenge"},"AdmissionsProcedure":null,"ApplicationDeadline":"2025-01-30","Description":{"En":"New sustainability programs at the EU level, such as the Nature Restoration Law, One Health Program, and the EU Biodiversity Strategy, raise questions for natural resource-based companies on how to integrate restorative and regenerative practices while ensuring long-term viability. For S\u00F6dra, a leading Swedish forestry cooperative, the forest is more than just a source of renewable raw material\u00A0for the S\u00F6dra industries\u2014it provides climate benefits, ecosystem services, long-term economic potential, and represents a core of Swedish innovation. Moreover, forests are a shared spaces for both people and wildlife, offering both livelihood and recreation.  \n\nS\u00F6dra is Sweden\u2019s largest forest-owner association, founded in 1938 and today a strong cooperation of 52,000 individual forest owners. Members are diverse, ranging from farmers who actively manage their forests to city-dwellers who have outsourced the work. With local roots in southern Sweden and a presence in the global market through its industrial activities, S\u00F6dra\u2019s primary mission is to ensure the profitability of its members\u2019 forest estates and to secure markets for their raw materials. This is achieved through a focus on high-value industrial segments and a balance between productive forestry and nature conservation, while always respecting members\u2019 property rights. Innovation, sustainability, and the interests of the forest owners guide the cooperative\u2019s work, with the ambition to create sustainable value from every tree.  \n\nAs the importance of sustainability has grown, S\u00F6dra has integrated this focus across almost all levels of the organization. At the same time, public opinion on how forests should be managed is shifting, and S\u00F6dra must continuously adapt and develop its practices to remain competitive\u2014both in the market and among its members.  \n\nIn light of this educational challenge and aligned with recent developments in EU legislation, S\u00F6dra needs to consider whether it is time to proactively redefine its strategies. Aligning with forthcoming and expected regulations and programs is not only a matter of compliance but a strategic opportunity. By acting early, S\u00F6dra can strengthen its position as a leader in sustainable forestry and turn these challenges into new market opportunities. Innovation in products and services that support biodiversity and ecosystem health will allow S\u00F6dra to meet the growing demand for sustainability. Moreover, by focusing on regenerative practices, S\u00F6dra can further establish itself as a pioneer in combining ecological restoration with long-term economic resilience and Swedish innovation.  \n\nYour challenge is to investigate\u00A0how S\u00F6dra can\u00A0increase their positive ecological and societal impacts based on\u00A0their\u00A0position and take lead in the transition to a sustainable society.\u00A0What assets and values can be utilized and what new innovative grips need to be taken?"},"LearningAchievementSpecification":{"EQFLevel":{"InScheme":{"Id":"http://data.europa.eu/snb/eqf/25831c2","Type":"ConceptScheme"},"PrefLabel":{"En":"Level 6"},"Id":"http://data.europa.eu/snb/eqf/6","Type":"Concept"},"CreditPoint":{"Framework":{"InScheme":{"Id":"http://data.europa.eu/snb/education-credit/25831c2","Type":"ConceptScheme"},"PrefLabel":{"En":"European Credit Transfer System"},"Id":"http://data.europa.eu/snb/education-credit/6fcec5c5af","Type":"Concept"},"Point":"5,0","Id":"urn:epass:creditPoint:eb11dc2c-0bf5-419b-ac84-a4ac6ae29b28","Type":"CreditPoint"},"LearningOutcome":[{"Title":{"En":"Apply degrowth economic principles"},"RelatedESCOSkill":[{"Notation":"Skill","InScheme":{"Id":"http://data.europa.eu/esco/concept-scheme/skills","Type":"ConceptScheme"},"PrefLabel":{"En":"adopt ways to reduce negative impact of consumption"},"Id":"http://data.europa.eu/esco/skill/4c3ab565-747c-4db3-8c47-79e8d6f98cf4","Type":"Concept"},{"Notation":"Skill","InScheme":{"Id":"http://data.europa.eu/esco/concept-scheme/skills","Type":"ConceptScheme"},"PrefLabel":{"En":"think holistically"},"Id":"http://data.europa.eu/esco/skill/d56e2c2f-3e01-4b76-a7bb-ecb6d430172f","Type":"Concept"}],"AdditionalNote":{"NoteLiteral":{"En":"The ability to identify current challenges related to sustainable cities and communities, and propose sustainable solutions by applying degrowth economic principles"},"Id":"urn:eciu:note:dee7bdef-4da7-ef11-b8e9-000d3a234020","Type":"Note"},"Id":"urn:epass:learningOutcome:eb11dc2c-0bf5-419b-ac84-a4ac6ae29b28-1","Type":"LearningOutcome"},{"Title":{"En":"Develop new concepts"},"RelatedESCOSkill":[{"Notation":"Skill","InScheme":{"Id":"http://data.europa.eu/esco/concept-scheme/skills","Type":"ConceptScheme"},"PrefLabel":{"En":"create new concepts"},"Id":"http://data.europa.eu/esco/skill/f08e2bd6-0366-4948-a670-1f03f130126f","Type":"Concept"},{"Notation":"Skill","InScheme":{"Id":"http://data.europa.eu/esco/concept-scheme/skills","Type":"ConceptScheme"},"PrefLabel":{"En":"promote sustainability"},"Id":"http://data.europa.eu/esco/skill/469e19ed-a0bd-445a-ae2d-4ba9430e296b","Type":"Concept"}],"AdditionalNote":{"NoteLiteral":{"En":"The ability to develop and present sustainable and value-creating concepts for sustainable cities and communities"},"Id":"urn:eciu:note:9c53ea13-4ea7-ef11-b8e9-000d3a234020","Type":"Note"},"Id":"urn:epass:learningOutcome:eb11dc2c-0bf5-419b-ac84-a4ac6ae29b28-2","Type":"LearningOutcome"},{"Title":{"En":"Communication skills"},"RelatedESCOSkill":[{"Notation":"Skill","InScheme":{"Id":"http://data.europa.eu/esco/concept-scheme/skills","Type":"ConceptScheme"},"PrefLabel":{"En":"engage others in environment friendly behaviours"},"Id":"http://data.europa.eu/esco/skill/7f321b88-3d16-4e30-8163-5494ca8ce978","Type":"Concept"},{"Notation":"Skill","InScheme":{"Id":"http://data.europa.eu/esco/concept-scheme/skills","Type":"ConceptScheme"},"PrefLabel":{"En":"communicate with stakeholders"},"Id":"http://data.europa.eu/esco/skill/477173ca-5fc2-406b-9122-95d92811f284","Type":"Concept"}],"AdditionalNote":{"NoteLiteral":{"En":"The ability to communicate sustainable concepts, both in writing and orally, to stakeholders from diverse backgrounds."},"Id":"urn:eciu:note:0347af63-4ea7-ef11-b8e9-000d3a234020","Type":"Note"},"Id":"urn:epass:learningOutcome:eb11dc2c-0bf5-419b-ac84-a4ac6ae29b28-3","Type":"LearningOutcome"},{"Title":{"En":"Interdisciplinarity and innovation"},"RelatedESCOSkill":[{"Notation":"Skill","InScheme":{"Id":"http://data.europa.eu/esco/concept-scheme/skills","Type":"ConceptScheme"},"PrefLabel":{"En":"work in teams"},"Id":"http://data.europa.eu/esco/skill/60c78287-22eb-4103-9c8c-28deaa460da0","Type":"Concept"},{"Notation":"Skill","InScheme":{"Id":"http://data.europa.eu/esco/concept-scheme/skills","Type":"ConceptScheme"},"PrefLabel":{"En":"listening and asking questions"},"Id":"http://data.europa.eu/esco/skill/S1.7.3","Type":"Concept"}],"AdditionalNote":{"NoteLiteral":{"En":"The ability to discuss and reflect on group processes and group dynamics in open innovation processes where individuals from different professions collaborate interdisciplinarily."},"Id":"urn:eciu:note:be77a3da-4ea7-ef11-b8e8-000d3a4a3b52","Type":"Note"},"Id":"urn:epass:learningOutcome:eb11dc2c-0bf5-419b-ac84-a4ac6ae29b28-4","Type":"LearningOutcome"},{"Title":{"En":"Self-reflection"},"RelatedESCOSkill":[{"Notation":"Skill","InScheme":{"Id":"http://data.europa.eu/esco/concept-scheme/skills","Type":"ConceptScheme"},"PrefLabel":{"En":"exercise self-reflection"},"Id":"http://data.europa.eu/esco/skill/409a0245-0e6c-4aac-ba16-0920ecb76a8d","Type":"Concept"}],"AdditionalNote":{"NoteLiteral":{"En":"The ability to reflect on their own learning process."},"Id":"urn:eciu:note:b7738b13-4fa7-ef11-b8e8-000d3a4a3b52","Type":"Note"},"Id":"urn:epass:learningOutcome:eb11dc2c-0bf5-419b-ac84-a4ac6ae29b28-5","Type":"LearningOutcome"}],"LearningSetting":null,"Mode":null,"Title":{"En":"The sustainable forest challenge"},"DcType":null,"HomePage":null,"VolumeOfLearning":null,"Id":"urn:eciu:qualification:eb11dc2c-0bf5-419b-ac84-a4ac6ae29b28","Type":"Qualification"},"IsPartOf":{"Mode":null,"DcType":null,"Title":{"En":"The sustainable forest challenge"},"AdmissionsProcedure":null,"ApplicationDeadline":null,"Description":null,"LearningAchievementSpecification":null,"IsPartOf":null,"Temporal":null,"ProvidedBy":null,"LearningActivitySpecification":null,"BannerImage":null,"MoreInformation":null,"Id":"urn:eciu:learningOpportunity:296c428d-18a7-ef11-b8e8-6045bd8e29cc","Type":"LearningOpportunity"},"Temporal":{"EndDate":"2025-02-22T00:00:00Z","Name":{"En":"Temporal"},"StartDate":"2025-04-28T00:00:00Z"},"ProvidedBy":{"Location":null,"Logo":null,"LegalName":{"En":"LINKOPINGS UNIVERSITET (LIU)"},"Registration":null,"Homepage":null,"Id":"urn:eciu:org:f1122d1d-6a54-ed11-bba2-6045bd886566","Type":"Organisation"},"LearningActivitySpecification":{"Mode":null,"DcType":null,"Title":{"En":""},"Description":null,"MoreInformation":[{"NoteLiteral":"This module includes a mandatory mobility 3-7 March 2025. Please contact the ECIU mobility officer at your home university to secure mobility funding for this micro-module.\n\nWe will make sure that you are notified regarding your admission in good time to allow you to plan your trip.\n\n**Preliminary schedule**\n\nThe module will be given in blended mode, with most of the activities online and a mandatory face-to-face (F2F) week at Valla campus, Link\u00F6ping from 3 to 7 March 2025. Below you can see a preliminary schedule. Changes may occur:\n\n2**1 Feb 2025 10:15-12:00 CET**:\u00A0Introductory lecture (online)\n\n**F2F week: 3-7 Mar 2025**\n\n3 Mar 2025: Arrival and welcome\n\n4 Mar 2025 13:15-17:00 CET:\u00A0lecture on restorative innovation and seminar on emphasize and design for restorative futures\n\n5 Mar 2025 09:15-16:00 CET: Field trip\n\n6 Mar 2025 09:15-12:00 CET: Concept development\n\n13:15-17:00 CET: Pitch training\n\n7 Mar 2025 09:15-13:00 CET: Concept assessment and presentation\n\n**14 Mar 2025 10:15-12:00 CET**:\u00A0Lecture on mobilizing for sustainable cities and communities in a post-growth economy (online)\n\n**20 Mar 2025 10:15-12:00 CET**:\u00A0CBL seminar (online)\n\n**01 Apr 2025 13:15-15:00 CEST**:\u00A0CBL seminar (online)\n\n**17 Apr 2025 10:15-12:00 CEST**:\u00A0Summarizing lecture on sustainable cities and communities with a focus on communities with restorative forests (online)\n\n**28 Apr 2025 12:00 CEST**: Submission deadline for the individual reflection and group assignment.\n\n**Examination**\n\nThe module is examined through\n\n- written group assignment, grading scale: Pass with Distinction (PWD), Pass (P), Fail (F)\n- active participation in seminars and pitches, grading scale: Pass (P), Fail (F)\n- individual written reflection, grading scale: Pass with Distinction (PWD), Pass (P), Fail (F)\n\n**Learning pathway suggestion**\n\nThis challenge can be combined with the micro-modules:\n\n- Responsible Innovation for a Sustainable World\u00A0 (more information: [https://engage.eciu.eu/micro-modules/5ac3098f-67b4-430c-af30-9c3d1818d376/responsible-innovation-for-a-sustainable-world)](https://engage.eciu.eu/micro-modules/5ac3098f-67b4-430c-af30-9c3d1818d376/responsible-innovation-for-a-sustainable-world)\n- [Business modelling in the circular economy](https://engage.eciu.eu/micro-modules/d0f9524e-fdbe-433e-ae0f-14bc1c57ffb5/business-modelling-in-the-circular-economy)\n\nFor any questions, please contact us at eciu@liu.se.","Subject":{"InScheme":{"Id":"urn:eciu:note","Type":"ConceptScheme"},"PrefLabel":{"En":"ParticipantInformation"},"Id":"eb11dc2c-0bf5-419b-ac84-a4ac6ae29b28","Type":"Concept"}}],"HasPart":null,"Id":"urn:eciu:learningActivitySpec:eb11dc2c-0bf5-419b-ac84-a4ac6ae29b28","Type":"LearningActivitySpecification"},"BannerImage":null,"MoreInformation":[{"NoteLiteral":"","Subject":{"InScheme":{"Id":"urn:eciu:note","Type":"ConceptScheme"},"PrefLabel":{"En":"SourceIdentifier"},"Id":"eb11dc2c-0bf5-419b-ac84-a4ac6ae29b28","Type":"Concept"}},{"NoteLiteral":"How to make the forest viable through restorative and regenerative practices","Subject":{"InScheme":{"Id":"urn:eciu:note","Type":"ConceptScheme"},"PrefLabel":{"En":"SubTitle"},"Id":"eb11dc2c-0bf5-419b-ac84-a4ac6ae29b28","Type":"Concept"}},{"NoteLiteral":"Forests are the largest and most efficient terrestrial ecosystems. Their central role in the planet\u00B4s biodiversity, ability to store carbon, and wealth of raw materials, make forests indispensable in the fight against climate change and crucial for people\u00B4s lives. Recognising this, EU has introduced legislation and policies aiming to protect forests and reverse the degradation of the ecosystem. S\u00F6dra, as many forestry cooperatives and associations, is striving to adapt to the new landscape and integrate restorative and regenerative practices while ensuring long-term viability. In this challenge, learners will employ the principles of degrowth economy, emphasising sustainability, localised economies, social justice and well-being, to assist S\u00F6dra in finding ways to increase its ecological and societal impact for a more sustainable society.","Subject":{"InScheme":{"Id":"urn:eciu:note","Type":"ConceptScheme"},"PrefLabel":{"En":"Introduction"},"Id":"eb11dc2c-0bf5-419b-ac84-a4ac6ae29b28","Type":"Concept"}},{"NoteLiteral":"True","Subject":{"InScheme":{"Id":"urn:eciu:note","Type":"ConceptScheme"},"PrefLabel":{"En":"GenerateMicroCredentials"},"Id":"eb11dc2c-0bf5-419b-ac84-a4ac6ae29b28","Type":"Concept"}},{"NoteLiteral":"**Deadline for applications**: 30\u00A0January 2025\n\n**Entry requirements**: 90 ECTS completed at the undergraduate level.\n\n**Mobility Grant**: Please contact the ECIU mobility officer as soon as possible to find out if you are eligible for a mobility grant\n\n**Supporting documentation**\n\nAll applicants are required to submit a transcript of records.\n\nTo process your application we will need the following infromation:\n\n- Name\n- Surname\n- Legal sex (female/male)\n- Date of birth\n- Valid home address\n- Phone number\n\nThis is necessary for the activation of your account at Link\u00F6ping University and to get access to the study material and the learning management system. Please fill in the above information in your profile on the ECIU engage platform, it will make the process much easier and faster for everyone.\n\nYou will receive a results notification within 2 days from the application deadline. If you are admitted, you will be contacted by the host university regarding the next steps in the process.","Subject":{"InScheme":{"Id":"urn:eciu:note","Type":"ConceptScheme"},"PrefLabel":{"En":"AdmissionProcessInformation"},"Id":"eb11dc2c-0bf5-419b-ac84-a4ac6ae29b28","Type":"Concept"}},{"NoteLiteral":"False","Subject":{"InScheme":{"Id":"urn:eciu:note","Type":"ConceptScheme"},"PrefLabel":{"En":"SimplifiedAdmissionProcess"},"Id":"eb11dc2c-0bf5-419b-ac84-a4ac6ae29b28","Type":"Concept"}},{"NoteLiteral":"2024-11-25","Subject":{"InScheme":{"Id":"urn:eciu:note","Type":"ConceptScheme"},"PrefLabel":{"En":"ApplicationPeriodStartDate"},"Id":"eb11dc2c-0bf5-419b-ac84-a4ac6ae29b28","Type":"Concept"}},{"NoteLiteral":"30","Subject":{"InScheme":{"Id":"urn:eciu:note","Type":"ConceptScheme"},"PrefLabel":{"En":"MaximumNumberOfSeats"},"Id":"eb11dc2c-0bf5-419b-ac84-a4ac6ae29b28","Type":"Concept"}},{"NoteLiteral":"False","Subject":{"InScheme":{"Id":"urn:eciu:note","Type":"ConceptScheme"},"PrefLabel":{"En":"ECIULMSENabled"},"Id":"eb11dc2c-0bf5-419b-ac84-a4ac6ae29b28","Type":"Concept"}},{"NoteLiteral":"","Subject":{"InScheme":{"Id":"urn:eciu:note","Type":"ConceptScheme"},"PrefLabel":{"En":"LMSUrl"},"Id":"eb11dc2c-0bf5-419b-ac84-a4ac6ae29b28","Type":"Concept"}},{"NoteLiteral":"","Subject":{"InScheme":{"Id":"urn:eciu:note","Type":"ConceptScheme"},"PrefLabel":{"En":"TeamAccessDate"},"Id":"eb11dc2c-0bf5-419b-ac84-a4ac6ae29b28","Type":"Concept"}},{"NoteLiteral":"false","Subject":{"InScheme":{"Id":"urn:eciu:note","Type":"ConceptScheme"},"PrefLabel":{"En":"SelfPaced"},"Id":"eb11dc2c-0bf5-419b-ac84-a4ac6ae29b28","Type":"Concept"}},{"NoteLiteral":"40","Subject":{"InScheme":{"Id":"urn:eciu:note","Type":"ConceptScheme"},"PrefLabel":{"En":"Pace"},"Id":"eb11dc2c-0bf5-419b-ac84-a4ac6ae29b28","Type":"Concept"}},{"NoteLiteral":"Standard","Subject":{"InScheme":{"Id":"urn:eciu:note","Type":"ConceptScheme"},"PrefLabel":{"En":"Scope"},"Id":"eb11dc2c-0bf5-419b-ac84-a4ac6ae29b28","Type":"Concept"}}],"Id":"urn:eciu:learningOpportunity:eb11dc2c-0bf5-419b-ac84-a4ac6ae29b28","Type":"LearningOpportunity"}