{"Mode":{"InScheme":{"Id":"http://data.europa.eu/snb/learning-assessment/25831c2","Type":"ConceptScheme"},"PrefLabel":{"En":"Online"},"Id":"http://data.europa.eu/snb/learning-assessment/920fbb3cbe","Type":"Concept"},"DcType":null,"Title":{"En":"Designing Flexible and Stretchable Electronics for Real-World Applications"},"AdmissionsProcedure":null,"ApplicationDeadline":"2025-03-04","Description":{"En":"**Our Problem to be solved:**  \n\nDevelop a conceptual design for a flexible and stretchable electronic device or sensor tailored to a specific application, such as wearable healthcare monitoring or robotic touch sensors.  \n\nFor this, it is necessary to:\n\n- understand the material properties required for the device (e.g., flexibility, conductivity);\n- address challenges in device design, such as stability, scalability, and environmental impact; and\n- demonstrate societal, industrial, or scientific relevance for the proposed device.\n\n**Expected Impact**  \n\nParticipants will gain foundational knowledge of soft electronics and hands-on experience with theoretical device design. By focusing on practical applications, this module equips students with skills to address real-world technological challenges, fostering innovation in industries like healthcare and robotics."},"LearningAchievementSpecification":{"EQFLevel":{"InScheme":{"Id":"http://data.europa.eu/snb/eqf/25831c2","Type":"ConceptScheme"},"PrefLabel":{"En":"Level 7"},"Id":"http://data.europa.eu/snb/eqf/7","Type":"Concept"},"CreditPoint":{"Framework":{"InScheme":{"Id":"http://data.europa.eu/snb/education-credit/25831c2","Type":"ConceptScheme"},"PrefLabel":{"En":"European Credit Transfer System"},"Id":"http://data.europa.eu/snb/education-credit/6fcec5c5af","Type":"Concept"},"Point":"1,0","Id":"urn:epass:creditPoint:805bdb81-9ffa-45e8-abf0-c08ccbc8f4d0","Type":"CreditPoint"},"LearningOutcome":[{"Title":{"En":"Understand the material properties required for the device"},"RelatedESCOSkill":[{"Notation":"Skill","InScheme":{"Id":"http://data.europa.eu/esco/concept-scheme/skills","Type":"ConceptScheme"},"PrefLabel":{"En":"determine suitability of materials"},"Id":"http://data.europa.eu/esco/skill/26514334-a6b2-47d6-ae86-490f5ee972f7","Type":"Concept"}],"AdditionalNote":{"NoteLiteral":{"En":"By the end of the course learners are able to explain and make informe decission about material properties (e.g., flexibility, conductivity) required for the device and its application."},"Id":"urn:eciu:note:0cc1a695-93cd-ef11-b8e8-7c1e525dc572","Type":"Note"},"Id":"urn:epass:learningOutcome:805bdb81-9ffa-45e8-abf0-c08ccbc8f4d0-1","Type":"LearningOutcome"},{"Title":{"En":"Make decisions in device design, such as stability, scalability, and environmental impact"},"RelatedESCOSkill":[{"Notation":"Skill","InScheme":{"Id":"http://data.europa.eu/esco/concept-scheme/skills","Type":"ConceptScheme"},"PrefLabel":{"En":"make decisions"},"Id":"http://data.europa.eu/esco/skill/d62d2b4c-a6f8-439e-8a1b-4f29ab5f2c47","Type":"Concept"},{"Notation":"Skill","InScheme":{"Id":"http://data.europa.eu/esco/concept-scheme/skills","Type":"ConceptScheme"},"PrefLabel":{"En":"think innovately"},"Id":"http://data.europa.eu/esco/skill/c2a0c52c-0b4b-4180-a918-92650ea3b458","Type":"Concept"},{"Notation":"Skill","InScheme":{"Id":"http://data.europa.eu/esco/concept-scheme/skills","Type":"ConceptScheme"},"PrefLabel":{"En":"solve problems"},"Id":"http://data.europa.eu/esco/skill/adc6dc11-3376-467b-96c5-9b0a21edc869","Type":"Concept"}],"AdditionalNote":{"NoteLiteral":{"En":"By the end of the course learners are able to make decisions in device design, such as stability, scalability, and environmental impact."},"Id":"urn:eciu:note:5280245d-95cd-ef11-b8e8-7c1e525dc572","Type":"Note"},"Id":"urn:epass:learningOutcome:805bdb81-9ffa-45e8-abf0-c08ccbc8f4d0-2","Type":"LearningOutcome"},{"Title":{"En":"Demonstrate societal, industrial, or scientific relevance for the proposed device"},"RelatedESCOSkill":[{"Notation":"Skill","InScheme":{"Id":"http://data.europa.eu/esco/concept-scheme/skills","Type":"ConceptScheme"},"PrefLabel":{"En":"promote ideas, products, services"},"Id":"http://data.europa.eu/esco/skill/df5e3d02-9f0f-44ee-91c2-85c62f161868","Type":"Concept"}],"AdditionalNote":{"NoteLiteral":{"En":"By the end of the course learners are able to demonstrate societal, industrial, or scientific relevance for the proposed device."},"Id":"urn:eciu:note:4b121516-96cd-ef11-b8e8-7c1e525dc572","Type":"Note"},"Id":"urn:epass:learningOutcome:805bdb81-9ffa-45e8-abf0-c08ccbc8f4d0-3","Type":"LearningOutcome"}],"LearningSetting":null,"Mode":null,"Title":{"En":"Designing Flexible and Stretchable Electronics for Real-World Applications"},"DcType":null,"HomePage":null,"VolumeOfLearning":null,"Id":"urn:eciu:qualification:805bdb81-9ffa-45e8-abf0-c08ccbc8f4d0","Type":"Qualification"},"IsPartOf":{"Mode":null,"DcType":null,"Title":{"En":"Designing Flexible and Stretchable Electronics for Real-World Applications"},"AdmissionsProcedure":null,"ApplicationDeadline":null,"Description":null,"LearningAchievementSpecification":null,"IsPartOf":null,"Temporal":null,"ProvidedBy":null,"LearningActivitySpecification":null,"BannerImage":null,"MoreInformation":null,"Id":"urn:eciu:learningOpportunity:ea63b5cd-8ccd-ef11-b8e8-7c1e525dc572","Type":"LearningOpportunity"},"Temporal":{"EndDate":"2025-03-11T00:00:00Z","Name":{"En":"Temporal"},"StartDate":"2025-04-14T00:00:00Z"},"ProvidedBy":{"Location":null,"Logo":null,"LegalName":{"En":"TECHNISCHE UNIVERSITAT HAMBURG (TUHH"},"Registration":null,"Homepage":null,"Id":"urn:eciu:org:d2f87009-6a54-ed11-bba2-6045bd886566","Type":"Organisation"},"LearningActivitySpecification":{"Mode":null,"DcType":null,"Title":{"En":""},"Description":null,"MoreInformation":[{"NoteLiteral":"**Schedule:**\n\nThe micromodule lasts five weeks. Weeks 1-3 consist of 2 hours of lecture and one hour of seminar each. Weeks 4 and 5 consist of two hours of seminar each. In the seminar students work on their designs. In addition to the lecture and seminar, students work 1-2 hours per week to continue working on their designs in small groups.\u00A0\n\nLECTURE:\n\n- March 10th 15:00 \u2013 16:30 CEST / 14:00 \u2013 15:30\u00A0 BST\n\n- March 17th 15:00 \u2013 16:30 CEST / 14:00 \u2013 15:30\u00A0 BST\n\n- March 24th 15:00 \u2013 16:30 CEST / 14:00 \u2013 15:30\u00A0 BST\n\nSEMINAR\n\n- March 18th 15:00 \u2013 16:30 CEST / 14:00 \u2013 15:30\u00A0 BST\n\n- March 25th 15:00 \u2013 16:30 CEST / 14:00 \u2013 15:30\u00A0 BST\n\n- April 1st 15:00 \u2013 16:30 CEST / 14:00 \u2013 15:30\u00A0 BST\n\nFINAL PRESENTATION\n\n- April 8th 15:00 \u2013 16:30 CEST / 14:00 \u2013 15:30\u00A0 BST\n\n**Expectations from Students:**\n\nCollaborate in interdisciplinary teams to develop a theoretical device design and present a final concept, including the application, materials, and theoretical design, in a 15 minute presentation.\n\nNo written assignments are required.","Subject":{"InScheme":{"Id":"urn:eciu:note","Type":"ConceptScheme"},"PrefLabel":{"En":"ParticipantInformation"},"Id":"805bdb81-9ffa-45e8-abf0-c08ccbc8f4d0","Type":"Concept"}}],"HasPart":null,"Id":"urn:eciu:learningActivitySpec:805bdb81-9ffa-45e8-abf0-c08ccbc8f4d0","Type":"LearningActivitySpecification"},"BannerImage":null,"MoreInformation":[{"NoteLiteral":"","Subject":{"InScheme":{"Id":"urn:eciu:note","Type":"ConceptScheme"},"PrefLabel":{"En":"SourceIdentifier"},"Id":"805bdb81-9ffa-45e8-abf0-c08ccbc8f4d0","Type":"Concept"}},{"NoteLiteral":"Exploring the Fundamentals of Soft Polymer Electronics and Their Practical Impact","Subject":{"InScheme":{"Id":"urn:eciu:note","Type":"ConceptScheme"},"PrefLabel":{"En":"SubTitle"},"Id":"805bdb81-9ffa-45e8-abf0-c08ccbc8f4d0","Type":"Concept"}},{"NoteLiteral":"The field of soft polymer electronics is at the forefront of technological innovation, enabling new possibilities in wearables, healthcare monitoring, flexible displays, and robotics. These systems rely on unique material properties like elasticity and conductivity, combined with innovative device designs. This module introduces participants to the basics of material science and device engineering for flexible electronics, focusing on stretchable sensors and devices such as organic field-effect transistors (OFETs) and organic electrochemical transistors (OECTs). It provides a condensed and focused exploration of the key aspects of soft electronics, including material properties, device design, and applications.","Subject":{"InScheme":{"Id":"urn:eciu:note","Type":"ConceptScheme"},"PrefLabel":{"En":"Introduction"},"Id":"805bdb81-9ffa-45e8-abf0-c08ccbc8f4d0","Type":"Concept"}},{"NoteLiteral":"True","Subject":{"InScheme":{"Id":"urn:eciu:note","Type":"ConceptScheme"},"PrefLabel":{"En":"GenerateMicroCredentials"},"Id":"805bdb81-9ffa-45e8-abf0-c08ccbc8f4d0","Type":"Concept"}},{"NoteLiteral":"This mini-module is open to bachelor\u2019s students in their final year or master\u2019s students with an interest in materials science, electronics, or device engineering. No prior knowledge is required.\n\nTo apply for the course, please provide a brief self-description (approximately \u00BC to \u00BD page). This should include information about what you are currently studying, your academic background, and whether you have any prior experience in the subject area. If there are specific topics or aspects of the course that interest you, feel free to mention them as well.","Subject":{"InScheme":{"Id":"urn:eciu:note","Type":"ConceptScheme"},"PrefLabel":{"En":"AdmissionProcessInformation"},"Id":"805bdb81-9ffa-45e8-abf0-c08ccbc8f4d0","Type":"Concept"}},{"NoteLiteral":"False","Subject":{"InScheme":{"Id":"urn:eciu:note","Type":"ConceptScheme"},"PrefLabel":{"En":"SimplifiedAdmissionProcess"},"Id":"805bdb81-9ffa-45e8-abf0-c08ccbc8f4d0","Type":"Concept"}},{"NoteLiteral":"2025-01-29","Subject":{"InScheme":{"Id":"urn:eciu:note","Type":"ConceptScheme"},"PrefLabel":{"En":"ApplicationPeriodStartDate"},"Id":"805bdb81-9ffa-45e8-abf0-c08ccbc8f4d0","Type":"Concept"}},{"NoteLiteral":"20","Subject":{"InScheme":{"Id":"urn:eciu:note","Type":"ConceptScheme"},"PrefLabel":{"En":"MaximumNumberOfSeats"},"Id":"805bdb81-9ffa-45e8-abf0-c08ccbc8f4d0","Type":"Concept"}},{"NoteLiteral":"False","Subject":{"InScheme":{"Id":"urn:eciu:note","Type":"ConceptScheme"},"PrefLabel":{"En":"ECIULMSENabled"},"Id":"805bdb81-9ffa-45e8-abf0-c08ccbc8f4d0","Type":"Concept"}},{"NoteLiteral":"","Subject":{"InScheme":{"Id":"urn:eciu:note","Type":"ConceptScheme"},"PrefLabel":{"En":"LMSUrl"},"Id":"805bdb81-9ffa-45e8-abf0-c08ccbc8f4d0","Type":"Concept"}},{"NoteLiteral":"","Subject":{"InScheme":{"Id":"urn:eciu:note","Type":"ConceptScheme"},"PrefLabel":{"En":"TeamAccessDate"},"Id":"805bdb81-9ffa-45e8-abf0-c08ccbc8f4d0","Type":"Concept"}},{"NoteLiteral":"false","Subject":{"InScheme":{"Id":"urn:eciu:note","Type":"ConceptScheme"},"PrefLabel":{"En":"SelfPaced"},"Id":"805bdb81-9ffa-45e8-abf0-c08ccbc8f4d0","Type":"Concept"}},{"NoteLiteral":"25","Subject":{"InScheme":{"Id":"urn:eciu:note","Type":"ConceptScheme"},"PrefLabel":{"En":"Pace"},"Id":"805bdb81-9ffa-45e8-abf0-c08ccbc8f4d0","Type":"Concept"}},{"NoteLiteral":"Standard","Subject":{"InScheme":{"Id":"urn:eciu:note","Type":"ConceptScheme"},"PrefLabel":{"En":"Scope"},"Id":"805bdb81-9ffa-45e8-abf0-c08ccbc8f4d0","Type":"Concept"}}],"Id":"urn:eciu:learningOpportunity:805bdb81-9ffa-45e8-abf0-c08ccbc8f4d0","Type":"LearningOpportunity"}