{"Mode":{"InScheme":{"Id":"http://data.europa.eu/snb/learning-assessment/25831c2","Type":"ConceptScheme"},"PrefLabel":{"En":"Online"},"Id":"http://data.europa.eu/snb/learning-assessment/920fbb3cbe","Type":"Concept"},"DcType":null,"Title":{"En":"Sustainable Nanotechnology"},"AdmissionsProcedure":{"NoteLiteral":{"En":"This course is offered to masters in the engineering or natural science domain. Students from the bachelor level might likely take the course upon further evaluation, they can register upon request. For more information, contact the course coordinator.\nWe have a limited number of seats and we\u0027ll make a well-balanced distribution of students from different institutions, if possible."},"Id":"urn:eciu:note:8ced0dcb-8d8c-ef11-ac20-000d3a2acb20","Type":"Note"},"ApplicationDeadline":"2025-01-26","Description":{"En":"**Develop Sustainable Nanotechnology Solutions with a Global Team**\n\nThis course challenges you to co-create innovative, eco-friendly products using nanotechnology tools. Working in\u00A0international and multidisciplinary teams, you\u2019ll tackle real-world challenges with guidance from expert teachers. Your mission: to design a green product that contributes to solving society\u2019s most pressing issues.\n\n**Why Nanotechnology?**\n\nNanotechnology plays a pivotal role in sustainable development, offering solutions for\u00A0**clean water, air, soil, and energy**\u2014key pillars of the United Nations\u2019 Sustainable Development Goals. By integrating advanced technology with a multidisciplinary approach, this course equips you with the skills to address global challenges collaboratively.\n\n**What You\u2019ll Do:**\n\n- **Focus on four key areas:** Develop sustainable products targeting **water** purification, remediation, and reuse;\u00A0**air** purification;\u00A0**soil**remediation;\u00A0and **energy** solutions.\n- **Apply what you learn:** Use life cycle analysis and recyclability principles to design impactful solutions.\n- **Collaborate globally:** Work in an international team to solve problems and learn to navigate cultural and time-zone differences.\n\n**Skills You\u2019ll Gain:**\n\nThrough a\u00A0challenge-based learning approach, you\u2019ll master teamwork, time management, and product development. You\u2019ll also learn to apply academic knowledge to real-world problems, ensuring your solutions are both innovative and actionable.\n\nJoin this\u00A0Collaborative Online International Learning (COIL)\u00A0course and be part of a global effort to create a sustainable future through nanotechnology! For more information, contact Arturo Susarrey Arce (a.susarreyarce@utwente.nl)."},"LearningAchievementSpecification":{"EQFLevel":{"InScheme":{"Id":"http://data.europa.eu/snb/eqf/25831c2","Type":"ConceptScheme"},"PrefLabel":{"En":"Level 7"},"Id":"http://data.europa.eu/snb/eqf/7","Type":"Concept"},"CreditPoint":{"Framework":{"InScheme":{"Id":"http://data.europa.eu/snb/education-credit/25831c2","Type":"ConceptScheme"},"PrefLabel":{"En":"European Credit Transfer System"},"Id":"http://data.europa.eu/snb/education-credit/6fcec5c5af","Type":"Concept"},"Point":"5,0","Id":"urn:epass:creditPoint:8ced0dcb-8d8c-ef11-ac20-000d3a2acb20","Type":"CreditPoint"},"LearningOutcome":[{"Title":{"En":"Remote collaboration"},"RelatedESCOSkill":[{"Notation":"Skill","InScheme":{"Id":"http://data.europa.eu/esco/concept-scheme/skills","Type":"ConceptScheme"},"PrefLabel":{"En":"use IT tools"},"Id":"http://data.europa.eu/esco/skill/f632251a-4078-4546-b19f-7ef528d08325","Type":"Concept"},{"Notation":"Skill","InScheme":{"Id":"http://data.europa.eu/esco/concept-scheme/skills","Type":"ConceptScheme"},"PrefLabel":{"En":"work in teams"},"Id":"http://data.europa.eu/esco/skill/60c78287-22eb-4103-9c8c-28deaa460da0","Type":"Concept"}],"AdditionalNote":{"NoteLiteral":{"En":"Practice how to collaborate remotely with peers from different countries and time zones"},"Id":"urn:eciu:note:3e2b1bda-8d8c-ef11-ac21-000d3aa85bba","Type":"Note"},"Id":"urn:epass:learningOutcome:8ced0dcb-8d8c-ef11-ac20-000d3a2acb20-1","Type":"LearningOutcome"},{"Title":{"En":"Solution or product development"},"RelatedESCOSkill":[{"Notation":"Skill","InScheme":{"Id":"http://data.europa.eu/esco/concept-scheme/skills","Type":"ConceptScheme"},"PrefLabel":{"En":"think analytically"},"Id":"http://data.europa.eu/esco/skill/4707da90-9cfc-46ca-8de0-38a0b7bfb137","Type":"Concept"},{"Notation":"Skill","InScheme":{"Id":"http://data.europa.eu/esco/concept-scheme/skills","Type":"ConceptScheme"},"PrefLabel":{"En":"create new concepts"},"Id":"http://data.europa.eu/esco/skill/f08e2bd6-0366-4948-a670-1f03f130126f","Type":"Concept"}],"AdditionalNote":{"NoteLiteral":{"En":"Develop a solution or product adapted to fulfil development goals"},"Id":"urn:eciu:note:e0c0eded-8d8c-ef11-ac21-000d3aa85bba","Type":"Note"},"Id":"urn:epass:learningOutcome:8ced0dcb-8d8c-ef11-ac20-000d3a2acb20-2","Type":"LearningOutcome"},{"Title":{"En":"Work in multidisciplinary teams"},"RelatedESCOSkill":[{"Notation":"Skill","InScheme":{"Id":"http://data.europa.eu/esco/concept-scheme/skills","Type":"ConceptScheme"},"PrefLabel":{"En":"work in teams"},"Id":"http://data.europa.eu/esco/skill/60c78287-22eb-4103-9c8c-28deaa460da0","Type":"Concept"},{"Notation":"Skill","InScheme":{"Id":"http://data.europa.eu/esco/concept-scheme/skills","Type":"ConceptScheme"},"PrefLabel":{"En":"relate empathetically"},"Id":"http://data.europa.eu/esco/skill/996243ee-543f-4c36-a31a-e0f2403c0c5d","Type":"Concept"}],"AdditionalNote":{"NoteLiteral":{"En":"The learner can work in multidisciplinary teams"},"Id":"urn:eciu:note:300a70dd-8d8c-ef11-ac21-6045bd8ae6ab","Type":"Note"},"Id":"urn:epass:learningOutcome:8ced0dcb-8d8c-ef11-ac20-000d3a2acb20-3","Type":"LearningOutcome"},{"Title":{"En":"Sustainability \u0026 Nanotechnology"},"RelatedESCOSkill":[{"Notation":"Skill","InScheme":{"Id":"http://data.europa.eu/esco/concept-scheme/skills","Type":"ConceptScheme"},"PrefLabel":{"En":"nanotechnology"},"Id":"http://data.europa.eu/esco/skill/a8da58c7-42fc-4fd6-b25a-b06b74c00179","Type":"Concept"}],"AdditionalNote":{"NoteLiteral":{"En":"Explain sustainability concepts in the context of nanotechnology"},"Id":"urn:eciu:note:62ce9ce3-8d8c-ef11-ac21-6045bd8ae6ab","Type":"Note"},"Id":"urn:epass:learningOutcome:8ced0dcb-8d8c-ef11-ac20-000d3a2acb20-4","Type":"LearningOutcome"},{"Title":{"En":"Develop intercultural teamwork skills"},"RelatedESCOSkill":[{"Notation":"Skill","InScheme":{"Id":"http://data.europa.eu/esco/concept-scheme/skills","Type":"ConceptScheme"},"PrefLabel":{"En":"demonstrate intercultural competence"},"Id":"http://data.europa.eu/esco/skill/c10d5d87-36cf-42f5-8a12-e560fb5f4af8","Type":"Concept"},{"Notation":"Skill","InScheme":{"Id":"http://data.europa.eu/esco/concept-scheme/skills","Type":"ConceptScheme"},"PrefLabel":{"En":"solve problems"},"Id":"http://data.europa.eu/esco/skill/adc6dc11-3376-467b-96c5-9b0a21edc869","Type":"Concept"}],"AdditionalNote":{"NoteLiteral":{"En":"The learner can develop intercultural teamwork skills through problem-solving with peers"},"Id":"urn:eciu:note:c03003d0-8d8c-ef11-ac20-6045bd8ba580","Type":"Note"},"Id":"urn:epass:learningOutcome:8ced0dcb-8d8c-ef11-ac20-000d3a2acb20-5","Type":"LearningOutcome"},{"Title":{"En":"Implement sustainability concepts in nanotechnology domain"},"RelatedESCOSkill":[{"Notation":"Skill","InScheme":{"Id":"http://data.europa.eu/esco/concept-scheme/skills","Type":"ConceptScheme"},"PrefLabel":{"En":"identify new recycling opportunities"},"Id":"http://data.europa.eu/esco/skill/89f5fa96-ae45-4906-902c-d50ca51009c6","Type":"Concept"},{"Notation":"Skill","InScheme":{"Id":"http://data.europa.eu/esco/concept-scheme/skills","Type":"ConceptScheme"},"PrefLabel":{"En":"waste management"},"Id":"http://data.europa.eu/esco/skill/40f65a56-ccbe-4601-9f32-1cc6cdd24f28","Type":"Concept"},{"Notation":"Skill","InScheme":{"Id":"http://data.europa.eu/esco/concept-scheme/skills","Type":"ConceptScheme"},"PrefLabel":{"En":"minimise environmental impact on the surrounding area"},"Id":"http://data.europa.eu/esco/skill/44493977-83c4-49e0-88b2-28435da57cd0","Type":"Concept"}],"AdditionalNote":{"NoteLiteral":{"En":"Implement sustainability concepts in the nanotechnology domain using life cycle analysis and recyclability aspects"},"Id":"urn:eciu:note:2c315cea-8d8c-ef11-ac20-6045bd8ba580","Type":"Note"},"Id":"urn:epass:learningOutcome:8ced0dcb-8d8c-ef11-ac20-000d3a2acb20-6","Type":"LearningOutcome"},{"Title":{"En":"Explain the relationship between sustainability and nanotechnology"},"RelatedESCOSkill":[{"Notation":"Skill","InScheme":{"Id":"http://data.europa.eu/esco/concept-scheme/skills","Type":"ConceptScheme"},"PrefLabel":{"En":"exercise self-reflection"},"Id":"http://data.europa.eu/esco/skill/409a0245-0e6c-4aac-ba16-0920ecb76a8d","Type":"Concept"},{"Notation":"Skill","InScheme":{"Id":"http://data.europa.eu/esco/concept-scheme/skills","Type":"ConceptScheme"},"PrefLabel":{"En":"nanotechnology"},"Id":"http://data.europa.eu/esco/skill/a8da58c7-42fc-4fd6-b25a-b06b74c00179","Type":"Concept"}],"AdditionalNote":{"NoteLiteral":{"En":"The learner can explain the relationship between sustainability and nanotechnology concepts"},"Id":"urn:eciu:note:101e6371-9fb0-ef11-b8e8-6045bd8e221f","Type":"Note"},"Id":"urn:epass:learningOutcome:8ced0dcb-8d8c-ef11-ac20-000d3a2acb20-7","Type":"LearningOutcome"},{"Title":{"En":"Develop nanotechnology solutions"},"RelatedESCOSkill":[{"Notation":"Skill","InScheme":{"Id":"http://data.europa.eu/esco/concept-scheme/skills","Type":"ConceptScheme"},"PrefLabel":{"En":"think innovately"},"Id":"http://data.europa.eu/esco/skill/c2a0c52c-0b4b-4180-a918-92650ea3b458","Type":"Concept"},{"Notation":"Skill","InScheme":{"Id":"http://data.europa.eu/esco/concept-scheme/skills","Type":"ConceptScheme"},"PrefLabel":{"En":"select sustainable technologies in design"},"Id":"http://data.europa.eu/esco/skill/c214d86e-fbb8-45c0-87d4-f2cefc954057","Type":"Concept"},{"Notation":"Skill","InScheme":{"Id":"http://data.europa.eu/esco/concept-scheme/skills","Type":"ConceptScheme"},"PrefLabel":{"En":"use sustainable materials and components"},"Id":"http://data.europa.eu/esco/skill/73576419-31c2-4e45-8e30-ab1afec3db4e","Type":"Concept"}],"AdditionalNote":{"NoteLiteral":{"En":"The learner can develop nanotechnology solutions adapted to fulfill development goals"},"Id":"urn:eciu:note:ee62eae3-9fb0-ef11-b8e8-6045bd8e221f","Type":"Note"},"Id":"urn:epass:learningOutcome:8ced0dcb-8d8c-ef11-ac20-000d3a2acb20-8","Type":"LearningOutcome"},{"Title":{"En":"Relationship sustainability \u0026 nanotechnology"},"RelatedESCOSkill":[{"Notation":"Skill","InScheme":{"Id":"http://data.europa.eu/esco/concept-scheme/skills","Type":"ConceptScheme"},"PrefLabel":{"En":"social entreprise"},"Id":"http://data.europa.eu/esco/skill/2f4cdc7e-d98d-4e6c-9811-3dc28255c7ff","Type":"Concept"}],"AdditionalNote":{"NoteLiteral":{"En":"Explain the relationship between sustainability and nanotechnology concepts"},"Id":"urn:eciu:note:9767dde3-8d8c-ef11-ac20-6045bd998631","Type":"Note"},"Id":"urn:epass:learningOutcome:8ced0dcb-8d8c-ef11-ac20-000d3a2acb20-9","Type":"LearningOutcome"},{"Title":{"En":"Implement sustainability concepts"},"RelatedESCOSkill":[{"Notation":"Skill","InScheme":{"Id":"http://data.europa.eu/esco/concept-scheme/skills","Type":"ConceptScheme"},"PrefLabel":{"En":"show responsibility"},"Id":"http://data.europa.eu/esco/skill/199f7919-5114-41b6-b6a5-41e0e4896ec1","Type":"Concept"},{"Notation":"Skill","InScheme":{"Id":"http://data.europa.eu/esco/concept-scheme/skills","Type":"ConceptScheme"},"PrefLabel":{"En":"minimise environmental impact on the surrounding area"},"Id":"http://data.europa.eu/esco/skill/44493977-83c4-49e0-88b2-28435da57cd0","Type":"Concept"},{"Notation":"Skill","InScheme":{"Id":"http://data.europa.eu/esco/concept-scheme/skills","Type":"ConceptScheme"},"PrefLabel":{"En":"identify new recycling opportunities"},"Id":"http://data.europa.eu/esco/skill/89f5fa96-ae45-4906-902c-d50ca51009c6","Type":"Concept"},{"Notation":"Skill","InScheme":{"Id":"http://data.europa.eu/esco/concept-scheme/skills","Type":"ConceptScheme"},"PrefLabel":{"En":"assess the life cycle of resources"},"Id":"http://data.europa.eu/esco/skill/4e87c852-602a-4a0e-b8d8-20709ce14ac5","Type":"Concept"}],"AdditionalNote":{"NoteLiteral":{"En":"The learner can implement sustainability concepts in the nanotechnology domain using life cycle analysis and recyclability aspects"},"Id":"urn:eciu:note:5bf9996d-51a6-ef11-b8e8-6045bdf6679d","Type":"Note"},"Id":"urn:epass:learningOutcome:8ced0dcb-8d8c-ef11-ac20-000d3a2acb20-10","Type":"LearningOutcome"},{"Title":{"En":"Develop intercultural teamwork skills"},"RelatedESCOSkill":[{"Notation":"Skill","InScheme":{"Id":"http://data.europa.eu/esco/concept-scheme/skills","Type":"ConceptScheme"},"PrefLabel":{"En":"solve problems"},"Id":"http://data.europa.eu/esco/skill/adc6dc11-3376-467b-96c5-9b0a21edc869","Type":"Concept"},{"Notation":"Skill","InScheme":{"Id":"http://data.europa.eu/esco/concept-scheme/skills","Type":"ConceptScheme"},"PrefLabel":{"En":"demonstrate intercultural competence"},"Id":"http://data.europa.eu/esco/skill/c10d5d87-36cf-42f5-8a12-e560fb5f4af8","Type":"Concept"},{"Notation":"Skill","InScheme":{"Id":"http://data.europa.eu/esco/concept-scheme/skills","Type":"ConceptScheme"},"PrefLabel":{"En":"build rapport with people from different cultural backgrounds"},"Id":"http://data.europa.eu/esco/skill/5609c548-8581-4a28-8afc-5f744868e9c7","Type":"Concept"}],"AdditionalNote":{"NoteLiteral":{"En":"The learner can develop intercultural teamwork skills through problem-solving with peers"},"Id":"urn:eciu:note:a4e489b6-9ab0-ef11-b8e8-7c1e5260a806","Type":"Note"},"Id":"urn:epass:learningOutcome:8ced0dcb-8d8c-ef11-ac20-000d3a2acb20-11","Type":"LearningOutcome"},{"Title":{"En":"Practice how to collaborate remotely"},"RelatedESCOSkill":[{"Notation":"Skill","InScheme":{"Id":"http://data.europa.eu/esco/concept-scheme/skills","Type":"ConceptScheme"},"PrefLabel":{"En":"collaborate through digital technologies"},"Id":"http://data.europa.eu/esco/skill/2b34a99f-9813-4c91-9509-b6b9b8c3132e","Type":"Concept"},{"Notation":"Skill","InScheme":{"Id":"http://data.europa.eu/esco/concept-scheme/skills","Type":"ConceptScheme"},"PrefLabel":{"En":"consider time zones in execution of work"},"Id":"http://data.europa.eu/esco/skill/f6c7b7a5-6194-45a2-8791-9609c897b1a0","Type":"Concept"},{"Notation":"Skill","InScheme":{"Id":"http://data.europa.eu/esco/concept-scheme/skills","Type":"ConceptScheme"},"PrefLabel":{"En":"project management"},"Id":"http://data.europa.eu/esco/skill/7111b95d-0ce3-441a-9d92-4c75d05c4388","Type":"Concept"}],"AdditionalNote":{"NoteLiteral":{"En":"The learner can practice how to collaborate remotely with peers from different countries and time zones"},"Id":"urn:eciu:note:e910dd44-9bb0-ef11-b8e8-7c1e5260a806","Type":"Note"},"Id":"urn:epass:learningOutcome:8ced0dcb-8d8c-ef11-ac20-000d3a2acb20-12","Type":"LearningOutcome"},{"Title":{"En":"Work in multidisciplinary teams"},"RelatedESCOSkill":[{"Notation":"Skill","InScheme":{"Id":"http://data.europa.eu/esco/concept-scheme/skills","Type":"ConceptScheme"},"PrefLabel":{"En":"listen actively"},"Id":"http://data.europa.eu/esco/skill/a17286c5-238d-4f0b-bc24-29e9121345de","Type":"Concept"},{"Notation":"Skill","InScheme":{"Id":"http://data.europa.eu/esco/concept-scheme/skills","Type":"ConceptScheme"},"PrefLabel":{"En":"work in teams"},"Id":"http://data.europa.eu/esco/skill/60c78287-22eb-4103-9c8c-28deaa460da0","Type":"Concept"},{"Notation":"Skill","InScheme":{"Id":"http://data.europa.eu/esco/concept-scheme/skills","Type":"ConceptScheme"},"PrefLabel":{"En":"keep an open mind"},"Id":"http://data.europa.eu/esco/skill/fd89f784-88dc-4d35-abd7-86aa073cab12","Type":"Concept"}],"AdditionalNote":{"NoteLiteral":{"En":"The learner can work in multidisciplinary teams"},"Id":"urn:eciu:note:aae215b3-9db0-ef11-b8e8-7c1e5260a806","Type":"Note"},"Id":"urn:epass:learningOutcome:8ced0dcb-8d8c-ef11-ac20-000d3a2acb20-13","Type":"LearningOutcome"},{"Title":{"En":"Explain sustainability concepts in the context of nanotechnology"},"RelatedESCOSkill":[{"Notation":"Skill","InScheme":{"Id":"http://data.europa.eu/esco/concept-scheme/skills","Type":"ConceptScheme"},"PrefLabel":{"En":"search for information online"},"Id":"http://data.europa.eu/esco/skill/698be2d3-8768-422d-a2d3-1cb701816089","Type":"Concept"},{"Notation":"Skill","InScheme":{"Id":"http://data.europa.eu/esco/concept-scheme/skills","Type":"ConceptScheme"},"PrefLabel":{"En":"demonstrate willingness to learn"},"Id":"http://data.europa.eu/esco/skill/A1.8.0","Type":"Concept"}],"AdditionalNote":{"NoteLiteral":{"En":"The learner can explain sustainability concepts in the context of nanotechnology"},"Id":"urn:eciu:note:dab47b6f-9eb0-ef11-b8e8-7c1e5260a806","Type":"Note"},"Id":"urn:epass:learningOutcome:8ced0dcb-8d8c-ef11-ac20-000d3a2acb20-14","Type":"LearningOutcome"}],"LearningSetting":null,"Mode":null,"Title":{"En":"Sustainable Nanotechnology"},"DcType":null,"HomePage":null,"VolumeOfLearning":null,"Id":"urn:eciu:qualification:8ced0dcb-8d8c-ef11-ac20-000d3a2acb20","Type":"Qualification"},"IsPartOf":{"Mode":null,"DcType":null,"Title":{"En":"Sustainable Nanotechnology"},"AdmissionsProcedure":null,"ApplicationDeadline":null,"Description":null,"LearningAchievementSpecification":null,"IsPartOf":null,"Temporal":null,"ProvidedBy":null,"LearningActivitySpecification":null,"BannerImage":null,"MoreInformation":null,"Id":"urn:eciu:learningOpportunity:14384778-4922-ee11-9966-6045bd886fac","Type":"LearningOpportunity"},"Temporal":{"EndDate":"2025-02-12T00:00:00Z","Name":{"En":"Temporal"},"StartDate":"2025-06-25T00:00:00Z"},"ProvidedBy":{"Location":null,"Logo":null,"LegalName":{"En":"UNIVERSITEIT TWENTE (UT)"},"Registration":null,"Homepage":null,"Id":"urn:eciu:org:813e9d57-6a54-ed11-bba2-6045bd886566","Type":"Organisation"},"LearningActivitySpecification":{"Mode":null,"DcType":null,"Title":{"En":""},"Description":null,"MoreInformation":[{"NoteLiteral":"### Learning Activities:\n\n- Online lectures\n- Group project work\n- Presentation of the final group\u00A0project\n\n### **Learning Schedule:**\n\nThe schedule of the micro-module contains generally\u00A0**2** **hours of lectures per week.**\u00A0In total there are 19 sessions, divided in 7 blocks.\u00A0Eighteen sessions are 2 hours of online teaching, and the final project presentation session is 4 hours online.\n\n**When?**\n\n**Every Wednesday:**\n\nWinter period: 3:00 pm - 5:00 pm (CET) / until March 29th, 2025\n\nSummer period: 4:00 pm - 6:00 pm (CET) / starts March 30th, 2025\n\n**Block 1\u00A0- Orientation (2 weeks):\u00A0Lecturer Linlin Pei \u0026 Leonie Krab (University of Twente)**\n\nWeek 1-2 -\u00A0 2 sessions\n\n1. Introduction to the course\n2. Get to know each other (teaching staff and students)\n3. Intercultural communication and teamwork\n4. Online tools\n5. An impactful, sustainable message: poster session\n\n**Block 2\u00A0- Sustainability for Society\u00A0(3\u00A0weeks):\u00A0Lecturer Alberto Mendoza\u00A0(Tecnol\u00F3gico de Monterrey)**\n\nWeeks 3-5 - 3 sessions\n\n1. Global sustainable development goals\n2. The existence of an ideal technology that fulfills current development goals\n3. How nanotechnology can be made green and eco-friendly\n4. Sustainable nanotechnology in various areas of society\n5. Society 5.0\n6. Challenges, progress, and opportunities\n7. Circular economy and regulatory frameworks\n\n**Block 3\u00A0-\u00A0Energy management: serious gaming (3 weeks): Lecturer Daniel Campos Moreno (Universidad Aut\u00F3noma de Barcelona** **)**\n\nWeeks 6-8 - 3 sessions\n\n1. Analyze the role of energy management in sustainability.\n2. Identify the main technologies involved in energy management and the future trends in the sector.\n3. Understand the main tradeoffs involved in energy management at different scales (from facility-scale to global scale).\n\n**Block 4\u00A0- Is nanotechnology sustainable? (3 weeks):\u00A0Lecturer\u00A0Sumesh Sukumara\u00A0(Technical University of Denmark)**\n\nWeeks 9-11 - 3 sessions\n\n1. Gain knowledge on Life Cycle Assessment (LCA) and its application in topics of nanotechnology and recyclability.\n2. Understand the fundamentals of Environmental-LCA and the applications of LCA in the context of nanotechnology.\n3. Identify environmental hotspots in nanotechnology products and supply chains.\n\n**Block 5\u00A0- Water, Air, Soil (3\u00A0weeks):\u00A0Lecturer Arturo Surrarey Arce (University of Twente)**\n\nWeeks 12-14 - 3 session\n\n*Water*\n\n1. Nanoparticles for impurity detection\n2. Nanomaterials as adsorbents for degradation of water pollutants\n3. Reuse water pollutants to produce chemicals of added value\n4. Nanomaterials for separation\n\n*Air:*\n\n1. Nanotechnology for CO2 capture, storage, and conversion\n2. CO2 capture\n3. Photocatalytic CO2 reduction\n4. Electrochemical CO2 reduction\n\n**Block 6\u00A0- Energy (3 weeks):\u00A0Lecturer\u00A0Agne Sulciute / Brigita Abakeviciene (Kaunas University of Technology)**\n\nWeeks 15-17 - 3 sessions\n\n1. Develop a comprehensive understanding of solar cell technologies, including photovoltaic principles, material science, and energy conversion processes.\n2. Gain a thorough understanding of hydrogen production technologies, including electrolysis principles, production methods, and hydrogen storage and transportation challenges. Understand the principles, types, and applications of hydrogen fuel cells, emphasizing how they generate electricity, their efficiency, and their potential in various energy sectors.\n3. Study biomimicry principles and how nature-inspired designs can improve the efficiency and sustainability of renewable energy technologies with applications in solar cells and hydrogen systems.\n\n**Block 7\u00A0- Project proposition (2 weeks):\u00A0Lecturer\u00A0Arturo Susarrey\u00A0/\u00A0Jaime Bonilla (University of Twente)**\n\nWeeks 18-19 - 2 sessions\n\n1. Canvas and business opportunities\n2. Business cases\n3. Is your project commercially profitable\n4. A sustainable technology or product? \u00A0\u2013 life cycle analysis, circularity, and solution or product proposition\n\n### **Learning Assessment**\n\nThe course is assessed through assignments and the final group project presentation.\n\n### For more information, contact the course coordinator Arturo Susarrey Arce (a.susarreyarce@utwente.nl).","Subject":{"InScheme":{"Id":"urn:eciu:note","Type":"ConceptScheme"},"PrefLabel":{"En":"ParticipantInformation"},"Id":"8ced0dcb-8d8c-ef11-ac20-000d3a2acb20","Type":"Concept"}}],"HasPart":null,"Id":"urn:eciu:learningActivitySpec:8ced0dcb-8d8c-ef11-ac20-000d3a2acb20","Type":"LearningActivitySpecification"},"BannerImage":null,"MoreInformation":[{"NoteLiteral":"","Subject":{"InScheme":{"Id":"urn:eciu:note","Type":"ConceptScheme"},"PrefLabel":{"En":"SourceIdentifier"},"Id":"8ced0dcb-8d8c-ef11-ac20-000d3a2acb20","Type":"Concept"}},{"NoteLiteral":"Help co-create sustainable solutions using nanotechnology tools.","Subject":{"InScheme":{"Id":"urn:eciu:note","Type":"ConceptScheme"},"PrefLabel":{"En":"SubTitle"},"Id":"8ced0dcb-8d8c-ef11-ac20-000d3a2acb20","Type":"Concept"}},{"NoteLiteral":"This course empowers you to design green products using nanotechnology tools. You\u2019ll work in an international, multidisciplinary team to tackle real-world challenges, with guidance from experienced teachers. Through a knowledge-utilization framework, you\u2019ll apply academic insights to develop strategies for implementing your solution in society. By the end, you\u2019ll master teamwork, time management, and product development, equipping you to drive sustainable innovation.","Subject":{"InScheme":{"Id":"urn:eciu:note","Type":"ConceptScheme"},"PrefLabel":{"En":"Introduction"},"Id":"8ced0dcb-8d8c-ef11-ac20-000d3a2acb20","Type":"Concept"}},{"NoteLiteral":"True","Subject":{"InScheme":{"Id":"urn:eciu:note","Type":"ConceptScheme"},"PrefLabel":{"En":"GenerateMicroCredentials"},"Id":"8ced0dcb-8d8c-ef11-ac20-000d3a2acb20","Type":"Concept"}},{"NoteLiteral":"This course is offered to master students in the engineering or natural science domain. Bachelor students can register upon request. For more information, contact the course coordinator Arturo Susarrey Arce ([a.susarreyarce@utwente.nl](mailto:a.susarreyarce@utwente.nl)). The selection will be made based on your CV and a short motivation. We will also aim for a nice balance of students across all ECIU universities. We will let you know if you got accepted soon after the application deadline.","Subject":{"InScheme":{"Id":"urn:eciu:note","Type":"ConceptScheme"},"PrefLabel":{"En":"AdmissionProcessInformation"},"Id":"8ced0dcb-8d8c-ef11-ac20-000d3a2acb20","Type":"Concept"}},{"NoteLiteral":"False","Subject":{"InScheme":{"Id":"urn:eciu:note","Type":"ConceptScheme"},"PrefLabel":{"En":"SimplifiedAdmissionProcess"},"Id":"8ced0dcb-8d8c-ef11-ac20-000d3a2acb20","Type":"Concept"}},{"NoteLiteral":"2024-11-19","Subject":{"InScheme":{"Id":"urn:eciu:note","Type":"ConceptScheme"},"PrefLabel":{"En":"ApplicationPeriodStartDate"},"Id":"8ced0dcb-8d8c-ef11-ac20-000d3a2acb20","Type":"Concept"}},{"NoteLiteral":"20","Subject":{"InScheme":{"Id":"urn:eciu:note","Type":"ConceptScheme"},"PrefLabel":{"En":"MaximumNumberOfSeats"},"Id":"8ced0dcb-8d8c-ef11-ac20-000d3a2acb20","Type":"Concept"}},{"NoteLiteral":"False","Subject":{"InScheme":{"Id":"urn:eciu:note","Type":"ConceptScheme"},"PrefLabel":{"En":"ECIULMSENabled"},"Id":"8ced0dcb-8d8c-ef11-ac20-000d3a2acb20","Type":"Concept"}},{"NoteLiteral":"","Subject":{"InScheme":{"Id":"urn:eciu:note","Type":"ConceptScheme"},"PrefLabel":{"En":"LMSUrl"},"Id":"8ced0dcb-8d8c-ef11-ac20-000d3a2acb20","Type":"Concept"}},{"NoteLiteral":"","Subject":{"InScheme":{"Id":"urn:eciu:note","Type":"ConceptScheme"},"PrefLabel":{"En":"TeamAccessDate"},"Id":"8ced0dcb-8d8c-ef11-ac20-000d3a2acb20","Type":"Concept"}},{"NoteLiteral":"false","Subject":{"InScheme":{"Id":"urn:eciu:note","Type":"ConceptScheme"},"PrefLabel":{"En":"SelfPaced"},"Id":"8ced0dcb-8d8c-ef11-ac20-000d3a2acb20","Type":"Concept"}},{"NoteLiteral":"16","Subject":{"InScheme":{"Id":"urn:eciu:note","Type":"ConceptScheme"},"PrefLabel":{"En":"Pace"},"Id":"8ced0dcb-8d8c-ef11-ac20-000d3a2acb20","Type":"Concept"}},{"NoteLiteral":"Standard","Subject":{"InScheme":{"Id":"urn:eciu:note","Type":"ConceptScheme"},"PrefLabel":{"En":"Scope"},"Id":"8ced0dcb-8d8c-ef11-ac20-000d3a2acb20","Type":"Concept"}}],"Id":"urn:eciu:learningOpportunity:8ced0dcb-8d8c-ef11-ac20-000d3a2acb20","Type":"LearningOpportunity"}