{"Mode":{"InScheme":{"Id":"http://data.europa.eu/snb/learning-assessment/25831c2","Type":"ConceptScheme"},"PrefLabel":{"En":"Presential"},"Id":"http://data.europa.eu/snb/learning-assessment/9191af2ed9","Type":"Concept"},"DcType":null,"Title":{"En":"Summer School \u2018\u2019Teaching TUL \u2013 Immersive Summer School\u2019\u2019"},"AdmissionsProcedure":null,"ApplicationDeadline":"2024-08-25","Description":{"En":"This micro-module is based on the idea of developing solutions for the European Diploma\u00A0 and Flexible Learning Pathways in an international environment during the summer school hosted in Poland. Paricipants, ECIU teachers,\u00A0 will carry out in-depth teamwork in one of those topics. They will learn how to identify the challenge, obtain, and compile reaserch information and communicate the results in English on minimum CEFR B2\u002B level. The participants will be able to gain valuable creative problem-solving skills. This challenge is a chance to make a tangible difference in how we approach lifelong learning within the ECIU capacity. We invite teachers who are ready to create a meaningful change by benefiting not only themselves through skill acquisition, but also by making a valuable impact on the ECIU community."},"LearningAchievementSpecification":{"EQFLevel":{"InScheme":{"Id":"http://data.europa.eu/snb/eqf/25831c2","Type":"ConceptScheme"},"PrefLabel":{"En":"Level 7"},"Id":"http://data.europa.eu/snb/eqf/7","Type":"Concept"},"CreditPoint":null,"LearningOutcome":[{"Title":{"En":"CBL life cycle"},"RelatedESCOSkill":[],"AdditionalNote":{"NoteLiteral":{"En":"Participants will be able to analyze complex problems and propose solutions using the CBL life cycle"},"Id":"urn:eciu:note:bef97a2c-4b38-ef11-8409-000d3a2fc4f3","Type":"Note"},"Id":"urn:epass:learningOutcome:83071453-eebc-4ef8-8913-bad5189f063a-1","Type":"LearningOutcome"},{"Title":{"En":"Multidisciplinary skills and knowledge"},"RelatedESCOSkill":[],"AdditionalNote":{"NoteLiteral":{"En":"Participants will be able to demonstrate creativity in combining skills and knowledge from different fields"},"Id":"urn:eciu:note:0875cd56-4b38-ef11-8409-000d3a2fc4f3","Type":"Note"},"Id":"urn:epass:learningOutcome:83071453-eebc-4ef8-8913-bad5189f063a-2","Type":"LearningOutcome"},{"Title":{"En":"Language level"},"RelatedESCOSkill":[],"AdditionalNote":{"NoteLiteral":{"En":"Participants will be able to effectively communicate project results to various audiences using at least CEFR B2 level English\n"},"Id":"urn:eciu:note:545d367b-4b38-ef11-8409-000d3a2fc4f3","Type":"Note"},"Id":"urn:epass:learningOutcome:83071453-eebc-4ef8-8913-bad5189f063a-3","Type":"LearningOutcome"},{"Title":{"En":"Knowledge-based argumentation and presentation skills."},"RelatedESCOSkill":[],"AdditionalNote":{"NoteLiteral":{"En":"Participants will be able to formulate knowledge-based arguments, present and evaluate different opinions and positions, and discuss them"},"Id":"urn:eciu:note:778a8dbd-4b38-ef11-8409-000d3a2fc4f3","Type":"Note"},"Id":"urn:epass:learningOutcome:83071453-eebc-4ef8-8913-bad5189f063a-4","Type":"LearningOutcome"}],"LearningSetting":null,"Mode":null,"Title":{"En":"Summer School \u2018\u2019Teaching TUL \u2013 Immersive Summer School\u2019\u2019"},"DcType":null,"HomePage":null,"VolumeOfLearning":"PT40H","Id":"urn:eciu:qualification:83071453-eebc-4ef8-8913-bad5189f063a","Type":"Qualification"},"IsPartOf":{"Mode":null,"DcType":null,"Title":{"En":"Summer School \u2018\u2019Teaching TUL \u2013 Immersive Summer School\u2019\u2019"},"AdmissionsProcedure":null,"ApplicationDeadline":null,"Description":null,"LearningAchievementSpecification":null,"IsPartOf":null,"Temporal":null,"ProvidedBy":null,"LearningActivitySpecification":null,"BannerImage":null,"MoreInformation":null,"Id":"urn:eciu:learningOpportunity:4815c320-3a38-ef11-8409-6045bd963c0f","Type":"LearningOpportunity"},"Temporal":{"EndDate":"2024-09-23T00:00:00Z","Name":{"En":"Temporal"},"StartDate":"2024-09-27T00:00:00Z"},"ProvidedBy":{"Location":null,"Logo":null,"LegalName":{"En":"POLITECHNIKA LODZKA (TUL)"},"Registration":null,"Homepage":null,"Id":"urn:eciu:org:71f04a2a-6a54-ed11-bba2-6045bd886566","Type":"Organisation"},"LearningActivitySpecification":{"Mode":null,"DcType":null,"Title":{"En":""},"Description":null,"MoreInformation":[{"NoteLiteral":"This is a face-to-face summer school. The estimated overall learning time is 40 hours.","Subject":{"InScheme":{"Id":"urn:eciu:note","Type":"ConceptScheme"},"PrefLabel":{"En":"ParticipantInformation"},"Id":"83071453-eebc-4ef8-8913-bad5189f063a","Type":"Concept"}}],"HasPart":null,"Id":"urn:eciu:learningActivitySpec:83071453-eebc-4ef8-8913-bad5189f063a","Type":"LearningActivitySpecification"},"BannerImage":null,"MoreInformation":[{"NoteLiteral":"","Subject":{"InScheme":{"Id":"urn:eciu:note","Type":"ConceptScheme"},"PrefLabel":{"En":"SourceIdentifier"},"Id":"83071453-eebc-4ef8-8913-bad5189f063a","Type":"Concept"}},{"NoteLiteral":"Find solutions for the European Diploma and Flexible Learning Pathways development.","Subject":{"InScheme":{"Id":"urn:eciu:note","Type":"ConceptScheme"},"PrefLabel":{"En":"SubTitle"},"Id":"83071453-eebc-4ef8-8913-bad5189f063a","Type":"Concept"}},{"NoteLiteral":"Does the idea of universities across Europe offering standardized modules that can be transferred and recognized at different institutions sound appealing? Does the concept of actively engaging learners in designing their own educational paths based on their interests and career goals seem intriguing? We invite you to take on the challenge and participate in the Summer School on the European Diploma and Flexible Learning Paths.\n\u2022\tImagine a European Diploma that influences learners\u0027 interdisciplinary educational experience, is aligned with the labor market, and is awarded with full respect for institutional autonomy and academic freedom. Imagine a university wanting to develop a new program with a foreign partner in a specific field. \nThe goal is to create solutions that could significantly contribute to the implementation of the European Diploma in response to social needs, adapted to the changing market demands, while maintaining high academic standards.\n\u2022\tImagine a student-centered educational model that opens doors to various educational choices and enables learners to create educational paths based on their needs, aspirations, preferences, background, (prior) knowledge, and abilities. Imagine a flexible learning path that helps learners progress to higher education levels and the job market, acquire new practical skills, and achieve better outcomes. \nThe goal is to develop solutions that could significantly contribute to the implementation of the ECIU Flexible Learning Paths model.","Subject":{"InScheme":{"Id":"urn:eciu:note","Type":"ConceptScheme"},"PrefLabel":{"En":"Introduction"},"Id":"83071453-eebc-4ef8-8913-bad5189f063a","Type":"Concept"}},{"NoteLiteral":"True","Subject":{"InScheme":{"Id":"urn:eciu:note","Type":"ConceptScheme"},"PrefLabel":{"En":"GenerateMicroCredentials"},"Id":"83071453-eebc-4ef8-8913-bad5189f063a","Type":"Concept"}},{"NoteLiteral":"This micro-module is open to all ECIU academic teachers. \u00A0You are kindly asked to register by 30.07.2024. Please note that participant selection is based on \u2018\u2019the first come, first served\u2019\u2019 basis and on the completion of the microsoft form that will be received by you from the TUL international officer.","Subject":{"InScheme":{"Id":"urn:eciu:note","Type":"ConceptScheme"},"PrefLabel":{"En":"AdmissionProcessInformation"},"Id":"83071453-eebc-4ef8-8913-bad5189f063a","Type":"Concept"}},{"NoteLiteral":"False","Subject":{"InScheme":{"Id":"urn:eciu:note","Type":"ConceptScheme"},"PrefLabel":{"En":"SimplifiedAdmissionProcess"},"Id":"83071453-eebc-4ef8-8913-bad5189f063a","Type":"Concept"}},{"NoteLiteral":"2024-07-02","Subject":{"InScheme":{"Id":"urn:eciu:note","Type":"ConceptScheme"},"PrefLabel":{"En":"ApplicationPeriodStartDate"},"Id":"83071453-eebc-4ef8-8913-bad5189f063a","Type":"Concept"}},{"NoteLiteral":"13","Subject":{"InScheme":{"Id":"urn:eciu:note","Type":"ConceptScheme"},"PrefLabel":{"En":"MaximumNumberOfSeats"},"Id":"83071453-eebc-4ef8-8913-bad5189f063a","Type":"Concept"}},{"NoteLiteral":"False","Subject":{"InScheme":{"Id":"urn:eciu:note","Type":"ConceptScheme"},"PrefLabel":{"En":"ECIULMSENabled"},"Id":"83071453-eebc-4ef8-8913-bad5189f063a","Type":"Concept"}},{"NoteLiteral":"","Subject":{"InScheme":{"Id":"urn:eciu:note","Type":"ConceptScheme"},"PrefLabel":{"En":"LMSUrl"},"Id":"83071453-eebc-4ef8-8913-bad5189f063a","Type":"Concept"}},{"NoteLiteral":"","Subject":{"InScheme":{"Id":"urn:eciu:note","Type":"ConceptScheme"},"PrefLabel":{"En":"TeamAccessDate"},"Id":"83071453-eebc-4ef8-8913-bad5189f063a","Type":"Concept"}},{"NoteLiteral":"false","Subject":{"InScheme":{"Id":"urn:eciu:note","Type":"ConceptScheme"},"PrefLabel":{"En":"SelfPaced"},"Id":"83071453-eebc-4ef8-8913-bad5189f063a","Type":"Concept"}},{"NoteLiteral":"90","Subject":{"InScheme":{"Id":"urn:eciu:note","Type":"ConceptScheme"},"PrefLabel":{"En":"Pace"},"Id":"83071453-eebc-4ef8-8913-bad5189f063a","Type":"Concept"}},{"NoteLiteral":"Standard","Subject":{"InScheme":{"Id":"urn:eciu:note","Type":"ConceptScheme"},"PrefLabel":{"En":"Scope"},"Id":"83071453-eebc-4ef8-8913-bad5189f063a","Type":"Concept"}}],"Id":"urn:eciu:learningOpportunity:83071453-eebc-4ef8-8913-bad5189f063a","Type":"LearningOpportunity"}