{"Mode":{"InScheme":{"Id":"http://data.europa.eu/snb/learning-assessment/25831c2","Type":"ConceptScheme"},"PrefLabel":{"En":"Online"},"Id":"http://data.europa.eu/snb/learning-assessment/920fbb3cbe","Type":"Concept"},"DcType":null,"Title":{"En":"Cultural Diversity"},"AdmissionsProcedure":{"NoteLiteral":{"En":"Transcript of Records must show that you have completed 60 ECTS in social sciences or humanities."},"Id":"urn:eciu:note:36932b15-8c8d-4752-82b7-9401734dd3e1","Type":"Note"},"ApplicationDeadline":"2024-06-07","Description":{"En":"**Cultural Diversity**\n\nAn increasing international migration, with a growing welfare gap, contributes to new challenges and demands for citizens and social and welfare workers more specifically. A transnational framework captures the cultural diversity in a globalized world. This course emphasizes cultural diversity within welfare systems and intercultural practices, by\u00A0addressing families separated by distance and national borders, which forces them to negotiate and maintain family relations with multiple societies across borders. The course\u00A0provides insight into transnationalism, migration and return migration."},"LearningAchievementSpecification":{"EQFLevel":{"InScheme":{"Id":"http://data.europa.eu/snb/eqf/25831c2","Type":"ConceptScheme"},"PrefLabel":{"En":"Level 7"},"Id":"http://data.europa.eu/snb/eqf/7","Type":"Concept"},"CreditPoint":{"Framework":{"InScheme":{"Id":"http://data.europa.eu/snb/education-credit/25831c2","Type":"ConceptScheme"},"PrefLabel":{"En":"European Credit Transfer System"},"Id":"http://data.europa.eu/snb/education-credit/6fcec5c5af","Type":"Concept"},"Point":"3,0","Id":"urn:epass:creditPoint:36932b15-8c8d-4752-82b7-9401734dd3e1","Type":"CreditPoint"},"LearningOutcome":[{"Title":{"En":"Knowledge"},"RelatedESCOSkill":[{"Notation":"Skill","InScheme":{"Id":"http://data.europa.eu/esco/concept-scheme/skills","Type":"ConceptScheme"},"PrefLabel":{"En":"think analytically"},"Id":"http://data.europa.eu/esco/skill/4707da90-9cfc-46ca-8de0-38a0b7bfb137","Type":"Concept"},{"Notation":"Skill","InScheme":{"Id":"http://data.europa.eu/esco/concept-scheme/skills","Type":"ConceptScheme"},"PrefLabel":{"En":"adapt to changing situations"},"Id":"http://data.europa.eu/esco/skill/5592ab32-4e7a-4cda-8e64-ca36d5de8a10","Type":"Concept"}],"AdditionalNote":{"NoteLiteral":{"En":"After completing the course, the students shall\n\u2022 Have advanced knowledge on intercultural practices in diverse contexts\n\u2022 Have an increased understanding of cultural diversity and transnationalism"},"Id":"urn:eciu:note:c65fe1d3-d6cf-ee11-9079-6045bd8865c3","Type":"Note"},"Id":"urn:epass:learningOutcome:36932b15-8c8d-4752-82b7-9401734dd3e1-1","Type":"LearningOutcome"},{"Title":{"En":"Skills"},"RelatedESCOSkill":[{"Notation":"Skill","InScheme":{"Id":"http://data.europa.eu/esco/concept-scheme/skills","Type":"ConceptScheme"},"PrefLabel":{"En":"respect cultural preferences"},"Id":"http://data.europa.eu/esco/skill/a1a8e4ae-f1e3-44aa-9067-e587e69634cd","Type":"Concept"}],"AdditionalNote":{"NoteLiteral":{"En":"After completing the course, the students shall be able to\n\u2022 Identify complexities within cultural diversity\n\u2022 Develop communication skills through the international classroom experience"},"Id":"urn:eciu:note:ae3bc9b7-d7cf-ee11-9079-6045bd8865c3","Type":"Note"},"Id":"urn:epass:learningOutcome:36932b15-8c8d-4752-82b7-9401734dd3e1-2","Type":"LearningOutcome"},{"Title":{"En":"Competence 1"},"RelatedESCOSkill":[{"Notation":"Skill","InScheme":{"Id":"http://data.europa.eu/esco/concept-scheme/skills","Type":"ConceptScheme"},"PrefLabel":{"En":"conflict management"},"Id":"http://data.europa.eu/esco/skill/afd49651-9119-4327-91fc-844a6dda1254","Type":"Concept"}],"AdditionalNote":{"NoteLiteral":{"En":"After completing the course, the students shall be able to\n\u2022 Participate in a dialogue to improve awareness of and respect for cultural diversity\n"},"Id":"urn:eciu:note:059b7d73-dacf-ee11-9079-6045bd8865c3","Type":"Note"},"Id":"urn:epass:learningOutcome:36932b15-8c8d-4752-82b7-9401734dd3e1-3","Type":"LearningOutcome"},{"Title":{"En":"Competence 2"},"RelatedESCOSkill":[{"Notation":"Skill","InScheme":{"Id":"http://data.europa.eu/esco/concept-scheme/skills","Type":"ConceptScheme"},"PrefLabel":{"En":"exercise self-reflection"},"Id":"http://data.europa.eu/esco/skill/409a0245-0e6c-4aac-ba16-0920ecb76a8d","Type":"Concept"},{"Notation":"Skill","InScheme":{"Id":"http://data.europa.eu/esco/concept-scheme/skills","Type":"ConceptScheme"},"PrefLabel":{"En":"demonstrate intercultural competence"},"Id":"http://data.europa.eu/esco/skill/c10d5d87-36cf-42f5-8a12-e560fb5f4af8","Type":"Concept"}],"AdditionalNote":{"NoteLiteral":{"En":"Development of reflective processes on how personal beliefs, values and knowledge influences welfare practices"},"Id":"urn:eciu:note:60b4c0fb-dccf-ee11-9079-6045bd8865c3","Type":"Note"},"Id":"urn:epass:learningOutcome:36932b15-8c8d-4752-82b7-9401734dd3e1-4","Type":"LearningOutcome"}],"LearningSetting":null,"Mode":null,"Title":{"En":"Cultural Diversity"},"DcType":null,"HomePage":null,"VolumeOfLearning":null,"Id":"urn:eciu:qualification:36932b15-8c8d-4752-82b7-9401734dd3e1","Type":"Qualification"},"IsPartOf":{"Mode":null,"DcType":null,"Title":{"En":"Cultural Diversity"},"AdmissionsProcedure":null,"ApplicationDeadline":null,"Description":null,"LearningAchievementSpecification":null,"IsPartOf":null,"Temporal":null,"ProvidedBy":null,"LearningActivitySpecification":null,"BannerImage":null,"MoreInformation":[{"NoteLiteral":"USV103","Subject":{"InScheme":{"Id":"urn:eciu:note","Type":"ConceptScheme"},"PrefLabel":{"En":"EducationIdentifier"},"Id":"b9b7a316-91c1-ed11-83ff-6045bd886566","Type":"Concept"}}],"Id":"urn:eciu:learningOpportunity:b9b7a316-91c1-ed11-83ff-6045bd886566","Type":"LearningOpportunity"},"Temporal":{"EndDate":"2024-08-22T00:00:00Z","Name":{"En":"Temporal"},"StartDate":"2024-09-17T00:00:00Z"},"ProvidedBy":{"Location":null,"Logo":null,"LegalName":{"En":"UNIVERSITETET I STAVANGER (UiS)"},"Registration":null,"Homepage":null,"Id":"urn:eciu:org:8586884b-6a54-ed11-bba2-6045bd886566","Type":"Organisation"},"LearningActivitySpecification":{"Mode":null,"DcType":null,"Title":{"En":""},"Description":{"En":"Handulle, A. (2022). Little Norway in Somalia\u2013Understanding Complex Belongings of Transnational Somali Families.\u00A0Nordic Journal of Migration Research,\u00A012(1).  \n\nFaist T., Fauser M., Reisenauer E. (2013) Transnational migration. Cambridge: Polity. Chapter 2: Transnationality and Social Practices (pp 27-46)."},"MoreInformation":[{"NoteLiteral":"**Overview of lectures (online):**\n\nTuesday 20th August 12.15-14.00 (mandatory)  \nTuesday 27th august 12.15-14.00  \nTuesday 3rd September 12.15-14.00  \nTuesday 17th September 12.15-14.00\n\nThese lectures will be given online, but if you are present at UiS campus it will be possible to attend physically. Please note that the first lecture is mandatory. Students are advised to attend all lectures.\u00A0\n\n**Suggested readings:**\n\nHandulle, A. (2022).\u00A0Little Norway in Somalia\u2013Understanding Complex Belongings of Transnational Somali Families.\u00A0Nordic Journal of Migration Research,\u00A012(1).\n\nFaist T., Fauser M., Reisenauer E. (2013) Transnational migration. Cambridge: Polity. Chapter 2: Transnationality and Social Practices\u00A0(pp 27-46\n\n**Examination arrangement:**\n\nStudents will be assessed by the submission of a home exam over four days on 1500 words (\u002B/- 10 %) including table of contents, notes, references and bibliography. Reference style: APA 7th.\n\nThe exam will be graded with pass/fail.","Subject":{"InScheme":{"Id":"urn:eciu:note","Type":"ConceptScheme"},"PrefLabel":{"En":"ParticipantInformation"},"Id":"36932b15-8c8d-4752-82b7-9401734dd3e1","Type":"Concept"}}],"HasPart":[{"Mode":{"InScheme":{"Id":"http://data.europa.eu/snb/learning-assessment/25831c2","Type":"ConceptScheme"},"PrefLabel":{"En":"Online"},"Id":"http://data.europa.eu/snb/learning-assessment/920fbb3cbe","Type":"Concept"},"DcType":null,"Title":{"En":"Lecture"},"Description":null,"MoreInformation":null,"HasPart":null,"Id":"urn:eciu:learningActivitySpec:3b5a3ab3-d6cf-ee11-9079-6045bd8865c3","Type":"LearningActivitySpecification"}],"Id":"urn:eciu:learningActivitySpec:36932b15-8c8d-4752-82b7-9401734dd3e1","Type":"LearningActivitySpecification"},"BannerImage":null,"MoreInformation":[{"NoteLiteral":"","Subject":{"InScheme":{"Id":"urn:eciu:note","Type":"ConceptScheme"},"PrefLabel":{"En":"SourceIdentifier"},"Id":"36932b15-8c8d-4752-82b7-9401734dd3e1","Type":"Concept"}},{"NoteLiteral":"The course seeks to facilitate participants to reflect upon intercultural practices in diverse contexts","Subject":{"InScheme":{"Id":"urn:eciu:note","Type":"ConceptScheme"},"PrefLabel":{"En":"SubTitle"},"Id":"36932b15-8c8d-4752-82b7-9401734dd3e1","Type":"Concept"}},{"NoteLiteral":"An increasing international migration, with a growing welfare gap, contributes to new challenges and demands for citizens and social and welfare workers more specifically. A transnational framework captures the cultural diversity in a globalized world. This course emphasizes cultural diversity within welfare systems and intercultural practices, by addressing families separated by distance and national borders, which forces them to negotiate and maintain family relations with multiple societies across borders. The course provides insight into transnationalism, migration and return migration.","Subject":{"InScheme":{"Id":"urn:eciu:note","Type":"ConceptScheme"},"PrefLabel":{"En":"Introduction"},"Id":"36932b15-8c8d-4752-82b7-9401734dd3e1","Type":"Concept"}},{"NoteLiteral":"True","Subject":{"InScheme":{"Id":"urn:eciu:note","Type":"ConceptScheme"},"PrefLabel":{"En":"GenerateMicroCredentials"},"Id":"36932b15-8c8d-4752-82b7-9401734dd3e1","Type":"Concept"}},{"NoteLiteral":"Please note that there is Summer holidays at the University of Stavanger from 15th June to the end of July and that requests will not be answered in that period.","Subject":{"InScheme":{"Id":"urn:eciu:note","Type":"ConceptScheme"},"PrefLabel":{"En":"AdmissionProcessInformation"},"Id":"36932b15-8c8d-4752-82b7-9401734dd3e1","Type":"Concept"}},{"NoteLiteral":"False","Subject":{"InScheme":{"Id":"urn:eciu:note","Type":"ConceptScheme"},"PrefLabel":{"En":"SimplifiedAdmissionProcess"},"Id":"36932b15-8c8d-4752-82b7-9401734dd3e1","Type":"Concept"}},{"NoteLiteral":"2024-02-26","Subject":{"InScheme":{"Id":"urn:eciu:note","Type":"ConceptScheme"},"PrefLabel":{"En":"ApplicationPeriodStartDate"},"Id":"36932b15-8c8d-4752-82b7-9401734dd3e1","Type":"Concept"}},{"NoteLiteral":"20","Subject":{"InScheme":{"Id":"urn:eciu:note","Type":"ConceptScheme"},"PrefLabel":{"En":"MaximumNumberOfSeats"},"Id":"36932b15-8c8d-4752-82b7-9401734dd3e1","Type":"Concept"}},{"NoteLiteral":"False","Subject":{"InScheme":{"Id":"urn:eciu:note","Type":"ConceptScheme"},"PrefLabel":{"En":"ECIULMSENabled"},"Id":"36932b15-8c8d-4752-82b7-9401734dd3e1","Type":"Concept"}},{"NoteLiteral":"","Subject":{"InScheme":{"Id":"urn:eciu:note","Type":"ConceptScheme"},"PrefLabel":{"En":"LMSUrl"},"Id":"36932b15-8c8d-4752-82b7-9401734dd3e1","Type":"Concept"}},{"NoteLiteral":"","Subject":{"InScheme":{"Id":"urn:eciu:note","Type":"ConceptScheme"},"PrefLabel":{"En":"TeamAccessDate"},"Id":"36932b15-8c8d-4752-82b7-9401734dd3e1","Type":"Concept"}},{"NoteLiteral":"false","Subject":{"InScheme":{"Id":"urn:eciu:note","Type":"ConceptScheme"},"PrefLabel":{"En":"SelfPaced"},"Id":"36932b15-8c8d-4752-82b7-9401734dd3e1","Type":"Concept"}},{"NoteLiteral":"0","Subject":{"InScheme":{"Id":"urn:eciu:note","Type":"ConceptScheme"},"PrefLabel":{"En":"Pace"},"Id":"36932b15-8c8d-4752-82b7-9401734dd3e1","Type":"Concept"}},{"NoteLiteral":"Standard","Subject":{"InScheme":{"Id":"urn:eciu:note","Type":"ConceptScheme"},"PrefLabel":{"En":"Scope"},"Id":"36932b15-8c8d-4752-82b7-9401734dd3e1","Type":"Concept"}}],"Id":"urn:eciu:learningOpportunity:36932b15-8c8d-4752-82b7-9401734dd3e1","Type":"LearningOpportunity"}