{"Mode":{"InScheme":{"Id":"http://data.europa.eu/snb/learning-assessment/25831c2","Type":"ConceptScheme"},"PrefLabel":{"En":"Online"},"Id":"http://data.europa.eu/snb/learning-assessment/920fbb3cbe","Type":"Concept"},"DcType":null,"Title":{"En":"Easy Language"},"AdmissionsProcedure":null,"ApplicationDeadline":"2025-05-31","Description":{"En":"This thematic module covers the basic principles and methods of writing easy language or translating standard texts into texts in easy language. It provides examples of different types of easy texts, such as informative texts, news, and literature."},"LearningAchievementSpecification":{"EQFLevel":{"InScheme":{"Id":"http://data.europa.eu/snb/eqf/25831c2","Type":"ConceptScheme"},"PrefLabel":{"En":"Level 7"},"Id":"http://data.europa.eu/snb/eqf/7","Type":"Concept"},"CreditPoint":{"Framework":{"InScheme":{"Id":"http://data.europa.eu/snb/education-credit/25831c2","Type":"ConceptScheme"},"PrefLabel":{"En":"European Credit Transfer System"},"Id":"http://data.europa.eu/snb/education-credit/6fcec5c5af","Type":"Concept"},"Point":"1,0","Id":"urn:epass:creditPoint:c0d9b651-99d1-ef11-a72e-0022488b6cff","Type":"CreditPoint"},"LearningOutcome":[{"Title":{"En":"Basic principles of writing easy language"},"RelatedESCOSkill":[{"Notation":"Skill","InScheme":{"Id":"http://data.europa.eu/esco/concept-scheme/skills","Type":"ConceptScheme"},"PrefLabel":{"En":"writing and composing"},"Id":"http://data.europa.eu/esco/skill/S1.13.0","Type":"Concept"}],"AdditionalNote":{"NoteLiteral":{"En":"The student will know the basic principles of writing easy language."},"Id":"urn:eciu:note:3efe2f50-99d1-ef11-a72e-000d3a27c579","Type":"Note"},"Id":"urn:epass:learningOutcome:c0d9b651-99d1-ef11-a72e-0022488b6cff-1","Type":"LearningOutcome"},{"Title":{"En":"Translating texts into easy language."},"RelatedESCOSkill":[{"Notation":"Skill","InScheme":{"Id":"http://data.europa.eu/esco/concept-scheme/skills","Type":"ConceptScheme"},"PrefLabel":{"En":"Employ translation techniques"},"Id":"http://data.europa.eu/esco/skill/6073bb5f-3d4f-4ca3-864c-8bc2b54dcb50","Type":"Concept"}],"AdditionalNote":{"NoteLiteral":{"En":"The student will know the basic methods of translating standard texts into texts in easy language. "},"Id":"urn:eciu:note:369b0852-99d1-ef11-a72e-6045bdf3b44b","Type":"Note"},"Id":"urn:epass:learningOutcome:c0d9b651-99d1-ef11-a72e-0022488b6cff-2","Type":"LearningOutcome"}],"LearningSetting":null,"Mode":null,"Title":{"En":"Easy Language"},"DcType":null,"HomePage":null,"VolumeOfLearning":null,"Id":"urn:eciu:qualification:c0d9b651-99d1-ef11-a72e-0022488b6cff","Type":"Qualification"},"IsPartOf":{"Mode":null,"DcType":null,"Title":{"En":"Easy Language"},"AdmissionsProcedure":null,"ApplicationDeadline":null,"Description":null,"LearningAchievementSpecification":null,"IsPartOf":null,"Temporal":null,"ProvidedBy":null,"LearningActivitySpecification":null,"BannerImage":null,"MoreInformation":[{"NoteLiteral":"ACC.090","Subject":{"InScheme":{"Id":"urn:eciu:note","Type":"ConceptScheme"},"PrefLabel":{"En":"EducationIdentifier"},"Id":"9d1b3a57-3dd5-ed11-a7c7-6045bd886fac","Type":"Concept"}}],"Id":"urn:eciu:learningOpportunity:9d1b3a57-3dd5-ed11-a7c7-6045bd886fac","Type":"LearningOpportunity"},"Temporal":{"EndDate":"2025-01-21T00:00:00Z","Name":{"En":"Temporal"},"StartDate":"2025-07-31T00:00:00Z"},"ProvidedBy":{"Location":null,"Logo":null,"LegalName":{"En":"TAMPEREEN KORKEAKOULUSAATIO SR (TAU)"},"Registration":null,"Homepage":null,"Id":"urn:eciu:org:8f142831-6a54-ed11-bba2-6045bd886566","Type":"Organisation"},"LearningActivitySpecification":{"Mode":null,"DcType":null,"Title":{"En":""},"Description":null,"MoreInformation":[{"NoteLiteral":"This is a nonstoop MOOC (Massive Open Online course). This means the course is fully online and you can take it at your own pace according to your own schedule.  \n  \nThis MOOC is offered by Tampere University on the DigiCampus platform. Once you have your TUNI credentials, log in to DigiCampus by using the choice \u0022Login with HAKA Account\u0022, select \u0022Tampere Universities\u0022and use your tuni.fi account. In DigiCampus, head over the the course \u0022Methods and technologies for accessibility and their evaluation\u0022.\u00A0The enrolment key is \u002220methods21\u0022. From this module, select the course you applied for.  \n  \nLink to DigiCampus: digicampus.fi/?lang=en  \nDirect link to the course: digicampus.fi/course/view.php?id=1193","Subject":{"InScheme":{"Id":"urn:eciu:note","Type":"ConceptScheme"},"PrefLabel":{"En":"ParticipantInformation"},"Id":"c0d9b651-99d1-ef11-a72e-0022488b6cff","Type":"Concept"}}],"HasPart":null,"Id":"urn:eciu:learningActivitySpec:c0d9b651-99d1-ef11-a72e-0022488b6cff","Type":"LearningActivitySpecification"},"BannerImage":null,"MoreInformation":[{"NoteLiteral":"","Subject":{"InScheme":{"Id":"urn:eciu:note","Type":"ConceptScheme"},"PrefLabel":{"En":"SourceIdentifier"},"Id":"c0d9b651-99d1-ef11-a72e-0022488b6cff","Type":"Concept"}},{"NoteLiteral":"Nonstop MOOC on methods and technologies for accessibility","Subject":{"InScheme":{"Id":"urn:eciu:note","Type":"ConceptScheme"},"PrefLabel":{"En":"SubTitle"},"Id":"c0d9b651-99d1-ef11-a72e-0022488b6cff","Type":"Concept"}},{"NoteLiteral":"This course is part of the larger module \u0022Methods and technologies for accessibility and their evaluation\u0022 which consists of over 25 modules (1 ECT each). If you want to become an expert at creating digitally accessible services, make sure to check them out.","Subject":{"InScheme":{"Id":"urn:eciu:note","Type":"ConceptScheme"},"PrefLabel":{"En":"Introduction"},"Id":"c0d9b651-99d1-ef11-a72e-0022488b6cff","Type":"Concept"}},{"NoteLiteral":"True","Subject":{"InScheme":{"Id":"urn:eciu:note","Type":"ConceptScheme"},"PrefLabel":{"En":"GenerateMicroCredentials"},"Id":"c0d9b651-99d1-ef11-a72e-0022488b6cff","Type":"Concept"}},{"NoteLiteral":"This Micromodule is open to all ECIU students and there is no specific admissions process, rather all interested students will have the change to take the course.\u00A0However, the course is mainly targeted to master\u0027s level students. Notice that the course is self-paced and you need to reserve time in your timetable for finishing it.","Subject":{"InScheme":{"Id":"urn:eciu:note","Type":"ConceptScheme"},"PrefLabel":{"En":"AdmissionProcessInformation"},"Id":"c0d9b651-99d1-ef11-a72e-0022488b6cff","Type":"Concept"}},{"NoteLiteral":"True","Subject":{"InScheme":{"Id":"urn:eciu:note","Type":"ConceptScheme"},"PrefLabel":{"En":"SimplifiedAdmissionProcess"},"Id":"c0d9b651-99d1-ef11-a72e-0022488b6cff","Type":"Concept"}},{"NoteLiteral":"2025-01-21","Subject":{"InScheme":{"Id":"urn:eciu:note","Type":"ConceptScheme"},"PrefLabel":{"En":"ApplicationPeriodStartDate"},"Id":"c0d9b651-99d1-ef11-a72e-0022488b6cff","Type":"Concept"}},{"NoteLiteral":"100","Subject":{"InScheme":{"Id":"urn:eciu:note","Type":"ConceptScheme"},"PrefLabel":{"En":"MaximumNumberOfSeats"},"Id":"c0d9b651-99d1-ef11-a72e-0022488b6cff","Type":"Concept"}},{"NoteLiteral":"False","Subject":{"InScheme":{"Id":"urn:eciu:note","Type":"ConceptScheme"},"PrefLabel":{"En":"ECIULMSENabled"},"Id":"c0d9b651-99d1-ef11-a72e-0022488b6cff","Type":"Concept"}},{"NoteLiteral":"","Subject":{"InScheme":{"Id":"urn:eciu:note","Type":"ConceptScheme"},"PrefLabel":{"En":"LMSUrl"},"Id":"c0d9b651-99d1-ef11-a72e-0022488b6cff","Type":"Concept"}},{"NoteLiteral":"","Subject":{"InScheme":{"Id":"urn:eciu:note","Type":"ConceptScheme"},"PrefLabel":{"En":"TeamAccessDate"},"Id":"c0d9b651-99d1-ef11-a72e-0022488b6cff","Type":"Concept"}},{"NoteLiteral":"false","Subject":{"InScheme":{"Id":"urn:eciu:note","Type":"ConceptScheme"},"PrefLabel":{"En":"SelfPaced"},"Id":"c0d9b651-99d1-ef11-a72e-0022488b6cff","Type":"Concept"}},{"NoteLiteral":"10","Subject":{"InScheme":{"Id":"urn:eciu:note","Type":"ConceptScheme"},"PrefLabel":{"En":"Pace"},"Id":"c0d9b651-99d1-ef11-a72e-0022488b6cff","Type":"Concept"}},{"NoteLiteral":"Standard","Subject":{"InScheme":{"Id":"urn:eciu:note","Type":"ConceptScheme"},"PrefLabel":{"En":"Scope"},"Id":"c0d9b651-99d1-ef11-a72e-0022488b6cff","Type":"Concept"}}],"Id":"urn:eciu:learningOpportunity:c0d9b651-99d1-ef11-a72e-0022488b6cff","Type":"LearningOpportunity"}