{"Mode":{"InScheme":{"Id":"http://data.europa.eu/snb/learning-assessment/25831c2","Type":"ConceptScheme"},"PrefLabel":{"En":"Blended"},"Id":"http://data.europa.eu/snb/learning-assessment/e92d221e4d","Type":"Concept"},"DcType":null,"Title":{"En":"Back to the Future"},"AdmissionsProcedure":null,"ApplicationDeadline":"2025-01-28","Description":{"En":"Students will support the company in the implementation of more efficient engineering techniques in the extraction of algal biomass, coming from the valorization of waste products from biogas plants as a source of CO2 and fertilizers.\n\nBut also will become familiar with all the regulations required by the EFSA in charge of food safety for novel foods, also supporting the company in entering the nutraceutical and feed market.\n\nStudents will learn how to solve those challenges using futures learning methodologies, going through two divergent phases: in the first the learners will decide which field of application (commercial sector, or industrial segment) they wish to explore; in the second, students will use scenarios to explore how their chosen field of application could evolve in a medium-term future.\n\nIn practice, once students have decided on a scenario, they will close the challenge by making a meaningful recommendation to whoever organized the challenge.\n\nLearners will have the opportunity to critically evaluate the potential of a technology and to use thinking tools to experiment with a less classic way of doing entrepreneurship in the field of Innovation and Technology, orienting it towards responsible innovation and sustainability.\n\nThe challenge calendar may undergo slight changes."},"LearningAchievementSpecification":{"EQFLevel":{"InScheme":{"Id":"http://data.europa.eu/snb/eqf/25831c2","Type":"ConceptScheme"},"PrefLabel":{"En":"Level 7"},"Id":"http://data.europa.eu/snb/eqf/7","Type":"Concept"},"CreditPoint":{"Framework":{"InScheme":{"Id":"http://data.europa.eu/snb/education-credit/25831c2","Type":"ConceptScheme"},"PrefLabel":{"En":"European Credit Transfer System"},"Id":"http://data.europa.eu/snb/education-credit/6fcec5c5af","Type":"Concept"},"Point":"3,0","Id":"urn:epass:creditPoint:1bd87c56-32b2-ef11-b8e8-002248892776","Type":"CreditPoint"},"LearningOutcome":[{"Title":{"En":"Business Development"},"RelatedESCOSkill":[{"Notation":"Skill","InScheme":{"Id":"http://data.europa.eu/esco/concept-scheme/skills","Type":"ConceptScheme"},"PrefLabel":{"En":"business knowledge"},"Id":"http://data.europa.eu/esco/skill/fcb2b5f4-3a64-42f2-987a-073bea986104","Type":"Concept"},{"Notation":"Skill","InScheme":{"Id":"http://data.europa.eu/esco/concept-scheme/skills","Type":"ConceptScheme"},"PrefLabel":{"En":"information skills"},"Id":"http://data.europa.eu/esco/skill/cd9c487e-09ad-4b82-854b-118feb01f2ed","Type":"Concept"}],"AdditionalNote":null,"Id":"urn:epass:learningOutcome:1bd87c56-32b2-ef11-b8e8-002248892776-1","Type":"LearningOutcome"},{"Title":{"En":"Sustainability"},"RelatedESCOSkill":[{"Notation":"Skill","InScheme":{"Id":"http://data.europa.eu/esco/concept-scheme/skills","Type":"ConceptScheme"},"PrefLabel":{"En":"minimise environmental impact on the surrounding area"},"Id":"http://data.europa.eu/esco/skill/44493977-83c4-49e0-88b2-28435da57cd0","Type":"Concept"}],"AdditionalNote":{"NoteLiteral":{"En":"An integrated approach that takes into consideration environmental concerns along with economic development."},"Id":"urn:eciu:note:83176561-32b2-ef11-b8e8-6045bd89e10e","Type":"Note"},"Id":"urn:epass:learningOutcome:1bd87c56-32b2-ef11-b8e8-002248892776-2","Type":"LearningOutcome"},{"Title":{"En":"Futures Studies"},"RelatedESCOSkill":[{"Notation":"Skill","InScheme":{"Id":"http://data.europa.eu/esco/concept-scheme/skills","Type":"ConceptScheme"},"PrefLabel":{"En":"brainstorm ideas"},"Id":"http://data.europa.eu/esco/skill/614c627b-2ec9-4a0d-811e-de14be4362f2","Type":"Concept"},{"Notation":"Skill","InScheme":{"Id":"http://data.europa.eu/esco/concept-scheme/skills","Type":"ConceptScheme"},"PrefLabel":{"En":"create new concepts"},"Id":"http://data.europa.eu/esco/skill/f08e2bd6-0366-4948-a670-1f03f130126f","Type":"Concept"}],"AdditionalNote":{"NoteLiteral":{"En":"Applying basics of futures studies (such as scenarios and back-casting) to the challenge"},"Id":"urn:eciu:note:dd972bda-33b2-ef11-b8e8-6045bd9640df","Type":"Note"},"Id":"urn:epass:learningOutcome:1bd87c56-32b2-ef11-b8e8-002248892776-3","Type":"LearningOutcome"}],"LearningSetting":null,"Mode":null,"Title":{"En":"Back to the Future"},"DcType":null,"HomePage":null,"VolumeOfLearning":null,"Id":"urn:eciu:qualification:1bd87c56-32b2-ef11-b8e8-002248892776","Type":"Qualification"},"IsPartOf":{"Mode":null,"DcType":null,"Title":{"En":"Back to the Future"},"AdmissionsProcedure":null,"ApplicationDeadline":null,"Description":null,"LearningAchievementSpecification":null,"IsPartOf":null,"Temporal":null,"ProvidedBy":null,"LearningActivitySpecification":null,"BannerImage":null,"MoreInformation":null,"Id":"urn:eciu:learningOpportunity:2e368f6b-bf9d-ee11-be37-6045bd886566","Type":"LearningOpportunity"},"Temporal":{"EndDate":"2025-02-17T00:00:00Z","Name":{"En":"Temporal"},"StartDate":"2025-05-29T00:00:00Z"},"ProvidedBy":{"Location":null,"Logo":null,"LegalName":{"En":"UNIVERSITA DEGLI STUDI DI TRENTO (UNITN)"},"Registration":null,"Homepage":null,"Id":"urn:eciu:org:c7bc8551-6a54-ed11-bba2-6045bd886566","Type":"Organisation"},"LearningActivitySpecification":{"Mode":null,"DcType":null,"Title":{"En":""},"Description":null,"MoreInformation":[{"NoteLiteral":"The Challenge is a mix of online and in-presence activities. The in-presence week in Trento is schduled from March 31 to April 4. Presence in Trento in this week is compulsory. You can find the complete calendar of activities at the following link: [https://www.soi.unitn.it/micromodules/back-to-the-future/](https://www.soi.unitn.it/micromodules/back-to-the-future/)","Subject":{"InScheme":{"Id":"urn:eciu:note","Type":"ConceptScheme"},"PrefLabel":{"En":"ParticipantInformation"},"Id":"1bd87c56-32b2-ef11-b8e8-002248892776","Type":"Concept"}}],"HasPart":null,"Id":"urn:eciu:learningActivitySpec:1bd87c56-32b2-ef11-b8e8-002248892776","Type":"LearningActivitySpecification"},"BannerImage":null,"MoreInformation":[{"NoteLiteral":"","Subject":{"InScheme":{"Id":"urn:eciu:note","Type":"ConceptScheme"},"PrefLabel":{"En":"SourceIdentifier"},"Id":"1bd87c56-32b2-ef11-b8e8-002248892776","Type":"Concept"}},{"NoteLiteral":"Circular Economy of Functional Ingredients: Technological and Market Perspectives in Novel Food and Feed Sectors.","Subject":{"InScheme":{"Id":"urn:eciu:note","Type":"ConceptScheme"},"PrefLabel":{"En":"SubTitle"},"Id":"1bd87c56-32b2-ef11-b8e8-002248892776","Type":"Concept"}},{"NoteLiteral":"ASTEASIER Srl uses innovative biotechnological processes and circular economy approaches to produce sustainable natural products from microalgae. The company has patented unique microalgae strains that lower production costs for bioproducts in the food and feed industries. However, the following challenges remain. How does society perceive natural products based on sustainable processes but involving GMO strains? What communication strategy should the company adopt? From an engineering perspective, how can the extraction process be optimized to minimize the carbon footprint and avoid GMO restrictions? Additionally, what regulatory and social acceptance issues arise when using waste products to replace fossil-oil-based ingredients? Those topics will be appropriately addressed based on the background of attending students.","Subject":{"InScheme":{"Id":"urn:eciu:note","Type":"ConceptScheme"},"PrefLabel":{"En":"Introduction"},"Id":"1bd87c56-32b2-ef11-b8e8-002248892776","Type":"Concept"}},{"NoteLiteral":"True","Subject":{"InScheme":{"Id":"urn:eciu:note","Type":"ConceptScheme"},"PrefLabel":{"En":"GenerateMicroCredentials"},"Id":"1bd87c56-32b2-ef11-b8e8-002248892776","Type":"Concept"}},{"NoteLiteral":"To apply, please upload:\n\n- your CV in English;\n- if available, the English language certification\n- a brief motivational letter (1.000 characters) OR a motivational video (max 40\u2019\u2019, preferably youtube link) where you explain WHY you are interested in THIS learning opportunity.\n- Transcript of records\n\nPlease identify your Applicant status:\n\n1-UniTrento PhD or Student\n\n2-ECIU student\n\n3-Erasmus\u002B or Bilateral agreement student (in Trento for the whole semester)\n\n4- BIP Student (Blended intensive program Student (external to ECIU network) who plans to join Trento only to attend\u00A0 a challenge).\n\n5-Other (extra fees may apply)\n\nStatus 1, 2 and 3 applicants need to submit two applications (similar documents, same deadline on 28 January 2025):\n\n[SOI admission apply 2024/25 - S2](https://webapps.unitn.it/Apply/it/Web/GoHome/serv-studenti/Sel_SoI_2024_2)\n\n[ECIU Admission application](https://engage.eciu.eu/browse?universityIds=c7bc8551-6a54-ed11-bba2-6045bd886566\u0026amp;learningOppStatuses=1)\n\nStatus 4 and 5 applicants only submit their application in the\u00A0[SOI admission apply 2024/25 - S2](https://webapps.unitn.it/Apply/it/Web/GoHome/serv-studenti/Sel_SoI_2024_2)\n\n[Here](https://www.soi.unitn.it/wp-content/uploads/2024/06/Applying_to_SOI_ECIU_activities.docx.pdf)you can find guidelines on the application process.","Subject":{"InScheme":{"Id":"urn:eciu:note","Type":"ConceptScheme"},"PrefLabel":{"En":"AdmissionProcessInformation"},"Id":"1bd87c56-32b2-ef11-b8e8-002248892776","Type":"Concept"}},{"NoteLiteral":"False","Subject":{"InScheme":{"Id":"urn:eciu:note","Type":"ConceptScheme"},"PrefLabel":{"En":"SimplifiedAdmissionProcess"},"Id":"1bd87c56-32b2-ef11-b8e8-002248892776","Type":"Concept"}},{"NoteLiteral":"2024-12-19","Subject":{"InScheme":{"Id":"urn:eciu:note","Type":"ConceptScheme"},"PrefLabel":{"En":"ApplicationPeriodStartDate"},"Id":"1bd87c56-32b2-ef11-b8e8-002248892776","Type":"Concept"}},{"NoteLiteral":"40","Subject":{"InScheme":{"Id":"urn:eciu:note","Type":"ConceptScheme"},"PrefLabel":{"En":"MaximumNumberOfSeats"},"Id":"1bd87c56-32b2-ef11-b8e8-002248892776","Type":"Concept"}},{"NoteLiteral":"False","Subject":{"InScheme":{"Id":"urn:eciu:note","Type":"ConceptScheme"},"PrefLabel":{"En":"ECIULMSENabled"},"Id":"1bd87c56-32b2-ef11-b8e8-002248892776","Type":"Concept"}},{"NoteLiteral":"","Subject":{"InScheme":{"Id":"urn:eciu:note","Type":"ConceptScheme"},"PrefLabel":{"En":"LMSUrl"},"Id":"1bd87c56-32b2-ef11-b8e8-002248892776","Type":"Concept"}},{"NoteLiteral":"","Subject":{"InScheme":{"Id":"urn:eciu:note","Type":"ConceptScheme"},"PrefLabel":{"En":"TeamAccessDate"},"Id":"1bd87c56-32b2-ef11-b8e8-002248892776","Type":"Concept"}},{"NoteLiteral":"false","Subject":{"InScheme":{"Id":"urn:eciu:note","Type":"ConceptScheme"},"PrefLabel":{"En":"SelfPaced"},"Id":"1bd87c56-32b2-ef11-b8e8-002248892776","Type":"Concept"}},{"NoteLiteral":"0","Subject":{"InScheme":{"Id":"urn:eciu:note","Type":"ConceptScheme"},"PrefLabel":{"En":"Pace"},"Id":"1bd87c56-32b2-ef11-b8e8-002248892776","Type":"Concept"}},{"NoteLiteral":"Standard","Subject":{"InScheme":{"Id":"urn:eciu:note","Type":"ConceptScheme"},"PrefLabel":{"En":"Scope"},"Id":"1bd87c56-32b2-ef11-b8e8-002248892776","Type":"Concept"}}],"Id":"urn:eciu:learningOpportunity:1bd87c56-32b2-ef11-b8e8-002248892776","Type":"LearningOpportunity"}