{"Mode":{"InScheme":{"Id":"http://data.europa.eu/snb/learning-assessment/25831c2","Type":"ConceptScheme"},"PrefLabel":{"En":"Online"},"Id":"http://data.europa.eu/snb/learning-assessment/920fbb3cbe","Type":"Concept"},"DcType":null,"Title":{"En":"EdVenture Quest: The Art of CBL through Cases"},"AdmissionsProcedure":{"NoteLiteral":{"En":"CV and a letter of motivation in a pdf format prior to the course. Deadline 31 March 2025"},"Id":"urn:eciu:note:89884237-97cb-4aee-a6ec-c45cc0497895","Type":"Note"},"ApplicationDeadline":"2025-03-31","Description":{"En":"Are you ready to dive into an engaging, interactive learning experience? This short, intensive\u00A0micromodule on Challenge-Based Learning (CBL) offers a unique opportunity to explore\u00A0educational materials (videos, articles etc.) at your own pace and collaboratively enhance your\u00A0understanding in an online (MS Teams) setting. CBL emphasizes teamwork, critical thinking,\u00A0and real-world problem-solving. All this will be practiced in this course. You will progress through\u00A0five comprehensive modules designed to build your knowledge and skills on the topic\u00A0systematically:\n\n**Module 1:** Introduction to Challenge-Based Learning (asynchronous on Lodz University\u00A0of Technology LMS))\u00A0Begin by immersing yourself in the basic concepts and the importance of CBL in contemporary\u00A0education.\u00A0\n\n**Module 2**: The CBL Framework (asynchronous on Lodz University of Technology LMS)\u00A0Explore the structured approach to implementing CBL, ensuring you grasp its essential\u00A0components.\u00A0\n\n**Module 3:** Questions, Reflection, and Iteration in CBL (synchronous on MS Teams)\u00A0Learn how to foster a culture of inquiry and adaptive learning within CBL environments.\u00A0\n\n**Module 4:** Case-Based Application of CBL (synchronous on MS Teams) Apply your knowledge through real-life case studies, reinforcing the practical aspects of CBL techniques.\u00A0\n\n**Module 5:** Communication and Feedback in CBL (synchronous on MS Teams) Enhance your collaborative skills by mastering effective communication and feedback mechanisms essential for teamwork. Embark on your CBL EdVenture Quest! Engage with your peers and enhance your learning through collaboration and active participation!"},"LearningAchievementSpecification":{"EQFLevel":{"InScheme":{"Id":"http://data.europa.eu/snb/eqf/25831c2","Type":"ConceptScheme"},"PrefLabel":{"En":"Level 6"},"Id":"http://data.europa.eu/snb/eqf/6","Type":"Concept"},"CreditPoint":{"Framework":{"InScheme":{"Id":"http://data.europa.eu/snb/education-credit/25831c2","Type":"ConceptScheme"},"PrefLabel":{"En":"European Credit Transfer System"},"Id":"http://data.europa.eu/snb/education-credit/6fcec5c5af","Type":"Concept"},"Point":"1,0","Id":"urn:epass:creditPoint:89884237-97cb-4aee-a6ec-c45cc0497895","Type":"CreditPoint"},"LearningOutcome":[{"Title":{"En":"Learning outcome 1"},"RelatedESCOSkill":[],"AdditionalNote":{"NoteLiteral":{"En":"Understand the philosophy and foundations of CBL (Challenge-Based Learning)"},"Id":"urn:eciu:note:65a6eeed-f9d3-ef11-a72e-000d3a2e6935","Type":"Note"},"Id":"urn:epass:learningOutcome:89884237-97cb-4aee-a6ec-c45cc0497895-1","Type":"LearningOutcome"},{"Title":{"En":"Learning Outcome 2"},"RelatedESCOSkill":[],"AdditionalNote":{"NoteLiteral":{"En":"Demonstrate the application of CBL principles through case studies"},"Id":"urn:eciu:note:694f444c-2cd7-ef11-a72f-6045bd9f7aba","Type":"Note"},"Id":"urn:epass:learningOutcome:89884237-97cb-4aee-a6ec-c45cc0497895-2","Type":"LearningOutcome"},{"Title":{"En":"Learning Outcome 3"},"RelatedESCOSkill":[],"AdditionalNote":{"NoteLiteral":{"En":"Develop the ability and skills to cooperate in the CBL learning setting."},"Id":"urn:eciu:note:9b496184-2cd7-ef11-a72f-6045bd9f7aba","Type":"Note"},"Id":"urn:epass:learningOutcome:89884237-97cb-4aee-a6ec-c45cc0497895-3","Type":"LearningOutcome"}],"LearningSetting":null,"Mode":null,"Title":{"En":"EdVenture Quest: The Art of CBL through Cases"},"DcType":null,"HomePage":null,"VolumeOfLearning":null,"Id":"urn:eciu:qualification:89884237-97cb-4aee-a6ec-c45cc0497895","Type":"Qualification"},"IsPartOf":{"Mode":null,"DcType":null,"Title":{"En":"EdVenture Quest: The Art of CBL through Cases SS24_25"},"AdmissionsProcedure":null,"ApplicationDeadline":null,"Description":null,"LearningAchievementSpecification":null,"IsPartOf":null,"Temporal":null,"ProvidedBy":null,"LearningActivitySpecification":null,"BannerImage":null,"MoreInformation":null,"Id":"urn:eciu:learningOpportunity:07d46bc5-f6d3-ef11-a72e-000d3a2e6935","Type":"LearningOpportunity"},"Temporal":{"EndDate":"2025-04-08T00:00:00Z","Name":{"En":"Temporal"},"StartDate":"2025-04-29T00:00:00Z"},"ProvidedBy":{"Location":null,"Logo":null,"LegalName":{"En":"POLITECHNIKA LODZKA (TUL)"},"Registration":null,"Homepage":null,"Id":"urn:eciu:org:71f04a2a-6a54-ed11-bba2-6045bd886566","Type":"Organisation"},"LearningActivitySpecification":{"Mode":null,"DcType":null,"Title":{"En":""},"Description":null,"MoreInformation":[{"NoteLiteral":"There are four sessions planned in this micromodule:\n\n8 April 2025 (Tuesday) Online MS Teams (3 hours) Modules 1 \u0026 2  \n\n15 April 2025 (Tuesday) Online MS Teams (4 hours) Module 3  \n\n22 April 2025 (Tuesday) Online MS Teams (4 hours) Module 4  \n\n29 April 2025 (Tuesday) Online MS Teams (4 hours) Module 5\n\nThe learning outcomes are assessed as follows:  \n\nLO 1: online activities; discussions in forums, self-reflection  \n\nLO 2: mini projects, self-reflection, peer observation, teacher observation  \n\nLO 3: mini-project, group discussions, self-reflection, peer observation  \n\nThe final mark is calculated as follows:\n\nForum discussions: 20%\n\nMini project: 50%\n\nGroup discussions \u0026 peer feedback: 20%\n\nTeacher observation: 10%\n\nThis totals 100% of the final mark, reflecting a comprehensive evaluation of the learning outcomes achieved.","Subject":{"InScheme":{"Id":"urn:eciu:note","Type":"ConceptScheme"},"PrefLabel":{"En":"ParticipantInformation"},"Id":"89884237-97cb-4aee-a6ec-c45cc0497895","Type":"Concept"}}],"HasPart":[{"Mode":{"InScheme":{"Id":"http://data.europa.eu/snb/learning-assessment/25831c2","Type":"ConceptScheme"},"PrefLabel":{"En":"Online"},"Id":"http://data.europa.eu/snb/learning-assessment/920fbb3cbe","Type":"Concept"},"DcType":{"InScheme":{"Id":"http://data.europa.eu/snb/learning-activity/25831c2","Type":"ConceptScheme"},"PrefLabel":{"En":"e-learning coursework"},"Id":"http://data.europa.eu/snb/learning-activity/bf2e3a7bae","Type":"Concept"},"Title":{"En":"Videos"},"Description":null,"MoreInformation":null,"HasPart":null,"Id":"urn:eciu:learningActivitySpec:57e1aa0d-fdd3-ef11-a72e-000d3a2e6935","Type":"LearningActivitySpecification"},{"Mode":null,"DcType":{"InScheme":{"Id":"http://data.europa.eu/snb/learning-activity/25831c2","Type":"ConceptScheme"},"PrefLabel":{"En":"classroom coursework"},"Id":"http://data.europa.eu/snb/learning-activity/ff436ea7c9","Type":"Concept"},"Title":{"En":"Forum discussions"},"Description":null,"MoreInformation":null,"HasPart":null,"Id":"urn:eciu:learningActivitySpec:c2c9c51f-fdd3-ef11-a72e-000d3a2e6935","Type":"LearningActivitySpecification"},{"Mode":{"InScheme":{"Id":"http://data.europa.eu/snb/learning-assessment/25831c2","Type":"ConceptScheme"},"PrefLabel":{"En":"Online"},"Id":"http://data.europa.eu/snb/learning-assessment/920fbb3cbe","Type":"Concept"},"DcType":{"InScheme":{"Id":"http://data.europa.eu/snb/learning-activity/25831c2","Type":"ConceptScheme"},"PrefLabel":{"En":"lab / simulation / practice coursework"},"Id":"http://data.europa.eu/snb/learning-activity/3c8bd58d62","Type":"Concept"},"Title":{"En":"Case studies and examples"},"Description":null,"MoreInformation":null,"HasPart":null,"Id":"urn:eciu:learningActivitySpec:9bdfce3d-fdd3-ef11-a72e-000d3a2e6935","Type":"LearningActivitySpecification"},{"Mode":null,"DcType":null,"Title":{"En":"Group discussions"},"Description":null,"MoreInformation":null,"HasPart":null,"Id":"urn:eciu:learningActivitySpec:e6e94282-fdd3-ef11-a72e-000d3a2e6935","Type":"LearningActivitySpecification"},{"Mode":null,"DcType":null,"Title":{"En":"Simulations and project-based assigment"},"Description":null,"MoreInformation":null,"HasPart":null,"Id":"urn:eciu:learningActivitySpec:e6472bc5-fdd3-ef11-a72e-000d3a2e6935","Type":"LearningActivitySpecification"}],"Id":"urn:eciu:learningActivitySpec:89884237-97cb-4aee-a6ec-c45cc0497895","Type":"LearningActivitySpecification"},"BannerImage":null,"MoreInformation":[{"NoteLiteral":"","Subject":{"InScheme":{"Id":"urn:eciu:note","Type":"ConceptScheme"},"PrefLabel":{"En":"SourceIdentifier"},"Id":"89884237-97cb-4aee-a6ec-c45cc0497895","Type":"Concept"}},{"NoteLiteral":"Navigating Real-World Challenges through Collaborative Exploration and Case Studies","Subject":{"InScheme":{"Id":"urn:eciu:note","Type":"ConceptScheme"},"PrefLabel":{"En":"SubTitle"},"Id":"89884237-97cb-4aee-a6ec-c45cc0497895","Type":"Concept"}},{"NoteLiteral":"This short course will help you immerse yourself in the transormative approach of Challenge-Based Learning (CBL). How? Through engaging, real-world case scenarios, you will be able to discover the principles of CBL and understand its methodologies. You will also be able to explore practical strategies to address real-world challenges effectively, foster creativity, collaborate with other peers, and develop your critical thinking skills as well as create your own meaningful learning experience.","Subject":{"InScheme":{"Id":"urn:eciu:note","Type":"ConceptScheme"},"PrefLabel":{"En":"Introduction"},"Id":"89884237-97cb-4aee-a6ec-c45cc0497895","Type":"Concept"}},{"NoteLiteral":"True","Subject":{"InScheme":{"Id":"urn:eciu:note","Type":"ConceptScheme"},"PrefLabel":{"En":"GenerateMicroCredentials"},"Id":"89884237-97cb-4aee-a6ec-c45cc0497895","Type":"Concept"}},{"NoteLiteral":"CV and a letter of motivation in a pdf format prior to the course. Deadline 31 March 2025","Subject":{"InScheme":{"Id":"urn:eciu:note","Type":"ConceptScheme"},"PrefLabel":{"En":"AdmissionProcessInformation"},"Id":"89884237-97cb-4aee-a6ec-c45cc0497895","Type":"Concept"}},{"NoteLiteral":"False","Subject":{"InScheme":{"Id":"urn:eciu:note","Type":"ConceptScheme"},"PrefLabel":{"En":"SimplifiedAdmissionProcess"},"Id":"89884237-97cb-4aee-a6ec-c45cc0497895","Type":"Concept"}},{"NoteLiteral":"2024-02-01","Subject":{"InScheme":{"Id":"urn:eciu:note","Type":"ConceptScheme"},"PrefLabel":{"En":"ApplicationPeriodStartDate"},"Id":"89884237-97cb-4aee-a6ec-c45cc0497895","Type":"Concept"}},{"NoteLiteral":"20","Subject":{"InScheme":{"Id":"urn:eciu:note","Type":"ConceptScheme"},"PrefLabel":{"En":"MaximumNumberOfSeats"},"Id":"89884237-97cb-4aee-a6ec-c45cc0497895","Type":"Concept"}},{"NoteLiteral":"False","Subject":{"InScheme":{"Id":"urn:eciu:note","Type":"ConceptScheme"},"PrefLabel":{"En":"ECIULMSENabled"},"Id":"89884237-97cb-4aee-a6ec-c45cc0497895","Type":"Concept"}},{"NoteLiteral":"","Subject":{"InScheme":{"Id":"urn:eciu:note","Type":"ConceptScheme"},"PrefLabel":{"En":"LMSUrl"},"Id":"89884237-97cb-4aee-a6ec-c45cc0497895","Type":"Concept"}},{"NoteLiteral":"","Subject":{"InScheme":{"Id":"urn:eciu:note","Type":"ConceptScheme"},"PrefLabel":{"En":"TeamAccessDate"},"Id":"89884237-97cb-4aee-a6ec-c45cc0497895","Type":"Concept"}},{"NoteLiteral":"false","Subject":{"InScheme":{"Id":"urn:eciu:note","Type":"ConceptScheme"},"PrefLabel":{"En":"SelfPaced"},"Id":"89884237-97cb-4aee-a6ec-c45cc0497895","Type":"Concept"}},{"NoteLiteral":"25","Subject":{"InScheme":{"Id":"urn:eciu:note","Type":"ConceptScheme"},"PrefLabel":{"En":"Pace"},"Id":"89884237-97cb-4aee-a6ec-c45cc0497895","Type":"Concept"}},{"NoteLiteral":"Standard","Subject":{"InScheme":{"Id":"urn:eciu:note","Type":"ConceptScheme"},"PrefLabel":{"En":"Scope"},"Id":"89884237-97cb-4aee-a6ec-c45cc0497895","Type":"Concept"}}],"Id":"urn:eciu:learningOpportunity:89884237-97cb-4aee-a6ec-c45cc0497895","Type":"LearningOpportunity"}