{"Mode":{"InScheme":{"Id":"http://data.europa.eu/snb/learning-assessment/25831c2","Type":"ConceptScheme"},"PrefLabel":{"En":"Online"},"Id":"http://data.europa.eu/snb/learning-assessment/920fbb3cbe","Type":"Concept"},"DcType":null,"Title":{"En":"Accessible Media"},"AdmissionsProcedure":null,"ApplicationDeadline":"2025-05-31","Description":{"En":"This module introduces you to accessible media. Media accessibility is concerned with how media content and services can be accessed by people who are not able to access them in their original form. The module includes basic information about media accessibility and a movie clip that follows the principles of accessible filmmaking."},"LearningAchievementSpecification":{"EQFLevel":{"InScheme":{"Id":"http://data.europa.eu/snb/eqf/25831c2","Type":"ConceptScheme"},"PrefLabel":{"En":"Level 7"},"Id":"http://data.europa.eu/snb/eqf/7","Type":"Concept"},"CreditPoint":{"Framework":{"InScheme":{"Id":"http://data.europa.eu/snb/education-credit/25831c2","Type":"ConceptScheme"},"PrefLabel":{"En":"European Credit Transfer System"},"Id":"http://data.europa.eu/snb/education-credit/6fcec5c5af","Type":"Concept"},"Point":"1,0","Id":"urn:epass:creditPoint:a9bd2fde-99d1-ef11-a72e-0022488b6cff","Type":"CreditPoint"},"LearningOutcome":[{"Title":{"En":"Differences in media accessibility"},"RelatedESCOSkill":[{"Notation":"Skill","InScheme":{"Id":"http://data.europa.eu/esco/concept-scheme/skills","Type":"ConceptScheme"},"PrefLabel":{"En":"evaluate data, information and digital content"},"Id":"http://data.europa.eu/esco/skill/1d6c7de4-350e-4868-a47b-333b4b0d9650","Type":"Concept"}],"AdditionalNote":{"NoteLiteral":{"En":"The student will understand that the status of media accessibility varies in different countries."},"Id":"urn:eciu:note:1ff5cae5-99d1-ef11-a72e-000d3a22dc2e","Type":"Note"},"Id":"urn:epass:learningOutcome:a9bd2fde-99d1-ef11-a72e-0022488b6cff-1","Type":"LearningOutcome"},{"Title":{"En":"Benefits of media accessibility"},"RelatedESCOSkill":[{"Notation":"Skill","InScheme":{"Id":"http://data.europa.eu/esco/concept-scheme/skills","Type":"ConceptScheme"},"PrefLabel":{"En":"think analytically"},"Id":"http://data.europa.eu/esco/skill/4707da90-9cfc-46ca-8de0-38a0b7bfb137","Type":"Concept"}],"AdditionalNote":{"NoteLiteral":{"En":"The student will understand the benefits of media accessibility."},"Id":"urn:eciu:note:0af5f5de-99d1-ef11-a72e-6045bdf3b44b","Type":"Note"},"Id":"urn:epass:learningOutcome:a9bd2fde-99d1-ef11-a72e-0022488b6cff-2","Type":"LearningOutcome"},{"Title":{"En":"Media accessibility"},"RelatedESCOSkill":[{"Notation":"Skill","InScheme":{"Id":"http://data.europa.eu/esco/concept-scheme/skills","Type":"ConceptScheme"},"PrefLabel":{"En":"promote inclusion"},"Id":"http://data.europa.eu/esco/skill/bcd2ce08-ba12-4d66-865f-f4ba36419707","Type":"Concept"}],"AdditionalNote":{"NoteLiteral":{"En":"The student will know what media accessibility is."},"Id":"urn:eciu:note:26ec67e0-99d1-ef11-a72e-7c1e52510959","Type":"Note"},"Id":"urn:epass:learningOutcome:a9bd2fde-99d1-ef11-a72e-0022488b6cff-3","Type":"LearningOutcome"}],"LearningSetting":null,"Mode":null,"Title":{"En":"Accessible Media"},"DcType":null,"HomePage":null,"VolumeOfLearning":null,"Id":"urn:eciu:qualification:a9bd2fde-99d1-ef11-a72e-0022488b6cff","Type":"Qualification"},"IsPartOf":{"Mode":null,"DcType":null,"Title":{"En":"Accessible Media"},"AdmissionsProcedure":null,"ApplicationDeadline":null,"Description":null,"LearningAchievementSpecification":null,"IsPartOf":null,"Temporal":null,"ProvidedBy":null,"LearningActivitySpecification":null,"BannerImage":null,"MoreInformation":[{"NoteLiteral":"ACC.240","Subject":{"InScheme":{"Id":"urn:eciu:note","Type":"ConceptScheme"},"PrefLabel":{"En":"EducationIdentifier"},"Id":"93b32fdd-9514-ee11-8f6d-6045bd886566","Type":"Concept"}}],"Id":"urn:eciu:learningOpportunity:93b32fdd-9514-ee11-8f6d-6045bd886566","Type":"LearningOpportunity"},"Temporal":{"EndDate":"2025-01-19T00:00:00Z","Name":{"En":"Temporal"},"StartDate":"2025-07-31T00:00:00Z"},"ProvidedBy":{"Location":null,"Logo":null,"LegalName":{"En":"TAMPEREEN KORKEAKOULUSAATIO SR (TAU)"},"Registration":null,"Homepage":null,"Id":"urn:eciu:org:8f142831-6a54-ed11-bba2-6045bd886566","Type":"Organisation"},"LearningActivitySpecification":{"Mode":null,"DcType":null,"Title":{"En":""},"Description":null,"MoreInformation":[{"NoteLiteral":"This is a nonstoop MOOC (Massive Open Online course). This means the course is fully online and you can take it at your own pace according to your own schedule.  \n  \nThis MOOC is offered by Tampere University on the DigiCampus platform. Once you have your TUNI credentials, log in to DigiCampus by using the choice \u0022Login with HAKA Account\u0022, select \u0022Tampere Universities\u0022and use your tuni.fi account. In DigiCampus, head over the the course \u0022Methods and technologies for accessibility and their evaluation\u0022.\u00A0The enrolment key is \u002220methods21\u0022. From this module, select the course you applied for.  \n  \nLink to DigiCampus: digicampus.fi/?lang=en  \nDirect link to the course: digicampus.fi/course/view.php?id=1193","Subject":{"InScheme":{"Id":"urn:eciu:note","Type":"ConceptScheme"},"PrefLabel":{"En":"ParticipantInformation"},"Id":"a9bd2fde-99d1-ef11-a72e-0022488b6cff","Type":"Concept"}}],"HasPart":null,"Id":"urn:eciu:learningActivitySpec:a9bd2fde-99d1-ef11-a72e-0022488b6cff","Type":"LearningActivitySpecification"},"BannerImage":null,"MoreInformation":[{"NoteLiteral":"","Subject":{"InScheme":{"Id":"urn:eciu:note","Type":"ConceptScheme"},"PrefLabel":{"En":"SourceIdentifier"},"Id":"a9bd2fde-99d1-ef11-a72e-0022488b6cff","Type":"Concept"}},{"NoteLiteral":"Nonstop MOOC on methods and technologies for accessibility","Subject":{"InScheme":{"Id":"urn:eciu:note","Type":"ConceptScheme"},"PrefLabel":{"En":"SubTitle"},"Id":"a9bd2fde-99d1-ef11-a72e-0022488b6cff","Type":"Concept"}},{"NoteLiteral":"This course is part of the larger module \u0022Methods and technologies for accessibility and their evaluation\u0022 which consists of over 25 modules (1 ECT each). If you want to become an expert at creating digitally accessible services, make sure to check them out.","Subject":{"InScheme":{"Id":"urn:eciu:note","Type":"ConceptScheme"},"PrefLabel":{"En":"Introduction"},"Id":"a9bd2fde-99d1-ef11-a72e-0022488b6cff","Type":"Concept"}},{"NoteLiteral":"True","Subject":{"InScheme":{"Id":"urn:eciu:note","Type":"ConceptScheme"},"PrefLabel":{"En":"GenerateMicroCredentials"},"Id":"a9bd2fde-99d1-ef11-a72e-0022488b6cff","Type":"Concept"}},{"NoteLiteral":"This micromodule is open to all ECIU students and there is no specific admissions process, rather all interested students will have the change to take the course. However, the course is mainly targeted to master\u0027s level students. Notice that the course is self-paced and you need to reserve time in your timetable for finishing it.","Subject":{"InScheme":{"Id":"urn:eciu:note","Type":"ConceptScheme"},"PrefLabel":{"En":"AdmissionProcessInformation"},"Id":"a9bd2fde-99d1-ef11-a72e-0022488b6cff","Type":"Concept"}},{"NoteLiteral":"True","Subject":{"InScheme":{"Id":"urn:eciu:note","Type":"ConceptScheme"},"PrefLabel":{"En":"SimplifiedAdmissionProcess"},"Id":"a9bd2fde-99d1-ef11-a72e-0022488b6cff","Type":"Concept"}},{"NoteLiteral":"2025-01-19","Subject":{"InScheme":{"Id":"urn:eciu:note","Type":"ConceptScheme"},"PrefLabel":{"En":"ApplicationPeriodStartDate"},"Id":"a9bd2fde-99d1-ef11-a72e-0022488b6cff","Type":"Concept"}},{"NoteLiteral":"100","Subject":{"InScheme":{"Id":"urn:eciu:note","Type":"ConceptScheme"},"PrefLabel":{"En":"MaximumNumberOfSeats"},"Id":"a9bd2fde-99d1-ef11-a72e-0022488b6cff","Type":"Concept"}},{"NoteLiteral":"False","Subject":{"InScheme":{"Id":"urn:eciu:note","Type":"ConceptScheme"},"PrefLabel":{"En":"ECIULMSENabled"},"Id":"a9bd2fde-99d1-ef11-a72e-0022488b6cff","Type":"Concept"}},{"NoteLiteral":"","Subject":{"InScheme":{"Id":"urn:eciu:note","Type":"ConceptScheme"},"PrefLabel":{"En":"LMSUrl"},"Id":"a9bd2fde-99d1-ef11-a72e-0022488b6cff","Type":"Concept"}},{"NoteLiteral":"","Subject":{"InScheme":{"Id":"urn:eciu:note","Type":"ConceptScheme"},"PrefLabel":{"En":"TeamAccessDate"},"Id":"a9bd2fde-99d1-ef11-a72e-0022488b6cff","Type":"Concept"}},{"NoteLiteral":"false","Subject":{"InScheme":{"Id":"urn:eciu:note","Type":"ConceptScheme"},"PrefLabel":{"En":"SelfPaced"},"Id":"a9bd2fde-99d1-ef11-a72e-0022488b6cff","Type":"Concept"}},{"NoteLiteral":"10","Subject":{"InScheme":{"Id":"urn:eciu:note","Type":"ConceptScheme"},"PrefLabel":{"En":"Pace"},"Id":"a9bd2fde-99d1-ef11-a72e-0022488b6cff","Type":"Concept"}},{"NoteLiteral":"Standard","Subject":{"InScheme":{"Id":"urn:eciu:note","Type":"ConceptScheme"},"PrefLabel":{"En":"Scope"},"Id":"a9bd2fde-99d1-ef11-a72e-0022488b6cff","Type":"Concept"}}],"Id":"urn:eciu:learningOpportunity:a9bd2fde-99d1-ef11-a72e-0022488b6cff","Type":"LearningOpportunity"}