{"Mode":{"InScheme":{"Id":"http://data.europa.eu/snb/learning-assessment/25831c2","Type":"ConceptScheme"},"PrefLabel":{"En":"Blended"},"Id":"http://data.europa.eu/snb/learning-assessment/e92d221e4d","Type":"Concept"},"DcType":null,"Title":{"En":"Image Analysis for Intelligent Systems in Medicine"},"AdmissionsProcedure":null,"ApplicationDeadline":"2024-10-11","Description":{"En":"This Micro-Module is structured into introduction, self-learning, and implementation phases. First, you will get input on recent feature extraction and data analysis methods. You will work in a small team of three to four students solving detection and classification tasks on medical image data. In particular, your task is to automatically detect surgical tools and their motion in endoscopic images. To tune and test your algorithms we will provide image data from a surgical daVinci imaging system acquired in our laboratory. Participating in image annotation also allows you to better understand AI models and their limitations. Finally, we will test your algorithms on real medical image data. You can compare your results directly with other groups through our online leaderboard."},"LearningAchievementSpecification":{"EQFLevel":{"InScheme":{"Id":"http://data.europa.eu/snb/eqf/25831c2","Type":"ConceptScheme"},"PrefLabel":{"En":"Level 7"},"Id":"http://data.europa.eu/snb/eqf/7","Type":"Concept"},"CreditPoint":{"Framework":{"InScheme":{"Id":"http://data.europa.eu/snb/education-credit/25831c2","Type":"ConceptScheme"},"PrefLabel":{"En":"European Credit Transfer System"},"Id":"http://data.europa.eu/snb/education-credit/6fcec5c5af","Type":"Concept"},"Point":"2,0","Id":"urn:epass:creditPoint:7644f27a-a7cd-4c0e-b183-13596a427e0c","Type":"CreditPoint"},"LearningOutcome":[{"Title":{"En":"Gain practical experiences in medical image analysis"},"RelatedESCOSkill":[{"Notation":"Skill","InScheme":{"Id":"http://data.europa.eu/esco/concept-scheme/skills","Type":"ConceptScheme"},"PrefLabel":{"En":"design medical devices"},"Id":"http://data.europa.eu/esco/skill/274c5d19-f5d8-44ca-a718-6bb8f18b46c3","Type":"Concept"},{"Notation":"Skill","InScheme":{"Id":"http://data.europa.eu/esco/concept-scheme/skills","Type":"ConceptScheme"},"PrefLabel":{"En":"evaluate data, information and digital content"},"Id":"http://data.europa.eu/esco/skill/1d6c7de4-350e-4868-a47b-333b4b0d9650","Type":"Concept"}],"AdditionalNote":{"NoteLiteral":{"En":"At the end of the course learner will gained a practical experiences in acquiring, pre-processing and analyzing medical image data."},"Id":"urn:eciu:note:e4b08184-131f-ef11-840a-0022487fecad","Type":"Note"},"Id":"urn:epass:learningOutcome:7644f27a-a7cd-4c0e-b183-13596a427e0c-1","Type":"LearningOutcome"},{"Title":{"En":"Implement data analysis algotithm"},"RelatedESCOSkill":[{"Notation":"Skill","InScheme":{"Id":"http://data.europa.eu/esco/concept-scheme/skills","Type":"ConceptScheme"},"PrefLabel":{"En":"principles of artificial intelligence"},"Id":"http://data.europa.eu/esco/skill/e465a154-93f7-4973-9ce1-31659fe16dd2","Type":"Concept"},{"Notation":"Skill","InScheme":{"Id":"http://data.europa.eu/esco/concept-scheme/skills","Type":"ConceptScheme"},"PrefLabel":{"En":"data analytics"},"Id":"http://data.europa.eu/esco/skill/97bd1c21-66b2-4b7e-ad0f-e3cda590e378","Type":"Concept"}],"AdditionalNote":{"NoteLiteral":{"En":"At the end of the course the learner is able to implement data analysis algotithm using principles of artificial intelligence.  "},"Id":"urn:eciu:note:2e5dfae4-131f-ef11-840a-0022487fecad","Type":"Note"},"Id":"urn:epass:learningOutcome:7644f27a-a7cd-4c0e-b183-13596a427e0c-2","Type":"LearningOutcome"},{"Title":{"En":"Organize Coding in a team"},"RelatedESCOSkill":[{"Notation":"Skill","InScheme":{"Id":"http://data.europa.eu/esco/concept-scheme/skills","Type":"ConceptScheme"},"PrefLabel":{"En":"solve problems"},"Id":"http://data.europa.eu/esco/skill/adc6dc11-3376-467b-96c5-9b0a21edc869","Type":"Concept"},{"Notation":"Skill","InScheme":{"Id":"http://data.europa.eu/esco/concept-scheme/skills","Type":"ConceptScheme"},"PrefLabel":{"En":"apply basic programming skills"},"Id":"http://data.europa.eu/esco/skill/bf4d884f-c848-402a-b130-69c266b04164","Type":"Concept"},{"Notation":"Skill","InScheme":{"Id":"http://data.europa.eu/esco/concept-scheme/skills","Type":"ConceptScheme"},"PrefLabel":{"En":"work in teams"},"Id":"http://data.europa.eu/esco/skill/60c78287-22eb-4103-9c8c-28deaa460da0","Type":"Concept"}],"AdditionalNote":{"NoteLiteral":{"En":"At the end of the course learners solved coding taks successfully in a team and forster their skills in collaborative problem-solving."},"Id":"urn:eciu:note:0623e033-151f-ef11-840a-0022487fecad","Type":"Note"},"Id":"urn:epass:learningOutcome:7644f27a-a7cd-4c0e-b183-13596a427e0c-3","Type":"LearningOutcome"}],"LearningSetting":null,"Mode":null,"Title":{"En":"Image Analysis for Intelligent Systems in Medicine"},"DcType":null,"HomePage":null,"VolumeOfLearning":null,"Id":"urn:eciu:qualification:7644f27a-a7cd-4c0e-b183-13596a427e0c","Type":"Qualification"},"IsPartOf":{"Mode":null,"DcType":null,"Title":{"En":"Image Analysis for Intelligent Systems in Medicine"},"AdmissionsProcedure":null,"ApplicationDeadline":null,"Description":null,"LearningAchievementSpecification":null,"IsPartOf":null,"Temporal":null,"ProvidedBy":null,"LearningActivitySpecification":null,"BannerImage":null,"MoreInformation":null,"Id":"urn:eciu:learningOpportunity:c9055974-111f-ef11-840a-0022487fecad","Type":"LearningOpportunity"},"Temporal":{"EndDate":"2024-11-01T00:00:00Z","Name":{"En":"Temporal"},"StartDate":"2025-01-23T00:00:00Z"},"ProvidedBy":{"Location":null,"Logo":null,"LegalName":{"En":"TECHNISCHE UNIVERSITAT HAMBURG (TUHH"},"Registration":null,"Homepage":null,"Id":"urn:eciu:org:d2f87009-6a54-ed11-bba2-6045bd886566","Type":"Organisation"},"LearningActivitySpecification":{"Mode":null,"DcType":null,"Title":{"En":""},"Description":null,"MoreInformation":[{"NoteLiteral":"The Micro-Module starts in mid-November. In the beginning, we will arrange virtual meetings and online tutorials to provide you with the most important basics required for delving into the project. The course is offered in a hybrid format to enable participation on-site (TUHH) and abroad.\n\nThe implementation phases are intended to be tackled asynchronously and in small teams, fostering collaborative problem-solving. We will schedule regular online meetings to discuss your approach, answer open question and support you throughout the implementation process. Meetings will be offered every 2-3 weeks on Thursday afternoon.\n\nFor students from abroad it is optionally possible and recommended to also attend the lecture \u2018Intelligent Systems in Medicine\u2019, which will take place every Friday starting from 18. October from 3 to 6 pm (CET) hybrid on site (TUHH) and on Zoom. You will receive one additional ECTS point for regular attendance of this lecture. Further information on the lecture will follow.\n\nFeel free to contact us (maximilian.neidhardt@tuhh.de) if you have any questions.","Subject":{"InScheme":{"Id":"urn:eciu:note","Type":"ConceptScheme"},"PrefLabel":{"En":"ParticipantInformation"},"Id":"7644f27a-a7cd-4c0e-b183-13596a427e0c","Type":"Concept"}}],"HasPart":null,"Id":"urn:eciu:learningActivitySpec:7644f27a-a7cd-4c0e-b183-13596a427e0c","Type":"LearningActivitySpecification"},"BannerImage":null,"MoreInformation":[{"NoteLiteral":"","Subject":{"InScheme":{"Id":"urn:eciu:note","Type":"ConceptScheme"},"PrefLabel":{"En":"SourceIdentifier"},"Id":"7644f27a-a7cd-4c0e-b183-13596a427e0c","Type":"Concept"}},{"NoteLiteral":"Gain hands-on experience in developing AI for medical image analysis","Subject":{"InScheme":{"Id":"urn:eciu:note","Type":"ConceptScheme"},"PrefLabel":{"En":"SubTitle"},"Id":"7644f27a-a7cd-4c0e-b183-13596a427e0c","Type":"Concept"}},{"NoteLiteral":"AI is becoming an increasingly important tool for clinical tasks, e.g., medical image processing or decision making. In this course you will have the opportunity to learn the fundamentals of different AI methods and apply these methods practically to real clinical image data. We will provide datasets - acquired partially in our laboratory \u2013 to train models on detection and classification tasks for surgical image analysis. You will work in an interdisciplinary and international team on this project.","Subject":{"InScheme":{"Id":"urn:eciu:note","Type":"ConceptScheme"},"PrefLabel":{"En":"Introduction"},"Id":"7644f27a-a7cd-4c0e-b183-13596a427e0c","Type":"Concept"}},{"NoteLiteral":"True","Subject":{"InScheme":{"Id":"urn:eciu:note","Type":"ConceptScheme"},"PrefLabel":{"En":"GenerateMicroCredentials"},"Id":"7644f27a-a7cd-4c0e-b183-13596a427e0c","Type":"Concept"}},{"NoteLiteral":"We particularly encourage students with a background in computer science, data science and/or engineering to apply, but we welcome all other disciplines as well. Please note that basic programming knowledge (e.g. in Python or C\u002B\u002B) is a prerequisite for participation.  \n\nTo apply, please send a short motivation letter, your CV and your transcript of records (if available) and make sure, all your documents are in English.  \n\nAll students who pass will receive a certificate (Microcredential) from ECIU.","Subject":{"InScheme":{"Id":"urn:eciu:note","Type":"ConceptScheme"},"PrefLabel":{"En":"AdmissionProcessInformation"},"Id":"7644f27a-a7cd-4c0e-b183-13596a427e0c","Type":"Concept"}},{"NoteLiteral":"False","Subject":{"InScheme":{"Id":"urn:eciu:note","Type":"ConceptScheme"},"PrefLabel":{"En":"SimplifiedAdmissionProcess"},"Id":"7644f27a-a7cd-4c0e-b183-13596a427e0c","Type":"Concept"}},{"NoteLiteral":"2024-09-01","Subject":{"InScheme":{"Id":"urn:eciu:note","Type":"ConceptScheme"},"PrefLabel":{"En":"ApplicationPeriodStartDate"},"Id":"7644f27a-a7cd-4c0e-b183-13596a427e0c","Type":"Concept"}},{"NoteLiteral":"15","Subject":{"InScheme":{"Id":"urn:eciu:note","Type":"ConceptScheme"},"PrefLabel":{"En":"MaximumNumberOfSeats"},"Id":"7644f27a-a7cd-4c0e-b183-13596a427e0c","Type":"Concept"}},{"NoteLiteral":"False","Subject":{"InScheme":{"Id":"urn:eciu:note","Type":"ConceptScheme"},"PrefLabel":{"En":"ECIULMSENabled"},"Id":"7644f27a-a7cd-4c0e-b183-13596a427e0c","Type":"Concept"}},{"NoteLiteral":"","Subject":{"InScheme":{"Id":"urn:eciu:note","Type":"ConceptScheme"},"PrefLabel":{"En":"LMSUrl"},"Id":"7644f27a-a7cd-4c0e-b183-13596a427e0c","Type":"Concept"}},{"NoteLiteral":"","Subject":{"InScheme":{"Id":"urn:eciu:note","Type":"ConceptScheme"},"PrefLabel":{"En":"TeamAccessDate"},"Id":"7644f27a-a7cd-4c0e-b183-13596a427e0c","Type":"Concept"}},{"NoteLiteral":"false","Subject":{"InScheme":{"Id":"urn:eciu:note","Type":"ConceptScheme"},"PrefLabel":{"En":"SelfPaced"},"Id":"7644f27a-a7cd-4c0e-b183-13596a427e0c","Type":"Concept"}},{"NoteLiteral":"20","Subject":{"InScheme":{"Id":"urn:eciu:note","Type":"ConceptScheme"},"PrefLabel":{"En":"Pace"},"Id":"7644f27a-a7cd-4c0e-b183-13596a427e0c","Type":"Concept"}},{"NoteLiteral":"Standard","Subject":{"InScheme":{"Id":"urn:eciu:note","Type":"ConceptScheme"},"PrefLabel":{"En":"Scope"},"Id":"7644f27a-a7cd-4c0e-b183-13596a427e0c","Type":"Concept"}}],"Id":"urn:eciu:learningOpportunity:7644f27a-a7cd-4c0e-b183-13596a427e0c","Type":"LearningOpportunity"}