{"Mode":{"InScheme":{"Id":"http://data.europa.eu/snb/learning-assessment/25831c2","Type":"ConceptScheme"},"PrefLabel":{"En":"Online"},"Id":"http://data.europa.eu/snb/learning-assessment/920fbb3cbe","Type":"Concept"},"DcType":null,"Title":{"En":"Geopolitics of Hydrogen"},"AdmissionsProcedure":null,"ApplicationDeadline":"2025-01-05","Description":{"En":"Course contents comprises of:\n\n- The politics and geopolitics of hydrogen transitions\n- The structure and actors of hydrogen geopolitics\n- Major fossil fuel exporters in transition\n- Energy security\n- Hydrogen diplomacy\n- Competing visions of hydrogen futures"},"LearningAchievementSpecification":{"EQFLevel":{"InScheme":{"Id":"http://data.europa.eu/snb/eqf/25831c2","Type":"ConceptScheme"},"PrefLabel":{"En":"Level 7"},"Id":"http://data.europa.eu/snb/eqf/7","Type":"Concept"},"CreditPoint":{"Framework":{"InScheme":{"Id":"http://data.europa.eu/snb/education-credit/25831c2","Type":"ConceptScheme"},"PrefLabel":{"En":"European Credit Transfer System"},"Id":"http://data.europa.eu/snb/education-credit/6fcec5c5af","Type":"Concept"},"Point":"5,0","Id":"urn:epass:creditPoint:0d2cfcd8-3880-4e2f-94ae-ff15719b30a6","Type":"CreditPoint"},"LearningOutcome":[{"Title":{"En":"International-political operating environment of hydrogen business"},"RelatedESCOSkill":[{"Notation":"Skill","InScheme":{"Id":"http://data.europa.eu/esco/concept-scheme/skills","Type":"ConceptScheme"},"PrefLabel":{"En":"energy sector policies"},"Id":"http://data.europa.eu/esco/skill/438d5286-1cf8-4013-a1ef-cde62682ff7a","Type":"Concept"}],"AdditionalNote":{"NoteLiteral":{"En":"After successfully completing this course, the student is able to comprehend the international-political operating environment of hydrogen business in the context of globally ongoing energy transitions"},"Id":"urn:eciu:note:c74168dd-17b6-ef11-b8e8-7c1e527413fa","Type":"Note"},"Id":"urn:epass:learningOutcome:0d2cfcd8-3880-4e2f-94ae-ff15719b30a6-1","Type":"LearningOutcome"},{"Title":{"En":"Political risks of hydrogen business"},"RelatedESCOSkill":[{"Notation":"Skill","InScheme":{"Id":"http://data.europa.eu/esco/concept-scheme/skills","Type":"ConceptScheme"},"PrefLabel":{"En":"think critically"},"Id":"http://data.europa.eu/esco/skill/7dd94ad3-13d6-43fe-8b94-51fcbf67ced9","Type":"Concept"},{"Notation":"Skill","InScheme":{"Id":"http://data.europa.eu/esco/concept-scheme/skills","Type":"ConceptScheme"},"PrefLabel":{"En":"assess risk factors"},"Id":"http://data.europa.eu/esco/skill/d7b66759-c40c-44de-9f31-9418f84e10c5","Type":"Concept"}],"AdditionalNote":{"NoteLiteral":{"En":"After successfully completing this course, the student is able to analyse the effects of involved political risks and economic competition among states"},"Id":"urn:eciu:note:3ee6e62a-19b6-ef11-b8e8-7c1e527413fa","Type":"Note"},"Id":"urn:epass:learningOutcome:0d2cfcd8-3880-4e2f-94ae-ff15719b30a6-2","Type":"LearningOutcome"},{"Title":{"En":"Effects of hydrogen politics"},"RelatedESCOSkill":[{"Notation":"Skill","InScheme":{"Id":"http://data.europa.eu/esco/concept-scheme/skills","Type":"ConceptScheme"},"PrefLabel":{"En":"energy sector policies"},"Id":"http://data.europa.eu/esco/skill/438d5286-1cf8-4013-a1ef-cde62682ff7a","Type":"Concept"}],"AdditionalNote":{"NoteLiteral":{"En":"After successfully completing this course, the student is able to analyse the features of strategies and policies of host states on hydrogen business and their effects globally and regionally"},"Id":"urn:eciu:note:a328eb5e-2fb6-ef11-b8e8-7c1e527413fa","Type":"Note"},"Id":"urn:epass:learningOutcome:0d2cfcd8-3880-4e2f-94ae-ff15719b30a6-3","Type":"LearningOutcome"}],"LearningSetting":null,"Mode":null,"Title":{"En":"Geopolitics of Hydrogen"},"DcType":null,"HomePage":null,"VolumeOfLearning":"PT0H","Id":"urn:eciu:qualification:0d2cfcd8-3880-4e2f-94ae-ff15719b30a6","Type":"Qualification"},"IsPartOf":{"Mode":null,"DcType":null,"Title":{"En":"Geopolitics of Hydrogen"},"AdmissionsProcedure":null,"ApplicationDeadline":null,"Description":null,"LearningAchievementSpecification":null,"IsPartOf":null,"Temporal":null,"ProvidedBy":null,"LearningActivitySpecification":null,"BannerImage":null,"MoreInformation":null,"Id":"urn:eciu:learningOpportunity:8d497e02-13b6-ef11-b8e8-7c1e527413fa","Type":"LearningOpportunity"},"Temporal":{"EndDate":"2025-01-07T00:00:00Z","Name":{"En":"Temporal"},"StartDate":"2025-02-16T00:00:00Z"},"ProvidedBy":{"Location":null,"Logo":null,"LegalName":{"En":"TAMPEREEN KORKEAKOULUSAATIO SR (TAU)"},"Registration":null,"Homepage":null,"Id":"urn:eciu:org:8f142831-6a54-ed11-bba2-6045bd886566","Type":"Organisation"},"LearningActivitySpecification":{"Mode":null,"DcType":null,"Title":{"En":""},"Description":null,"MoreInformation":[{"NoteLiteral":"There is a weekly online task during the 6 weeks of the course based on video lectures \u0026 readings. In addition, a learning diary is used.\n\nThe course is online and there is no mobility involved.\n\nThe course is evaluated on a scale of 1-5.","Subject":{"InScheme":{"Id":"urn:eciu:note","Type":"ConceptScheme"},"PrefLabel":{"En":"ParticipantInformation"},"Id":"0d2cfcd8-3880-4e2f-94ae-ff15719b30a6","Type":"Concept"}}],"HasPart":null,"Id":"urn:eciu:learningActivitySpec:0d2cfcd8-3880-4e2f-94ae-ff15719b30a6","Type":"LearningActivitySpecification"},"BannerImage":null,"MoreInformation":[{"NoteLiteral":"","Subject":{"InScheme":{"Id":"urn:eciu:note","Type":"ConceptScheme"},"PrefLabel":{"En":"SourceIdentifier"},"Id":"0d2cfcd8-3880-4e2f-94ae-ff15719b30a6","Type":"Concept"}},{"NoteLiteral":"Online micro-module about how geopolitics influences the emerging hydrogen economy and how hydrogen shapes that geopolitics","Subject":{"InScheme":{"Id":"urn:eciu:note","Type":"ConceptScheme"},"PrefLabel":{"En":"SubTitle"},"Id":"0d2cfcd8-3880-4e2f-94ae-ff15719b30a6","Type":"Concept"}},{"NoteLiteral":"This course examines the emerging geopolitics of hydrogen. This involves political risks along with economic and power political competition among producer and consumer countries of hydrogen and related derivative fuels. This competition in turn influences the operating environment of firms in various sectors and value chains of hydrogen business. The course offers a global level outlook into these matters, scrutinising the key concepts of hydrogen geopolitics with illustrative case studies on the EU context, North America, and the Asian context, as well as on the role of fossil fuel producers and implications for energy security and energy diplomacy.","Subject":{"InScheme":{"Id":"urn:eciu:note","Type":"ConceptScheme"},"PrefLabel":{"En":"Introduction"},"Id":"0d2cfcd8-3880-4e2f-94ae-ff15719b30a6","Type":"Concept"}},{"NoteLiteral":"True","Subject":{"InScheme":{"Id":"urn:eciu:note","Type":"ConceptScheme"},"PrefLabel":{"En":"GenerateMicroCredentials"},"Id":"0d2cfcd8-3880-4e2f-94ae-ff15719b30a6","Type":"Concept"}},{"NoteLiteral":"**Who can apply**: Adult learner, degree student.\n\n**General prerequisites**: No previous studies in technology or hydrogen are required. Some previous experience of social scientific courses, in particular politics, or relevant practical working life experience or private interest in such matters may be useful but is not required.\n\n**The course is suitable fo**r: People who wish to deepen their knowledge of the political and international context of hydrogen business and respective energy transitions.\n\nThere is no specific admission process and the first 10 students to enroll will be accepted on the course .","Subject":{"InScheme":{"Id":"urn:eciu:note","Type":"ConceptScheme"},"PrefLabel":{"En":"AdmissionProcessInformation"},"Id":"0d2cfcd8-3880-4e2f-94ae-ff15719b30a6","Type":"Concept"}},{"NoteLiteral":"True","Subject":{"InScheme":{"Id":"urn:eciu:note","Type":"ConceptScheme"},"PrefLabel":{"En":"SimplifiedAdmissionProcess"},"Id":"0d2cfcd8-3880-4e2f-94ae-ff15719b30a6","Type":"Concept"}},{"NoteLiteral":"2024-12-11","Subject":{"InScheme":{"Id":"urn:eciu:note","Type":"ConceptScheme"},"PrefLabel":{"En":"ApplicationPeriodStartDate"},"Id":"0d2cfcd8-3880-4e2f-94ae-ff15719b30a6","Type":"Concept"}},{"NoteLiteral":"10","Subject":{"InScheme":{"Id":"urn:eciu:note","Type":"ConceptScheme"},"PrefLabel":{"En":"MaximumNumberOfSeats"},"Id":"0d2cfcd8-3880-4e2f-94ae-ff15719b30a6","Type":"Concept"}},{"NoteLiteral":"False","Subject":{"InScheme":{"Id":"urn:eciu:note","Type":"ConceptScheme"},"PrefLabel":{"En":"ECIULMSENabled"},"Id":"0d2cfcd8-3880-4e2f-94ae-ff15719b30a6","Type":"Concept"}},{"NoteLiteral":"","Subject":{"InScheme":{"Id":"urn:eciu:note","Type":"ConceptScheme"},"PrefLabel":{"En":"LMSUrl"},"Id":"0d2cfcd8-3880-4e2f-94ae-ff15719b30a6","Type":"Concept"}},{"NoteLiteral":"","Subject":{"InScheme":{"Id":"urn:eciu:note","Type":"ConceptScheme"},"PrefLabel":{"En":"TeamAccessDate"},"Id":"0d2cfcd8-3880-4e2f-94ae-ff15719b30a6","Type":"Concept"}},{"NoteLiteral":"false","Subject":{"InScheme":{"Id":"urn:eciu:note","Type":"ConceptScheme"},"PrefLabel":{"En":"SelfPaced"},"Id":"0d2cfcd8-3880-4e2f-94ae-ff15719b30a6","Type":"Concept"}},{"NoteLiteral":"40","Subject":{"InScheme":{"Id":"urn:eciu:note","Type":"ConceptScheme"},"PrefLabel":{"En":"Pace"},"Id":"0d2cfcd8-3880-4e2f-94ae-ff15719b30a6","Type":"Concept"}},{"NoteLiteral":"Standard","Subject":{"InScheme":{"Id":"urn:eciu:note","Type":"ConceptScheme"},"PrefLabel":{"En":"Scope"},"Id":"0d2cfcd8-3880-4e2f-94ae-ff15719b30a6","Type":"Concept"}}],"Id":"urn:eciu:learningOpportunity:0d2cfcd8-3880-4e2f-94ae-ff15719b30a6","Type":"LearningOpportunity"}