{"Mode":{"InScheme":{"Id":"http://data.europa.eu/snb/learning-assessment/25831c2","Type":"ConceptScheme"},"PrefLabel":{"En":"Online"},"Id":"http://data.europa.eu/snb/learning-assessment/920fbb3cbe","Type":"Concept"},"DcType":null,"Title":{"En":"Easy Spoken Interaction"},"AdmissionsProcedure":null,"ApplicationDeadline":"2025-05-31","Description":{"En":"This thematic module covers the basic principles of easy spoken interaction. It provides examples from authentic conversations involving speakers who benefit from easy spoken interaction."},"LearningAchievementSpecification":{"EQFLevel":{"InScheme":{"Id":"http://data.europa.eu/snb/eqf/25831c2","Type":"ConceptScheme"},"PrefLabel":{"En":"Level 7"},"Id":"http://data.europa.eu/snb/eqf/7","Type":"Concept"},"CreditPoint":{"Framework":{"InScheme":{"Id":"http://data.europa.eu/snb/education-credit/25831c2","Type":"ConceptScheme"},"PrefLabel":{"En":"European Credit Transfer System"},"Id":"http://data.europa.eu/snb/education-credit/6fcec5c5af","Type":"Concept"},"Point":"1,0","Id":"urn:epass:creditPoint:96bc9ba4-b0d8-ef11-a72f-7c1e5284d832","Type":"CreditPoint"},"LearningOutcome":[{"Title":{"En":"Benefits of easy spoken interaction"},"RelatedESCOSkill":[{"Notation":"Skill","InScheme":{"Id":"http://data.europa.eu/esco/concept-scheme/skills","Type":"ConceptScheme"},"PrefLabel":{"En":"listen actively"},"Id":"http://data.europa.eu/esco/skill/a17286c5-238d-4f0b-bc24-29e9121345de","Type":"Concept"},{"Notation":"Skill","InScheme":{"Id":"http://data.europa.eu/esco/concept-scheme/skills","Type":"ConceptScheme"},"PrefLabel":{"En":"demonstrate consideration"},"Id":"http://data.europa.eu/esco/skill/9d75743b-317a-4bc4-b93f-c72e3ceba377","Type":"Concept"}],"AdditionalNote":{"NoteLiteral":{"En":"The student will understand the benefits of easy spoken interaction to communicate successfully with the target groups."},"Id":"urn:eciu:note:7c9b5ba7-b0d8-ef11-a730-000d3a27c579","Type":"Note"},"Id":"urn:epass:learningOutcome:96bc9ba4-b0d8-ef11-a72f-7c1e5284d832-1","Type":"LearningOutcome"},{"Title":{"En":"Basic principles of easy spoken interaction"},"RelatedESCOSkill":[{"Notation":"Skill","InScheme":{"Id":"http://data.europa.eu/esco/concept-scheme/skills","Type":"ConceptScheme"},"PrefLabel":{"En":"digital competencies"},"Id":"http://data.europa.eu/esco/skill/aeecc330-0be9-419f-bddb-5218de926004","Type":"Concept"}],"AdditionalNote":{"NoteLiteral":{"En":"The student will know the basic principles of easy spoken interaction.\n"},"Id":"urn:eciu:note:c6bc9ba4-b0d8-ef11-a72f-7c1e5284d832","Type":"Note"},"Id":"urn:epass:learningOutcome:96bc9ba4-b0d8-ef11-a72f-7c1e5284d832-2","Type":"LearningOutcome"}],"LearningSetting":null,"Mode":null,"Title":{"En":"Easy Spoken Interaction"},"DcType":null,"HomePage":null,"VolumeOfLearning":null,"Id":"urn:eciu:qualification:96bc9ba4-b0d8-ef11-a72f-7c1e5284d832","Type":"Qualification"},"IsPartOf":{"Mode":null,"DcType":null,"Title":{"En":"Easy Spoken Interaction"},"AdmissionsProcedure":null,"ApplicationDeadline":null,"Description":null,"LearningAchievementSpecification":null,"IsPartOf":null,"Temporal":null,"ProvidedBy":null,"LearningActivitySpecification":null,"BannerImage":null,"MoreInformation":[{"NoteLiteral":"ACC.100","Subject":{"InScheme":{"Id":"urn:eciu:note","Type":"ConceptScheme"},"PrefLabel":{"En":"EducationIdentifier"},"Id":"2ef49ddf-3ed5-ed11-a7c7-6045bd886fac","Type":"Concept"}}],"Id":"urn:eciu:learningOpportunity:2ef49ddf-3ed5-ed11-a7c7-6045bd886fac","Type":"LearningOpportunity"},"Temporal":{"EndDate":"2025-01-22T00:00:00Z","Name":{"En":"Temporal"},"StartDate":"2025-07-31T00:00:00Z"},"ProvidedBy":{"Location":null,"Logo":null,"LegalName":{"En":"TAMPEREEN KORKEAKOULUSAATIO SR (TAU)"},"Registration":null,"Homepage":null,"Id":"urn:eciu:org:8f142831-6a54-ed11-bba2-6045bd886566","Type":"Organisation"},"LearningActivitySpecification":{"Mode":null,"DcType":null,"Title":{"En":""},"Description":null,"MoreInformation":[{"NoteLiteral":"This is a nonstoop MOOC (Massive Open Online course). This means the course is fully online and you can take it at your own pace according to your own schedule.  \n  \nThis MOOC is offered by Tampere University on the DigiCampus platform. Once you have your TUNI credentials, log in to DigiCampus by using the choice \u0022Login with HAKA Account\u0022, select \u0022Tampere Universities\u0022and use your tuni.fi account. In DigiCampus, head over the the course \u0022Methods and technologies for accessibility and their evaluation\u0022.\u00A0The enrolment key is \u002220methods21\u0022. From this module, select the course you applied for.  \n  \nLink to DigiCampus: digicampus.fi/?lang=en  \nDirect link to the course: digicampus.fi/course/view.php?id=1193","Subject":{"InScheme":{"Id":"urn:eciu:note","Type":"ConceptScheme"},"PrefLabel":{"En":"ParticipantInformation"},"Id":"96bc9ba4-b0d8-ef11-a72f-7c1e5284d832","Type":"Concept"}}],"HasPart":null,"Id":"urn:eciu:learningActivitySpec:96bc9ba4-b0d8-ef11-a72f-7c1e5284d832","Type":"LearningActivitySpecification"},"BannerImage":null,"MoreInformation":[{"NoteLiteral":"","Subject":{"InScheme":{"Id":"urn:eciu:note","Type":"ConceptScheme"},"PrefLabel":{"En":"SourceIdentifier"},"Id":"96bc9ba4-b0d8-ef11-a72f-7c1e5284d832","Type":"Concept"}},{"NoteLiteral":"Nonstop MOOC on methods and technologies for accessibility","Subject":{"InScheme":{"Id":"urn:eciu:note","Type":"ConceptScheme"},"PrefLabel":{"En":"SubTitle"},"Id":"96bc9ba4-b0d8-ef11-a72f-7c1e5284d832","Type":"Concept"}},{"NoteLiteral":"This course is part of the larger module \u0022Methods and technologies for accessibility and their evaluation\u0022 which consists of over 25 modules (1 ECT each). If you want to become an expert at creating digitally accessible services, make sure to check them out.","Subject":{"InScheme":{"Id":"urn:eciu:note","Type":"ConceptScheme"},"PrefLabel":{"En":"Introduction"},"Id":"96bc9ba4-b0d8-ef11-a72f-7c1e5284d832","Type":"Concept"}},{"NoteLiteral":"True","Subject":{"InScheme":{"Id":"urn:eciu:note","Type":"ConceptScheme"},"PrefLabel":{"En":"GenerateMicroCredentials"},"Id":"96bc9ba4-b0d8-ef11-a72f-7c1e5284d832","Type":"Concept"}},{"NoteLiteral":"This micromodule is open to all ECIU students and there is no specific admissions process, rather all interested students will have the change to take the course.\u00A0However, the course is mainly targeted to master\u0027s level students. Notice that the course is self-paced and you need to reserve time in your timetable for finishing it.","Subject":{"InScheme":{"Id":"urn:eciu:note","Type":"ConceptScheme"},"PrefLabel":{"En":"AdmissionProcessInformation"},"Id":"96bc9ba4-b0d8-ef11-a72f-7c1e5284d832","Type":"Concept"}},{"NoteLiteral":"True","Subject":{"InScheme":{"Id":"urn:eciu:note","Type":"ConceptScheme"},"PrefLabel":{"En":"SimplifiedAdmissionProcess"},"Id":"96bc9ba4-b0d8-ef11-a72f-7c1e5284d832","Type":"Concept"}},{"NoteLiteral":"2025-01-22","Subject":{"InScheme":{"Id":"urn:eciu:note","Type":"ConceptScheme"},"PrefLabel":{"En":"ApplicationPeriodStartDate"},"Id":"96bc9ba4-b0d8-ef11-a72f-7c1e5284d832","Type":"Concept"}},{"NoteLiteral":"100","Subject":{"InScheme":{"Id":"urn:eciu:note","Type":"ConceptScheme"},"PrefLabel":{"En":"MaximumNumberOfSeats"},"Id":"96bc9ba4-b0d8-ef11-a72f-7c1e5284d832","Type":"Concept"}},{"NoteLiteral":"False","Subject":{"InScheme":{"Id":"urn:eciu:note","Type":"ConceptScheme"},"PrefLabel":{"En":"ECIULMSENabled"},"Id":"96bc9ba4-b0d8-ef11-a72f-7c1e5284d832","Type":"Concept"}},{"NoteLiteral":"","Subject":{"InScheme":{"Id":"urn:eciu:note","Type":"ConceptScheme"},"PrefLabel":{"En":"LMSUrl"},"Id":"96bc9ba4-b0d8-ef11-a72f-7c1e5284d832","Type":"Concept"}},{"NoteLiteral":"","Subject":{"InScheme":{"Id":"urn:eciu:note","Type":"ConceptScheme"},"PrefLabel":{"En":"TeamAccessDate"},"Id":"96bc9ba4-b0d8-ef11-a72f-7c1e5284d832","Type":"Concept"}},{"NoteLiteral":"false","Subject":{"InScheme":{"Id":"urn:eciu:note","Type":"ConceptScheme"},"PrefLabel":{"En":"SelfPaced"},"Id":"96bc9ba4-b0d8-ef11-a72f-7c1e5284d832","Type":"Concept"}},{"NoteLiteral":"10","Subject":{"InScheme":{"Id":"urn:eciu:note","Type":"ConceptScheme"},"PrefLabel":{"En":"Pace"},"Id":"96bc9ba4-b0d8-ef11-a72f-7c1e5284d832","Type":"Concept"}},{"NoteLiteral":"Standard","Subject":{"InScheme":{"Id":"urn:eciu:note","Type":"ConceptScheme"},"PrefLabel":{"En":"Scope"},"Id":"96bc9ba4-b0d8-ef11-a72f-7c1e5284d832","Type":"Concept"}}],"Id":"urn:eciu:learningOpportunity:96bc9ba4-b0d8-ef11-a72f-7c1e5284d832","Type":"LearningOpportunity"}