{"Mode":{"InScheme":{"Id":"http://data.europa.eu/snb/learning-assessment/25831c2","Type":"ConceptScheme"},"PrefLabel":{"En":"Blended"},"Id":"http://data.europa.eu/snb/learning-assessment/e92d221e4d","Type":"Concept"},"DcType":null,"Title":{"En":"Engaging with the Futures - Resilient Communities"},"AdmissionsProcedure":null,"ApplicationDeadline":"2025-01-28","Description":{"En":"Which benefits spill on society and local communities when we are able to explore multiple\u00A0 implications of socio-economic factors and prospective geopolitical events? How is dealing professionally with the future as a study object? What type of mindset and study career is needed for developing a rigorous methodological framework in future studies?\n\nThese questions are among the ones that the participants to ECIU Challenge 2025 \u2018Engaging with the Future\u2019 will address and research: they will be involved in an innovative learning environment, dealing with in-presence participatory workshops and lectures and online meetings and seminars with experts and academics. Collaborating in groups and supported by tutors, students are also called to challenge the world with a visionary attitude in formulating ideas about new educational paths and multidisciplinary competencies for \u2018Engaging with the futures\u2019.\n\nWithin the ECIU educational framework, participants\u00A0 (BA and MA students), researchers and professionals dealing with future studies and related issues will imagine how anticipatory perspectives can be stimulated at the individual and social level and discuss the possible interconnections between disciplines (anthropology of the future, foresight and scenario planning, risks and disasters anticipatory plans) and across relevant global issues (demographic crisis, ecological transformations, social and political hysteresis, cultural changes).\n\nThe 2025 edition of the Challenge will offer in-presence lectures by researchers of both Trento and Linkoping University (Poli, Odella, Foradori, Fredrickson, Dahlin), participatory workshops and online seminars with international experts and professionals of Social Foresight.\u00A0 Innovative learning models will be implemented in classes and assessments evaluation, encouraging students\u0027 creativity and critical thought; each group of participants will be supervised by Teamchers that will assist them in dealing with their projects and progressing in their learning paths. Finally, issues related to European innovation and cultural diversity could also be explored during the two weeks of international mobility (Soi, Trento and Norrkoping Campus, Sweden) during meetings with community and institutional representatives that may contribute to enrich the participants\u2019 educational experience."},"LearningAchievementSpecification":{"EQFLevel":{"InScheme":{"Id":"http://data.europa.eu/snb/eqf/25831c2","Type":"ConceptScheme"},"PrefLabel":{"En":"Level 7"},"Id":"http://data.europa.eu/snb/eqf/7","Type":"Concept"},"CreditPoint":{"Framework":{"InScheme":{"Id":"http://data.europa.eu/snb/education-credit/25831c2","Type":"ConceptScheme"},"PrefLabel":{"En":"European Credit Transfer System"},"Id":"http://data.europa.eu/snb/education-credit/6fcec5c5af","Type":"Concept"},"Point":"4,0","Id":"urn:epass:creditPoint:9fb05015-7acb-4b0c-b359-b87251fa73d7","Type":"CreditPoint"},"LearningOutcome":[{"Title":{"En":"Problem Analysis"},"RelatedESCOSkill":[{"Notation":"Skill","InScheme":{"Id":"http://data.europa.eu/esco/concept-scheme/skills","Type":"ConceptScheme"},"PrefLabel":{"En":"solve problems"},"Id":"http://data.europa.eu/esco/skill/adc6dc11-3376-467b-96c5-9b0a21edc869","Type":"Concept"}],"AdditionalNote":{"NoteLiteral":{"En":"Analyze the problem, the challenge provider and the challenge itself by gathering information in creative ways"},"Id":"urn:eciu:note:fb22a7bd-37b2-ef11-b8e8-6045bd9640df","Type":"Note"},"Id":"urn:epass:learningOutcome:9fb05015-7acb-4b0c-b359-b87251fa73d7-1","Type":"LearningOutcome"},{"Title":{"En":"Resilient Communities"},"RelatedESCOSkill":[{"Notation":"Skill","InScheme":{"Id":"http://data.europa.eu/esco/concept-scheme/skills","Type":"ConceptScheme"},"PrefLabel":{"En":"assist community"},"Id":"http://data.europa.eu/esco/skill/fb26857b-1f50-4a30-889d-abb599ffece9","Type":"Concept"},{"Notation":"Skill","InScheme":{"Id":"http://data.europa.eu/esco/concept-scheme/skills","Type":"ConceptScheme"},"PrefLabel":{"En":"work within communities"},"Id":"http://data.europa.eu/esco/skill/28ca2f0b-9fb2-487a-9f10-9688e5191ec4","Type":"Concept"}],"AdditionalNote":{"NoteLiteral":{"En":"The sustained ability of a community to use available resources (energy, communication, transportation, food, etc.) to respond to, withstand, and recover from adverse situations."},"Id":"urn:eciu:note:baf773fd-37b2-ef11-b8e8-6045bd9640df","Type":"Note"},"Id":"urn:epass:learningOutcome:9fb05015-7acb-4b0c-b359-b87251fa73d7-2","Type":"LearningOutcome"},{"Title":{"En":"Creativity"},"RelatedESCOSkill":[{"Notation":"Skill","InScheme":{"Id":"http://data.europa.eu/esco/concept-scheme/skills","Type":"ConceptScheme"},"PrefLabel":{"En":"think holistically"},"Id":"http://data.europa.eu/esco/skill/d56e2c2f-3e01-4b76-a7bb-ecb6d430172f","Type":"Concept"},{"Notation":"Skill","InScheme":{"Id":"http://data.europa.eu/esco/concept-scheme/skills","Type":"ConceptScheme"},"PrefLabel":{"En":"think creatively"},"Id":"http://data.europa.eu/esco/skill/c624c6a3-b0ba-4a31-a296-0d433fe47e41","Type":"Concept"}],"AdditionalNote":{"NoteLiteral":{"En":"The use of imagination or original ideas to create solutions."},"Id":"urn:eciu:note:28d26e70-38b2-ef11-b8e8-6045bd9640df","Type":"Note"},"Id":"urn:epass:learningOutcome:9fb05015-7acb-4b0c-b359-b87251fa73d7-3","Type":"LearningOutcome"}],"LearningSetting":null,"Mode":null,"Title":{"En":"Engaging with the Futures - Resilient Communities"},"DcType":null,"HomePage":null,"VolumeOfLearning":null,"Id":"urn:eciu:qualification:9fb05015-7acb-4b0c-b359-b87251fa73d7","Type":"Qualification"},"IsPartOf":{"Mode":null,"DcType":null,"Title":{"En":"Engaging with the Futures - Resilient Communities"},"AdmissionsProcedure":null,"ApplicationDeadline":null,"Description":null,"LearningAchievementSpecification":null,"IsPartOf":null,"Temporal":null,"ProvidedBy":null,"LearningActivitySpecification":null,"BannerImage":null,"MoreInformation":null,"Id":"urn:eciu:learningOpportunity:b4c83507-37b2-ef11-b8e8-6045bd9640df","Type":"LearningOpportunity"},"Temporal":{"EndDate":"2025-02-17T00:00:00Z","Name":{"En":"Temporal"},"StartDate":"2025-05-29T00:00:00Z"},"ProvidedBy":{"Location":null,"Logo":null,"LegalName":{"En":"UNIVERSITA DEGLI STUDI DI TRENTO (UNITN)"},"Registration":null,"Homepage":null,"Id":"urn:eciu:org:c7bc8551-6a54-ed11-bba2-6045bd886566","Type":"Organisation"},"LearningActivitySpecification":{"Mode":null,"DcType":null,"Title":{"En":""},"Description":null,"MoreInformation":[{"NoteLiteral":"The Challenge is a mix of compulsory online and in-presence activities in Trento and Linkoping. Check calendar here:\u00A0[https://www.soi.unitn.it/micromodules/engaging-with-the-future/](https://www.soi.unitn.it/micromodules/engaging-with-the-future/)","Subject":{"InScheme":{"Id":"urn:eciu:note","Type":"ConceptScheme"},"PrefLabel":{"En":"ParticipantInformation"},"Id":"9fb05015-7acb-4b0c-b359-b87251fa73d7","Type":"Concept"}}],"HasPart":null,"Id":"urn:eciu:learningActivitySpec:9fb05015-7acb-4b0c-b359-b87251fa73d7","Type":"LearningActivitySpecification"},"BannerImage":null,"MoreInformation":[{"NoteLiteral":"","Subject":{"InScheme":{"Id":"urn:eciu:note","Type":"ConceptScheme"},"PrefLabel":{"En":"SourceIdentifier"},"Id":"9fb05015-7acb-4b0c-b359-b87251fa73d7","Type":"Concept"}},{"NoteLiteral":"Developing competences and a critical mindset to look ahead for Global Challenges and Socio-Economic Transformations","Subject":{"InScheme":{"Id":"urn:eciu:note","Type":"ConceptScheme"},"PrefLabel":{"En":"SubTitle"},"Id":"9fb05015-7acb-4b0c-b359-b87251fa73d7","Type":"Concept"}},{"NoteLiteral":"The initiative aims at exploring a prospective educational path for \u2018futures experts\u2019 or futurists and specifically the multidisciplinary experiences that provide a forma mentis to anticipate complex phenomena such as systemic disruptions and ecological changes, and the capacity to cope with their related social, economic and political impacts on European and global societies. In accordance with this aim the stakeholder of 2025 edition of the Challenge will be the Master in Social Foresigh of the University of Trento, hosting Prof. Poli, Unesco Chair in Anticipation Theory.","Subject":{"InScheme":{"Id":"urn:eciu:note","Type":"ConceptScheme"},"PrefLabel":{"En":"Introduction"},"Id":"9fb05015-7acb-4b0c-b359-b87251fa73d7","Type":"Concept"}},{"NoteLiteral":"True","Subject":{"InScheme":{"Id":"urn:eciu:note","Type":"ConceptScheme"},"PrefLabel":{"En":"GenerateMicroCredentials"},"Id":"9fb05015-7acb-4b0c-b359-b87251fa73d7","Type":"Concept"}},{"NoteLiteral":"To apply, please upload:\n\n- your CV in English;\n- if available, the English language certification\n- a brief motivational letter (1.000 characters) OR a motivational video (max 40\u2019\u2019, preferably youtube link) where you explain WHY you are interested in THIS learning opportunity.\n- Transcript of records\n\nPlease identify your Applicant status:\n\n1-UniTrento PhD or Student\n\n2-ECIU student\n\n3-Erasmus\u002B or Bilateral agreement student (in Trento for the whole semester)\n\n4- BIP Student (Blended intensive program Student (external to ECIU network) who plans to join Trento only to attend\u00A0 a challenge).\n\n5-Other (extra fees may apply)\n\nStatus 1, 2 and 3 applicants need to submit two applications (similar documents, same deadline on 28 January 2025):\n\n[SOI admission apply 2024/25 - S2](https://webapps.unitn.it/Apply/it/Web/Home/serv-studenti)\n\n[ECIU Admission application](https://engage.eciu.eu/browse?universityIds=c7bc8551-6a54-ed11-bba2-6045bd886566\u0026amp;learningOppStatuses=1)\n\nStatus 4 and 5 applicants only submit their application in the\u00A0[SOI admission apply 2024/25 - S2](https://webapps.unitn.it/Apply/it/Web/Home/serv-studenti)\n\n[Here](https://www.soi.unitn.it/wp-content/uploads/2024/06/Applying_to_SOI_ECIU_activities.docx.pdf)you can find guidelines on the application process","Subject":{"InScheme":{"Id":"urn:eciu:note","Type":"ConceptScheme"},"PrefLabel":{"En":"AdmissionProcessInformation"},"Id":"9fb05015-7acb-4b0c-b359-b87251fa73d7","Type":"Concept"}},{"NoteLiteral":"False","Subject":{"InScheme":{"Id":"urn:eciu:note","Type":"ConceptScheme"},"PrefLabel":{"En":"SimplifiedAdmissionProcess"},"Id":"9fb05015-7acb-4b0c-b359-b87251fa73d7","Type":"Concept"}},{"NoteLiteral":"2024-12-19","Subject":{"InScheme":{"Id":"urn:eciu:note","Type":"ConceptScheme"},"PrefLabel":{"En":"ApplicationPeriodStartDate"},"Id":"9fb05015-7acb-4b0c-b359-b87251fa73d7","Type":"Concept"}},{"NoteLiteral":"30","Subject":{"InScheme":{"Id":"urn:eciu:note","Type":"ConceptScheme"},"PrefLabel":{"En":"MaximumNumberOfSeats"},"Id":"9fb05015-7acb-4b0c-b359-b87251fa73d7","Type":"Concept"}},{"NoteLiteral":"False","Subject":{"InScheme":{"Id":"urn:eciu:note","Type":"ConceptScheme"},"PrefLabel":{"En":"ECIULMSENabled"},"Id":"9fb05015-7acb-4b0c-b359-b87251fa73d7","Type":"Concept"}},{"NoteLiteral":"","Subject":{"InScheme":{"Id":"urn:eciu:note","Type":"ConceptScheme"},"PrefLabel":{"En":"LMSUrl"},"Id":"9fb05015-7acb-4b0c-b359-b87251fa73d7","Type":"Concept"}},{"NoteLiteral":"","Subject":{"InScheme":{"Id":"urn:eciu:note","Type":"ConceptScheme"},"PrefLabel":{"En":"TeamAccessDate"},"Id":"9fb05015-7acb-4b0c-b359-b87251fa73d7","Type":"Concept"}},{"NoteLiteral":"false","Subject":{"InScheme":{"Id":"urn:eciu:note","Type":"ConceptScheme"},"PrefLabel":{"En":"SelfPaced"},"Id":"9fb05015-7acb-4b0c-b359-b87251fa73d7","Type":"Concept"}},{"NoteLiteral":"0","Subject":{"InScheme":{"Id":"urn:eciu:note","Type":"ConceptScheme"},"PrefLabel":{"En":"Pace"},"Id":"9fb05015-7acb-4b0c-b359-b87251fa73d7","Type":"Concept"}},{"NoteLiteral":"Standard","Subject":{"InScheme":{"Id":"urn:eciu:note","Type":"ConceptScheme"},"PrefLabel":{"En":"Scope"},"Id":"9fb05015-7acb-4b0c-b359-b87251fa73d7","Type":"Concept"}}],"Id":"urn:eciu:learningOpportunity:9fb05015-7acb-4b0c-b359-b87251fa73d7","Type":"LearningOpportunity"}