{"Mode":{"InScheme":{"Id":"http://data.europa.eu/snb/learning-assessment/25831c2","Type":"ConceptScheme"},"PrefLabel":{"En":"Blended"},"Id":"http://data.europa.eu/snb/learning-assessment/e92d221e4d","Type":"Concept"},"DcType":null,"Title":{"En":"Empathy, Compassion and Meaning"},"AdmissionsProcedure":{"NoteLiteral":{"En":"For whom?\nThis challenge is open to PhD students from all fields.\n\nAdmission requirements\nYou must upload a confirmation of your PhD student status from your home university\nYou must fill inn all the fields in the form linked under the application information section. This information is required to complete the admission process at University of Stavanger.\n\nAdmission process\nWe process applications toward the end of the application period. If your application is accepted, you will receive an offer sent to your ECIU email address.\nPlease remember to check your ECIU email and spam folder regularly, and note that you have 7 days to accept the offer."},"Id":"urn:eciu:note:4069378a-a5dd-4bc2-9e4e-e2af818370b0","Type":"Note"},"ApplicationDeadline":"2025-06-13","Description":{"En":"This transdisciplinary course will put doctoral fellow candidates at the front of knowledge, and with participatory research skills for research based on empathy, compassion and meaning. We offer this course in the believe that universities are not only to prepare doctoral candidates on how to do research, but to prepare scholars to do research that is implemented in ways that helps others and contributes to the better good in the world, and in accordance to the UN Sustainable Development Goals."},"LearningAchievementSpecification":{"EQFLevel":{"InScheme":{"Id":"http://data.europa.eu/snb/eqf/25831c2","Type":"ConceptScheme"},"PrefLabel":{"En":"Level 8"},"Id":"http://data.europa.eu/snb/eqf/8","Type":"Concept"},"CreditPoint":{"Framework":{"InScheme":{"Id":"http://data.europa.eu/snb/education-credit/25831c2","Type":"ConceptScheme"},"PrefLabel":{"En":"European Credit Transfer System"},"Id":"http://data.europa.eu/snb/education-credit/6fcec5c5af","Type":"Concept"},"Point":"5,0","Id":"urn:epass:creditPoint:4069378a-a5dd-4bc2-9e4e-e2af818370b0","Type":"CreditPoint"},"LearningOutcome":[{"Title":{"En":"Knowledge"},"RelatedESCOSkill":[{"Notation":"Skill","InScheme":{"Id":"http://data.europa.eu/esco/concept-scheme/skills","Type":"ConceptScheme"},"PrefLabel":{"En":"create new concepts"},"Id":"http://data.europa.eu/esco/skill/f08e2bd6-0366-4948-a670-1f03f130126f","Type":"Concept"}],"AdditionalNote":{"NoteLiteral":{"En":"Upon course completion, the candidate has advanced theoretical knowledge about the contributions from different traditions in the study of empathy, compassion and meaning; contributes significant to the development and documentation of new research-based knowledge and practices in empathy, compassion, and meaning."},"Id":"urn:eciu:note:a7318952-cb96-ef11-8a69-000d3a2dcac6","Type":"Note"},"Id":"urn:epass:learningOutcome:4069378a-a5dd-4bc2-9e4e-e2af818370b0-1","Type":"LearningOutcome"},{"Title":{"En":"Skills"},"RelatedESCOSkill":[{"Notation":"Skill","InScheme":{"Id":"http://data.europa.eu/esco/concept-scheme/skills","Type":"ConceptScheme"},"PrefLabel":{"En":"show empathy"},"Id":"http://data.europa.eu/esco/skill/77b636e8-fab3-41a8-8022-1e0a354059dc","Type":"Concept"},{"Notation":"Skill","InScheme":{"Id":"http://data.europa.eu/esco/concept-scheme/skills","Type":"ConceptScheme"},"PrefLabel":{"En":"demonstrate consideration"},"Id":"http://data.europa.eu/esco/skill/9d75743b-317a-4bc4-b93f-c72e3ceba377","Type":"Concept"},{"Notation":"Skill","InScheme":{"Id":"http://data.europa.eu/esco/concept-scheme/skills","Type":"ConceptScheme"},"PrefLabel":{"En":"work in teams"},"Id":"http://data.europa.eu/esco/skill/60c78287-22eb-4103-9c8c-28deaa460da0","Type":"Concept"},{"Notation":"Skill","InScheme":{"Id":"http://data.europa.eu/esco/concept-scheme/skills","Type":"ConceptScheme"},"PrefLabel":{"En":"exercise self-reflection"},"Id":"http://data.europa.eu/esco/skill/409a0245-0e6c-4aac-ba16-0920ecb76a8d","Type":"Concept"}],"AdditionalNote":{"NoteLiteral":{"En":"Upon course completion, the candidate can challenge established knowledge and practices in the fields of empathy, compassion and meaning; plan and conduct research that addresses issues of empathy, compassion and meaning in their projects in a reflective way; handle complex issues about the impact that our own emotions and values, as well as those of others, have in mental health and well-being."},"Id":"urn:eciu:note:c22fb46a-cb96-ef11-8a69-000d3a2dcac6","Type":"Note"},"Id":"urn:epass:learningOutcome:4069378a-a5dd-4bc2-9e4e-e2af818370b0-2","Type":"LearningOutcome"},{"Title":{"En":"General Competence"},"RelatedESCOSkill":[{"Notation":"Skill","InScheme":{"Id":"http://data.europa.eu/esco/concept-scheme/skills","Type":"ConceptScheme"},"PrefLabel":{"En":"follow environmentally-sustainable work practices"},"Id":"http://data.europa.eu/esco/skill/a992f345-7c06-4982-8fc9-5fab55e316af","Type":"Concept"},{"Notation":"Skill","InScheme":{"Id":"http://data.europa.eu/esco/concept-scheme/skills","Type":"ConceptScheme"},"PrefLabel":{"En":"project management"},"Id":"http://data.europa.eu/esco/skill/7111b95d-0ce3-441a-9d92-4c75d05c4388","Type":"Concept"},{"Notation":"Skill","InScheme":{"Id":"http://data.europa.eu/esco/concept-scheme/skills","Type":"ConceptScheme"},"PrefLabel":{"En":"keep an open mind"},"Id":"http://data.europa.eu/esco/skill/fd89f784-88dc-4d35-abd7-86aa073cab12","Type":"Concept"},{"Notation":"Skill","InScheme":{"Id":"http://data.europa.eu/esco/concept-scheme/skills","Type":"ConceptScheme"},"PrefLabel":{"En":"deal with uncertainty"},"Id":"http://data.europa.eu/esco/skill/A1.5","Type":"Concept"}],"AdditionalNote":{"NoteLiteral":{"En":"After completing the course, the candidate should be able to identify and critically evaluate relevant ethical dilemmas around empathy, compassion and meaning in research, as well as respond to these with scholarly integrity; assess the need for, as well as initiate and practice transdisciplinary and innovative collaborations in research based on the principles of empathy, compassion and meaning; critically reflect about the epistemological and ontological implications of different understandings of empathy, compassion and meaning."},"Id":"urn:eciu:note:7d0e0d7d-cb96-ef11-8a69-000d3a2dcac6","Type":"Note"},"Id":"urn:epass:learningOutcome:4069378a-a5dd-4bc2-9e4e-e2af818370b0-3","Type":"LearningOutcome"}],"LearningSetting":null,"Mode":null,"Title":{"En":"Empathy, Compassion and Meaning"},"DcType":null,"HomePage":null,"VolumeOfLearning":null,"Id":"urn:eciu:qualification:4069378a-a5dd-4bc2-9e4e-e2af818370b0","Type":"Qualification"},"IsPartOf":{"Mode":null,"DcType":null,"Title":{"En":"Empathy, Compassion and Meaning"},"AdmissionsProcedure":null,"ApplicationDeadline":null,"Description":null,"LearningAchievementSpecification":null,"IsPartOf":null,"Temporal":null,"ProvidedBy":null,"LearningActivitySpecification":null,"BannerImage":null,"MoreInformation":null,"Id":"urn:eciu:learningOpportunity:880e055b-c896-ef11-8a69-000d3a2dcac6","Type":"LearningOpportunity"},"Temporal":{"EndDate":"2025-08-18T00:00:00Z","Name":{"En":"Temporal"},"StartDate":"2025-10-03T00:00:00Z"},"ProvidedBy":{"Location":null,"Logo":null,"LegalName":{"En":"UNIVERSITETET I STAVANGER (UiS)"},"Registration":null,"Homepage":null,"Id":"urn:eciu:org:8586884b-6a54-ed11-bba2-6045bd886566","Type":"Organisation"},"LearningActivitySpecification":{"Mode":null,"DcType":null,"Title":{"En":""},"Description":null,"MoreInformation":[{"NoteLiteral":"**For whom?**\n\nThis challenge is open to PhD students from all fields, as well as staff holding a PhD.\n\n**When?**\n\nThe course is conducted on campus at University of Stavanger from 25-29 August 2025. Please note that all students must attend the full week.\n\nThere will be an online introduction of the challenge on 18 August.\n\n**Challenge structure:**\n\nCandidates draft a case based on their project concerning their participants, users, their collaborator partners or team, and analyze it through the angles of empathy, compassion, and meaning theories.\n\nPlease see a link to the course here:\u00A0[Empathy, Compassion and Meaning: Theory and participatory approaches](https://www.uis.no/en/course/PHD304_1)\n\n**Exams and assessment**\n\nThe course will be assessed via a\u00A04000 words\u00A0\u002B/- 10%\u00A0(excluding references)\u00A0paper that includes:\n\n- A case formulation\u00A0related to their PhD project, where empathy, compassion and meaning are at stake. This is to include\u00A0a description of\u00A0\u00A0the\u00A0possibilities and challenges of \u00A0implementing theories within empathy, compassion and meaning in their project.\n- An analysis\u00A0of how the challenges identified in the case will be addressed to ensure that the people involved can experience trust, inclusivity, and perceive empathy, compassion and meaning. This formulation will be solution-oriented and provide, if applicable, perspectives on user-involvement.\n- A\u00A0reflexivity statement where the candidate critically reflects upon the possibilities\u00A0and limits of empathy, compassion and meaning\u00A0towards the challenges portrayed in the case.\n\nThe assessment is graded on a pass/not pass basis and must be completed within five weeks after the course has finished (Friday 3 October 2025).  \n\n**Funding to travel?**\n\nPlease contact your local/home university to check out the possibility to apply for funding for the travel and stay (mobility support). There might be an early deadline for this, so check this out as soon as you can.\n\n**Housing and travel**\n\nDue to the difficult housing situation in Stavanger, UiS cannot provide accommodation for shortterm international students. Therefore, you will have to find housing on the private market.\n\nPlease note that you are responsible for organizing your own travel.","Subject":{"InScheme":{"Id":"urn:eciu:note","Type":"ConceptScheme"},"PrefLabel":{"En":"ParticipantInformation"},"Id":"4069378a-a5dd-4bc2-9e4e-e2af818370b0","Type":"Concept"}}],"HasPart":null,"Id":"urn:eciu:learningActivitySpec:4069378a-a5dd-4bc2-9e4e-e2af818370b0","Type":"LearningActivitySpecification"},"BannerImage":null,"MoreInformation":[{"NoteLiteral":"","Subject":{"InScheme":{"Id":"urn:eciu:note","Type":"ConceptScheme"},"PrefLabel":{"En":"SourceIdentifier"},"Id":"4069378a-a5dd-4bc2-9e4e-e2af818370b0","Type":"Concept"}},{"NoteLiteral":"Theory and participatory approaches","Subject":{"InScheme":{"Id":"urn:eciu:note","Type":"ConceptScheme"},"PrefLabel":{"En":"SubTitle"},"Id":"4069378a-a5dd-4bc2-9e4e-e2af818370b0","Type":"Concept"}},{"NoteLiteral":"This transdisciplinary course will put doctoral fellow candidates at the front of knowledge, and with participatory research skills for research based on empathy, compassion and meaning. We offer this course in the believe that universities are not only to prepare doctoral candidates on how to do research, but to prepare scholars to do research that is implemented in ways that helps others and contributes to the better good in the world, and in accordance to the UN Sustainable Development Goals.","Subject":{"InScheme":{"Id":"urn:eciu:note","Type":"ConceptScheme"},"PrefLabel":{"En":"Introduction"},"Id":"4069378a-a5dd-4bc2-9e4e-e2af818370b0","Type":"Concept"}},{"NoteLiteral":"True","Subject":{"InScheme":{"Id":"urn:eciu:note","Type":"ConceptScheme"},"PrefLabel":{"En":"GenerateMicroCredentials"},"Id":"4069378a-a5dd-4bc2-9e4e-e2af818370b0","Type":"Concept"}},{"NoteLiteral":"**For whom?**\n\nThis challenge is open to PhD students from all fields, as well as staff holding a PhD.\n\n**Admission requirements**\n\n- You must upload a confirmation of your PhD student status from your home university, or documentation showing your completed PhD.\n- You must fill inn all the fields in this form: [personal information registration](https://nettskjema.no/a/479632). This information is required to complete the admission process at University of Stavanger.\n\n**Admission process**\n\nWe process applications throughout the application period. If your application is accepted, you will receive an offer sent to your ECIU email address.\n\nPlease remember to check your ECIU email and spam folder regularly, and note that you have 7 days to accept the offer.","Subject":{"InScheme":{"Id":"urn:eciu:note","Type":"ConceptScheme"},"PrefLabel":{"En":"AdmissionProcessInformation"},"Id":"4069378a-a5dd-4bc2-9e4e-e2af818370b0","Type":"Concept"}},{"NoteLiteral":"False","Subject":{"InScheme":{"Id":"urn:eciu:note","Type":"ConceptScheme"},"PrefLabel":{"En":"SimplifiedAdmissionProcess"},"Id":"4069378a-a5dd-4bc2-9e4e-e2af818370b0","Type":"Concept"}},{"NoteLiteral":"2025-02-28","Subject":{"InScheme":{"Id":"urn:eciu:note","Type":"ConceptScheme"},"PrefLabel":{"En":"ApplicationPeriodStartDate"},"Id":"4069378a-a5dd-4bc2-9e4e-e2af818370b0","Type":"Concept"}},{"NoteLiteral":"20","Subject":{"InScheme":{"Id":"urn:eciu:note","Type":"ConceptScheme"},"PrefLabel":{"En":"MaximumNumberOfSeats"},"Id":"4069378a-a5dd-4bc2-9e4e-e2af818370b0","Type":"Concept"}},{"NoteLiteral":"False","Subject":{"InScheme":{"Id":"urn:eciu:note","Type":"ConceptScheme"},"PrefLabel":{"En":"ECIULMSENabled"},"Id":"4069378a-a5dd-4bc2-9e4e-e2af818370b0","Type":"Concept"}},{"NoteLiteral":"","Subject":{"InScheme":{"Id":"urn:eciu:note","Type":"ConceptScheme"},"PrefLabel":{"En":"LMSUrl"},"Id":"4069378a-a5dd-4bc2-9e4e-e2af818370b0","Type":"Concept"}},{"NoteLiteral":"","Subject":{"InScheme":{"Id":"urn:eciu:note","Type":"ConceptScheme"},"PrefLabel":{"En":"TeamAccessDate"},"Id":"4069378a-a5dd-4bc2-9e4e-e2af818370b0","Type":"Concept"}},{"NoteLiteral":"false","Subject":{"InScheme":{"Id":"urn:eciu:note","Type":"ConceptScheme"},"PrefLabel":{"En":"SelfPaced"},"Id":"4069378a-a5dd-4bc2-9e4e-e2af818370b0","Type":"Concept"}},{"NoteLiteral":"35","Subject":{"InScheme":{"Id":"urn:eciu:note","Type":"ConceptScheme"},"PrefLabel":{"En":"Pace"},"Id":"4069378a-a5dd-4bc2-9e4e-e2af818370b0","Type":"Concept"}},{"NoteLiteral":"Standard","Subject":{"InScheme":{"Id":"urn:eciu:note","Type":"ConceptScheme"},"PrefLabel":{"En":"Scope"},"Id":"4069378a-a5dd-4bc2-9e4e-e2af818370b0","Type":"Concept"}}],"Id":"urn:eciu:learningOpportunity:4069378a-a5dd-4bc2-9e4e-e2af818370b0","Type":"LearningOpportunity"}