{"Mode":{"InScheme":{"Id":"http://data.europa.eu/snb/learning-assessment/25831c2","Type":"ConceptScheme"},"PrefLabel":{"En":"Online"},"Id":"http://data.europa.eu/snb/learning-assessment/920fbb3cbe","Type":"Concept"},"DcType":null,"Title":{"En":"Basics of Social Challenges"},"AdmissionsProcedure":null,"ApplicationDeadline":"2025-01-28","Description":{"En":"Course Content summary  \n\n\u2013 Defining social challenges  \n\n\u2013 the Engage-Investigate-Act  \n\n\u2013 Creativity and collaboration  \n\n\u2013 The helicopter view  \n\n\u2013 The goal: develop a useful, innovative and feasible project"},"LearningAchievementSpecification":{"EQFLevel":{"InScheme":{"Id":"http://data.europa.eu/snb/eqf/25831c2","Type":"ConceptScheme"},"PrefLabel":{"En":"Level 7"},"Id":"http://data.europa.eu/snb/eqf/7","Type":"Concept"},"CreditPoint":{"Framework":{"InScheme":{"Id":"http://data.europa.eu/snb/education-credit/25831c2","Type":"ConceptScheme"},"PrefLabel":{"En":"European Credit Transfer System"},"Id":"http://data.europa.eu/snb/education-credit/6fcec5c5af","Type":"Concept"},"Point":"1,0","Id":"urn:epass:creditPoint:65d6208d-5649-4323-967f-a5b030b0df3e","Type":"CreditPoint"},"LearningOutcome":[{"Title":{"En":"Problem Analysis"},"RelatedESCOSkill":[],"AdditionalNote":{"NoteLiteral":{"En":"Learn to focus on the problem before jumping to conclusions"},"Id":"urn:eciu:note:01118654-fcb2-ef11-b8e8-6045bd97c7c0","Type":"Note"},"Id":"urn:epass:learningOutcome:65d6208d-5649-4323-967f-a5b030b0df3e-1","Type":"LearningOutcome"},{"Title":{"En":"Challenge-based Learning"},"RelatedESCOSkill":[],"AdditionalNote":{"NoteLiteral":{"En":"Understand what is a challenge\nUnderstand how to approach a new challenge and participate with greater confidence"},"Id":"urn:eciu:note:3526ea06-fdb2-ef11-b8e8-6045bd97c7c0","Type":"Note"},"Id":"urn:epass:learningOutcome:65d6208d-5649-4323-967f-a5b030b0df3e-2","Type":"LearningOutcome"}],"LearningSetting":null,"Mode":null,"Title":{"En":"Basics of Social Challenges"},"DcType":null,"HomePage":null,"VolumeOfLearning":null,"Id":"urn:eciu:qualification:65d6208d-5649-4323-967f-a5b030b0df3e","Type":"Qualification"},"IsPartOf":{"Mode":null,"DcType":null,"Title":{"En":"Basics of Social Challenges"},"AdmissionsProcedure":null,"ApplicationDeadline":null,"Description":null,"LearningAchievementSpecification":null,"IsPartOf":null,"Temporal":null,"ProvidedBy":null,"LearningActivitySpecification":null,"BannerImage":null,"MoreInformation":null,"Id":"urn:eciu:learningOpportunity:ece9938b-fab2-ef11-b8e8-6045bd97c7c0","Type":"LearningOpportunity"},"Temporal":{"EndDate":"2025-02-17T00:00:00Z","Name":{"En":"Temporal"},"StartDate":"2025-05-31T00:00:00Z"},"ProvidedBy":{"Location":null,"Logo":null,"LegalName":{"En":"UNIVERSITA DEGLI STUDI DI TRENTO (UNITN)"},"Registration":null,"Homepage":null,"Id":"urn:eciu:org:c7bc8551-6a54-ed11-bba2-6045bd886566","Type":"Organisation"},"LearningActivitySpecification":{"Mode":null,"DcType":null,"Title":{"En":""},"Description":null,"MoreInformation":[{"NoteLiteral":"Check the calendar\u00A0[HERE.](https://www.soi.unitn.it/micromodules/basics-of-social-challenges/)","Subject":{"InScheme":{"Id":"urn:eciu:note","Type":"ConceptScheme"},"PrefLabel":{"En":"ParticipantInformation"},"Id":"65d6208d-5649-4323-967f-a5b030b0df3e","Type":"Concept"}}],"HasPart":null,"Id":"urn:eciu:learningActivitySpec:65d6208d-5649-4323-967f-a5b030b0df3e","Type":"LearningActivitySpecification"},"BannerImage":null,"MoreInformation":[{"NoteLiteral":"","Subject":{"InScheme":{"Id":"urn:eciu:note","Type":"ConceptScheme"},"PrefLabel":{"En":"SourceIdentifier"},"Id":"65d6208d-5649-4323-967f-a5b030b0df3e","Type":"Concept"}},{"NoteLiteral":"","Subject":{"InScheme":{"Id":"urn:eciu:note","Type":"ConceptScheme"},"PrefLabel":{"En":"SubTitle"},"Id":"65d6208d-5649-4323-967f-a5b030b0df3e","Type":"Concept"}},{"NoteLiteral":"This course defines challenges and analyzes the major actors and institutions involved, along with the crucial role of students (their creativity and ability to turn good ideas into sound projects) in finding meaningful innovative solutions to real problems.\nSpecifically, social challenges will be defined in class and experienced by students using the Engage-Investigate-Act approach applied in the ECIU (European Consortium of Innovative Universities) network.","Subject":{"InScheme":{"Id":"urn:eciu:note","Type":"ConceptScheme"},"PrefLabel":{"En":"Introduction"},"Id":"65d6208d-5649-4323-967f-a5b030b0df3e","Type":"Concept"}},{"NoteLiteral":"True","Subject":{"InScheme":{"Id":"urn:eciu:note","Type":"ConceptScheme"},"PrefLabel":{"En":"GenerateMicroCredentials"},"Id":"65d6208d-5649-4323-967f-a5b030b0df3e","Type":"Concept"}},{"NoteLiteral":"**To apply, please upload:**\n\n- your CV in English;\n- if available, the English language certification\n- a brief motivational letter (1.000 characters) OR a motivational video (max 40\u2019\u2019, preferably youtube link) where you explain WHY you are interested in THIS learning opportunity.\n- Transcript of records\n\n**Please identify your Applicant status:**\n\n1-UniTrento PhD or Student\n\n2-ECIU student\n\n3-Erasmus\u002B or Bilateral agreement student (in Trento for the whole semester)\n\n4- BIP Student (Blended intensive program Student (external to ECIU network) who plans to join Trento only to attend\u00A0 a challenge).\n\n5-Other (extra fees may apply)\n\n**Status 1, 2 and 3 applicants need to submit two applications (similar documents, same deadline on 28 January 2025):**\n\n- [SOI admission apply 2024/25 - S2](https://webapps.unitn.it/Apply/it/Web/GoHome/serv-studenti/Sel_SoI_2024_2)\n- [ECIU Admission application](https://engage.eciu.eu/browse?universityIds=c7bc8551-6a54-ed11-bba2-6045bd886566\u0026amp;learningOppStatuses=1)\n\n**Status 4 and 5 applicants only submit their application in the**[SOI admission apply 2024/25 - S2](https://webapps.unitn.it/Apply/it/Web/GoHome/serv-studenti/Sel_SoI_2024_2)\n\n[Here](https://chrome-extension://kdpelmjpfafjppnhbloffcjpeomlnpah/https://www.soi.unitn.it/wp-content/uploads/2024/06/Applying_to_SOI_ECIU_activities.docx.pdf)\u00A0you can find guidelines on the application process.","Subject":{"InScheme":{"Id":"urn:eciu:note","Type":"ConceptScheme"},"PrefLabel":{"En":"AdmissionProcessInformation"},"Id":"65d6208d-5649-4323-967f-a5b030b0df3e","Type":"Concept"}},{"NoteLiteral":"False","Subject":{"InScheme":{"Id":"urn:eciu:note","Type":"ConceptScheme"},"PrefLabel":{"En":"SimplifiedAdmissionProcess"},"Id":"65d6208d-5649-4323-967f-a5b030b0df3e","Type":"Concept"}},{"NoteLiteral":"2024-12-19","Subject":{"InScheme":{"Id":"urn:eciu:note","Type":"ConceptScheme"},"PrefLabel":{"En":"ApplicationPeriodStartDate"},"Id":"65d6208d-5649-4323-967f-a5b030b0df3e","Type":"Concept"}},{"NoteLiteral":"100","Subject":{"InScheme":{"Id":"urn:eciu:note","Type":"ConceptScheme"},"PrefLabel":{"En":"MaximumNumberOfSeats"},"Id":"65d6208d-5649-4323-967f-a5b030b0df3e","Type":"Concept"}},{"NoteLiteral":"False","Subject":{"InScheme":{"Id":"urn:eciu:note","Type":"ConceptScheme"},"PrefLabel":{"En":"ECIULMSENabled"},"Id":"65d6208d-5649-4323-967f-a5b030b0df3e","Type":"Concept"}},{"NoteLiteral":"","Subject":{"InScheme":{"Id":"urn:eciu:note","Type":"ConceptScheme"},"PrefLabel":{"En":"LMSUrl"},"Id":"65d6208d-5649-4323-967f-a5b030b0df3e","Type":"Concept"}},{"NoteLiteral":"","Subject":{"InScheme":{"Id":"urn:eciu:note","Type":"ConceptScheme"},"PrefLabel":{"En":"TeamAccessDate"},"Id":"65d6208d-5649-4323-967f-a5b030b0df3e","Type":"Concept"}},{"NoteLiteral":"false","Subject":{"InScheme":{"Id":"urn:eciu:note","Type":"ConceptScheme"},"PrefLabel":{"En":"SelfPaced"},"Id":"65d6208d-5649-4323-967f-a5b030b0df3e","Type":"Concept"}},{"NoteLiteral":"0","Subject":{"InScheme":{"Id":"urn:eciu:note","Type":"ConceptScheme"},"PrefLabel":{"En":"Pace"},"Id":"65d6208d-5649-4323-967f-a5b030b0df3e","Type":"Concept"}},{"NoteLiteral":"Standard","Subject":{"InScheme":{"Id":"urn:eciu:note","Type":"ConceptScheme"},"PrefLabel":{"En":"Scope"},"Id":"65d6208d-5649-4323-967f-a5b030b0df3e","Type":"Concept"}}],"Id":"urn:eciu:learningOpportunity:65d6208d-5649-4323-967f-a5b030b0df3e","Type":"LearningOpportunity"}