{"Mode":{"InScheme":{"Id":"http://data.europa.eu/snb/learning-assessment/25831c2","Type":"ConceptScheme"},"PrefLabel":{"En":"Online"},"Id":"http://data.europa.eu/snb/learning-assessment/920fbb3cbe","Type":"Concept"},"DcType":null,"Title":{"En":"Creative Intelligence"},"AdmissionsProcedure":{"NoteLiteral":{"En":"Entry requirements: \n\u2022\tStudent at any of the universities of the ECIU;\n\u2022\tB2 level of English language proficiency.\nApplicants need to attach a copy of ID card / passport (document issued by the country of origin) to enrol in the KTU virtual learning environment. This does not apply to KTU students (if you are a KTU student, you may attach a blank page).\nStudents, who are admitted and accepted the offered place in the micro-module, will be informed by email on the steps to take in order to gain access to the KTU virtual learning environment. Students will receive an email from the teacher of the micro-module on the first day of the start of module.\nStudents who have dropped out from the KTU micro-module(s) in the autumn 2024 are not eligible to enrol in the KTU micro-module(s) in the spring 2025."},"Id":"urn:eciu:note:6126f8ed-cc24-4e6f-b4c9-884494b53733","Type":"Note"},"ApplicationDeadline":"2025-02-23","Description":{"En":"Embark on a journey through the micro-module of **Creative Intelligence**, where you\u0027ll explore the art of innovative problem-solving. This course is designed to empower you with the skills to think creatively and leverage it for problem solving in organizational level.\n\nMicromodule is structured in such a way that you could acquire knowledge and skills about creative intelligence from two perspectives:\n\n- Firstly, you will be able to deconstruct the concept of creative intelligence within the context of the modern world. This will broaden your knowledge and open creative thinking, allowing you to see more deeply into the complexity of various phenomena and understand the mechanisms of successful operation in the contemporary world.\n\n- Secondly, to foster creative intelligence and enhance a modern organization\u0027s competitiveness through innovation, it\u0027s crucial to establish specific conditions via creative leadership. As a result, you will have the chance to practice the prerequisites for expressing creative intelligence within the organization."},"LearningAchievementSpecification":{"EQFLevel":{"InScheme":{"Id":"http://data.europa.eu/snb/eqf/25831c2","Type":"ConceptScheme"},"PrefLabel":{"En":"Level 7"},"Id":"http://data.europa.eu/snb/eqf/7","Type":"Concept"},"CreditPoint":{"Framework":{"InScheme":{"Id":"http://data.europa.eu/snb/education-credit/25831c2","Type":"ConceptScheme"},"PrefLabel":{"En":"European Credit Transfer System"},"Id":"http://data.europa.eu/snb/education-credit/6fcec5c5af","Type":"Concept"},"Point":"1,0","Id":"urn:epass:creditPoint:6126f8ed-cc24-4e6f-b4c9-884494b53733","Type":"CreditPoint"},"LearningOutcome":[{"Title":{"En":"Explain the conception of creative intelligence"},"RelatedESCOSkill":[{"Notation":"Skill","InScheme":{"Id":"http://data.europa.eu/esco/concept-scheme/skills","Type":"ConceptScheme"},"PrefLabel":{"En":"think creatively"},"Id":"http://data.europa.eu/esco/skill/c624c6a3-b0ba-4a31-a296-0d433fe47e41","Type":"Concept"}],"AdditionalNote":{"NoteLiteral":{"En":"To achieve this goal, you will dive into the main perspectives of creative intelligence theory: discuss the relevance of creative intelligence in context, delve into the concept of creative intelligence, understand the main philosophical aspects of creativity, and decode the types of thinking important for creativity. This will broaden your knowledge and help you empower yours creative thinking."},"Id":"urn:eciu:note:e8c97ffb-2cbd-ef11-b8e8-6045bd927338","Type":"Note"},"Id":"urn:epass:learningOutcome:6126f8ed-cc24-4e6f-b4c9-884494b53733-1","Type":"LearningOutcome"},{"Title":{"En":"Practice the prerequisites for the manifestation of creative intelligence in the organisation"},"RelatedESCOSkill":[{"Notation":"Skill","InScheme":{"Id":"http://data.europa.eu/esco/concept-scheme/skills","Type":"ConceptScheme"},"PrefLabel":{"En":"solve problems"},"Id":"http://data.europa.eu/esco/skill/adc6dc11-3376-467b-96c5-9b0a21edc869","Type":"Concept"}],"AdditionalNote":{"NoteLiteral":{"En":"To be able to create the right conditions for the manifestation of creative intelligence and thus ensure the competitiveness of a modern\u202Forganization\u202F[through\u202Finnovative uncertain problem solving],\u202Fcertain conditions created in the\u202Forganization\u202Fthrough creative leadership are extremely important. So, to achieve this goal you will delve into the characteristics of creative leadership, specifics of creative problem solving, the essence of\u202FDesign\u202FThinking process and favourable climate for the manifestation of creativity."},"Id":"urn:eciu:note:81d51a44-2dbd-ef11-b8e8-6045bd927338","Type":"Note"},"Id":"urn:epass:learningOutcome:6126f8ed-cc24-4e6f-b4c9-884494b53733-2","Type":"LearningOutcome"}],"LearningSetting":null,"Mode":null,"Title":{"En":"Creative Intelligence"},"DcType":null,"HomePage":null,"VolumeOfLearning":null,"Id":"urn:eciu:qualification:6126f8ed-cc24-4e6f-b4c9-884494b53733","Type":"Qualification"},"IsPartOf":{"Mode":null,"DcType":null,"Title":{"En":"Creative Intelligence"},"AdmissionsProcedure":null,"ApplicationDeadline":null,"Description":null,"LearningAchievementSpecification":null,"IsPartOf":null,"Temporal":null,"ProvidedBy":null,"LearningActivitySpecification":null,"BannerImage":null,"MoreInformation":null,"Id":"urn:eciu:learningOpportunity:29be8f5a-211d-ef11-840a-000d3a2a7e23","Type":"LearningOpportunity"},"Temporal":{"EndDate":"2025-03-17T00:00:00Z","Name":{"En":"Temporal"},"StartDate":"2025-04-19T00:00:00Z"},"ProvidedBy":{"Location":null,"Logo":null,"LegalName":{"En":"KAUNO TECHNOLOGIJOS UNIVERSITETAS (KTU)"},"Registration":null,"Homepage":null,"Id":"urn:eciu:org:4cc1e316-6a54-ed11-bba2-6045bd886566","Type":"Organisation"},"LearningActivitySpecification":{"Mode":null,"DcType":null,"Title":{"En":""},"Description":{"En":"[https://uais.cr.ktu.lt/ktuis/stp_report_ects.mdl_ml?p_kodas=MM00M121\u0026p_year=2024\u0026p_lang=EN\u0026p_stp_id=](https://uais.cr.ktu.lt/ktuis/stp_report_ects.mdl_ml?p_kodas=MM00M118\u0026amp;p_year=2024\u0026amp;p_lang=EN\u0026amp;p_stp_id=)"},"MoreInformation":[{"NoteLiteral":"In this micro-module you will try different immersive learning activities and resources: interactive E-book, scavenger hunt, discussions, problem solving task, timely readings and video lectures.\n\nThis micromodule is structured in such a way that the learners\u0027 achievements are evaluated in two ways:\n\n- Providing course expert feedback for such activities as self-check quizzes, the discussion forum, and peer review for the scavenger hunt. However, these activities are not graded.\n\n- Providing feedback from the course expert and evaluating the performed activities with a grade. In the first week of the course, the activity of the learners is assessed during the discussion of the topic presented by the course expert. In the second week of the course, learners perform a problem-solving task and submit a report on it. The knowledge acquired during the entire course is evaluated in the final course exam by performing a closed-question test.\n\n[Syllabus of the micro-module](https://uais.cr.ktu.lt/ktuis/stp_report_ects.mdl_ml?p_kodas=MM00M121\u0026amp;p_year=2024\u0026amp;p_lang=EN\u0026amp;p_stp_id=)\n\nThe micro-module will be delivered in the KTU virtual learning environment. When a student is enrolled in KTU, s/he will be informed by email on how to gain access to the micro-module.\n\nAfter the successful completion of the micro-module:\n\n- In two weeks, a student will receive an email with the link to download the ECIU University micro-credential.\n- In mid-June 2025, a student from other university than KTU will receive an email with the KTU Transcript of Records that might be presented for recognition of learning outcomes at the home university.","Subject":{"InScheme":{"Id":"urn:eciu:note","Type":"ConceptScheme"},"PrefLabel":{"En":"ParticipantInformation"},"Id":"6126f8ed-cc24-4e6f-b4c9-884494b53733","Type":"Concept"}}],"HasPart":null,"Id":"urn:eciu:learningActivitySpec:6126f8ed-cc24-4e6f-b4c9-884494b53733","Type":"LearningActivitySpecification"},"BannerImage":null,"MoreInformation":[{"NoteLiteral":"MM00M121","Subject":{"InScheme":{"Id":"urn:eciu:note","Type":"ConceptScheme"},"PrefLabel":{"En":"SourceIdentifier"},"Id":"6126f8ed-cc24-4e6f-b4c9-884494b53733","Type":"Concept"}},{"NoteLiteral":"Empower the Art of Creative thinking for problem solving","Subject":{"InScheme":{"Id":"urn:eciu:note","Type":"ConceptScheme"},"PrefLabel":{"En":"SubTitle"},"Id":"6126f8ed-cc24-4e6f-b4c9-884494b53733","Type":"Concept"}},{"NoteLiteral":"Creative intelligence is essential to generating innovative solutions to complex problems. In a rapidly changing world, individuals and organizations need to adapt and find new ways to address challenges and manage uncertain, proactive situations. Creative thinking can lead to breakthroughs in technology, business, healthcare, and many other fields. The aim of this micromodule is to develop competencies and skills that are necessary to search for creative solutions to deal with problems by means of developing creative intelligence in an organisation.","Subject":{"InScheme":{"Id":"urn:eciu:note","Type":"ConceptScheme"},"PrefLabel":{"En":"Introduction"},"Id":"6126f8ed-cc24-4e6f-b4c9-884494b53733","Type":"Concept"}},{"NoteLiteral":"True","Subject":{"InScheme":{"Id":"urn:eciu:note","Type":"ConceptScheme"},"PrefLabel":{"En":"GenerateMicroCredentials"},"Id":"6126f8ed-cc24-4e6f-b4c9-884494b53733","Type":"Concept"}},{"NoteLiteral":"Entry requirements:\n\n- Student at any of the universities of the ECIU;\n- B2 level of English language proficiency.\n\nApplicants need to attach a copy of ID card / passport (document issued by the country of origin) to enrol in the KTU virtual learning environment. This does not apply to KTU students (if you are a KTU student, you may attach a blank page).  \n\nStudents, who are admitted and accepted the offered place in the micro-module, will be informed by email on the steps to take in order to gain access to the KTU virtual learning environment. Students will receive an email from the teacher of the micro-module on the first day of the start of module.  \n\nStudents who have dropped out from the KTU micro-module(s) in the autumn 2024 are not eligible to enrol in the KTU micro-module(s) in the spring 2025.","Subject":{"InScheme":{"Id":"urn:eciu:note","Type":"ConceptScheme"},"PrefLabel":{"En":"AdmissionProcessInformation"},"Id":"6126f8ed-cc24-4e6f-b4c9-884494b53733","Type":"Concept"}},{"NoteLiteral":"False","Subject":{"InScheme":{"Id":"urn:eciu:note","Type":"ConceptScheme"},"PrefLabel":{"En":"SimplifiedAdmissionProcess"},"Id":"6126f8ed-cc24-4e6f-b4c9-884494b53733","Type":"Concept"}},{"NoteLiteral":"2024-12-23","Subject":{"InScheme":{"Id":"urn:eciu:note","Type":"ConceptScheme"},"PrefLabel":{"En":"ApplicationPeriodStartDate"},"Id":"6126f8ed-cc24-4e6f-b4c9-884494b53733","Type":"Concept"}},{"NoteLiteral":"30","Subject":{"InScheme":{"Id":"urn:eciu:note","Type":"ConceptScheme"},"PrefLabel":{"En":"MaximumNumberOfSeats"},"Id":"6126f8ed-cc24-4e6f-b4c9-884494b53733","Type":"Concept"}},{"NoteLiteral":"False","Subject":{"InScheme":{"Id":"urn:eciu:note","Type":"ConceptScheme"},"PrefLabel":{"En":"ECIULMSENabled"},"Id":"6126f8ed-cc24-4e6f-b4c9-884494b53733","Type":"Concept"}},{"NoteLiteral":"","Subject":{"InScheme":{"Id":"urn:eciu:note","Type":"ConceptScheme"},"PrefLabel":{"En":"LMSUrl"},"Id":"6126f8ed-cc24-4e6f-b4c9-884494b53733","Type":"Concept"}},{"NoteLiteral":"","Subject":{"InScheme":{"Id":"urn:eciu:note","Type":"ConceptScheme"},"PrefLabel":{"En":"TeamAccessDate"},"Id":"6126f8ed-cc24-4e6f-b4c9-884494b53733","Type":"Concept"}},{"NoteLiteral":"false","Subject":{"InScheme":{"Id":"urn:eciu:note","Type":"ConceptScheme"},"PrefLabel":{"En":"SelfPaced"},"Id":"6126f8ed-cc24-4e6f-b4c9-884494b53733","Type":"Concept"}},{"NoteLiteral":"10","Subject":{"InScheme":{"Id":"urn:eciu:note","Type":"ConceptScheme"},"PrefLabel":{"En":"Pace"},"Id":"6126f8ed-cc24-4e6f-b4c9-884494b53733","Type":"Concept"}},{"NoteLiteral":"Standard","Subject":{"InScheme":{"Id":"urn:eciu:note","Type":"ConceptScheme"},"PrefLabel":{"En":"Scope"},"Id":"6126f8ed-cc24-4e6f-b4c9-884494b53733","Type":"Concept"}}],"Id":"urn:eciu:learningOpportunity:6126f8ed-cc24-4e6f-b4c9-884494b53733","Type":"LearningOpportunity"}