{"Mode":{"InScheme":{"Id":"http://data.europa.eu/snb/learning-assessment/25831c2","Type":"ConceptScheme"},"PrefLabel":{"En":"Online"},"Id":"http://data.europa.eu/snb/learning-assessment/920fbb3cbe","Type":"Concept"},"DcType":null,"Title":{"En":"Speech and Audio to Text"},"AdmissionsProcedure":null,"ApplicationDeadline":"2024-12-01","Description":{"En":"The course covers the basic principles and methods of translating speech and audio to text. Both human-led methods and automatic technologies are introduced, including audio captioning, print interpreting, speech recognition, re-speaking."},"LearningAchievementSpecification":{"EQFLevel":{"InScheme":{"Id":"http://data.europa.eu/snb/eqf/25831c2","Type":"ConceptScheme"},"PrefLabel":{"En":"Level 7"},"Id":"http://data.europa.eu/snb/eqf/7","Type":"Concept"},"CreditPoint":{"Framework":{"InScheme":{"Id":"http://data.europa.eu/snb/education-credit/25831c2","Type":"ConceptScheme"},"PrefLabel":{"En":"European Credit Transfer System"},"Id":"http://data.europa.eu/snb/education-credit/6fcec5c5af","Type":"Concept"},"Point":"1,0","Id":"urn:epass:creditPoint:3be1126c-0e9e-4bc8-87f1-c5787cf93792","Type":"CreditPoint"},"LearningOutcome":[{"Title":{"En":"Learning Outcome 1"},"RelatedESCOSkill":[{"Notation":"Skill","InScheme":{"Id":"http://data.europa.eu/esco/concept-scheme/skills","Type":"ConceptScheme"},"PrefLabel":{"En":"Transcription methods"},"Id":"http://data.europa.eu/esco/skill/73aeff8a-28d9-46ca-9920-a9f37ce074fe","Type":"Concept"}],"AdditionalNote":{"NoteLiteral":{"En":"The student will know the basic principles of audio and speech captioning."},"Id":"urn:eciu:note:30e1bf2e-fa11-ee11-8f6d-6045bd886f79","Type":"Note"},"Id":"urn:epass:learningOutcome:3be1126c-0e9e-4bc8-87f1-c5787cf93792-1","Type":"LearningOutcome"},{"Title":{"En":"Learning Outcome 2"},"RelatedESCOSkill":[{"Notation":"Skill","InScheme":{"Id":"http://data.europa.eu/esco/concept-scheme/skills","Type":"ConceptScheme"},"PrefLabel":{"En":"use IT tools"},"Id":"http://data.europa.eu/esco/skill/f632251a-4078-4546-b19f-7ef528d08325","Type":"Concept"}],"AdditionalNote":{"NoteLiteral":{"En":"The student will understand differences between human and machine-produced methods and captions."},"Id":"urn:eciu:note:a2ce0c47-fa11-ee11-8f6d-6045bd886f79","Type":"Note"},"Id":"urn:epass:learningOutcome:3be1126c-0e9e-4bc8-87f1-c5787cf93792-2","Type":"LearningOutcome"},{"Title":{"En":"Learning Outcome 3"},"RelatedESCOSkill":[{"Notation":"Skill","InScheme":{"Id":"http://data.europa.eu/esco/concept-scheme/skills","Type":"ConceptScheme"},"PrefLabel":{"En":"type texts from audio sources"},"Id":"http://data.europa.eu/esco/skill/260ddfe0-637b-4ce8-8007-9601645e2dc8","Type":"Concept"}],"AdditionalNote":{"NoteLiteral":{"En":"The student will have basic knowledge of how to produce text alternatives for speech and audio."},"Id":"urn:eciu:note:61a24c55-fa11-ee11-8f6d-6045bd886f79","Type":"Note"},"Id":"urn:epass:learningOutcome:3be1126c-0e9e-4bc8-87f1-c5787cf93792-3","Type":"LearningOutcome"}],"LearningSetting":null,"Mode":null,"Title":{"En":"Speech and Audio to Text"},"DcType":null,"HomePage":null,"VolumeOfLearning":null,"Id":"urn:eciu:qualification:3be1126c-0e9e-4bc8-87f1-c5787cf93792","Type":"Qualification"},"IsPartOf":{"Mode":null,"DcType":null,"Title":{"En":"Speech and Audio to Text"},"AdmissionsProcedure":null,"ApplicationDeadline":null,"Description":null,"LearningAchievementSpecification":null,"IsPartOf":null,"Temporal":null,"ProvidedBy":null,"LearningActivitySpecification":null,"BannerImage":null,"MoreInformation":[{"NoteLiteral":"ACC.170","Subject":{"InScheme":{"Id":"urn:eciu:note","Type":"ConceptScheme"},"PrefLabel":{"En":"EducationIdentifier"},"Id":"3f3646c8-f811-ee11-8f6d-6045bd886f79","Type":"Concept"}}],"Id":"urn:eciu:learningOpportunity:3f3646c8-f811-ee11-8f6d-6045bd886f79","Type":"LearningOpportunity"},"Temporal":{"EndDate":"2023-08-06T00:00:00Z","Name":{"En":"Temporal"},"StartDate":"2024-12-31T00:00:00Z"},"ProvidedBy":{"Location":null,"Logo":null,"LegalName":{"En":"TAMPEREEN KORKEAKOULUSAATIO SR (TAU)"},"Registration":null,"Homepage":null,"Id":"urn:eciu:org:8f142831-6a54-ed11-bba2-6045bd886566","Type":"Organisation"},"LearningActivitySpecification":{"Mode":null,"DcType":null,"Title":{"En":""},"Description":null,"MoreInformation":[{"NoteLiteral":"This is a nonstoop MOOC (Massive Open Online course). This means the course is fully online and you can take it at your own pace according to your own schedule.  \n  \nThis MOOC is offered by Tampere University on the DigiCampus platform. Once you have your TUNI credentials, log in to DigiCampus by using the choice \u0022Login with HAKA Account\u0022, select \u0022Tampere Universities\u0022and use your tuni.fi account. In DigiCampus, head over the the course \u0022Methods and technologies for accessibility and their evaluation\u0022.\u00A0The enrolment key is \u002220methods21\u0022. From this module, select the course you applied for.  \n  \nLink to DigiCampus: digicampus.fi/?lang=en  \nDirect link to the course: digicampus.fi/course/view.php?id=1193","Subject":{"InScheme":{"Id":"urn:eciu:note","Type":"ConceptScheme"},"PrefLabel":{"En":"ParticipantInformation"},"Id":"3be1126c-0e9e-4bc8-87f1-c5787cf93792","Type":"Concept"}}],"HasPart":null,"Id":"urn:eciu:learningActivitySpec:3be1126c-0e9e-4bc8-87f1-c5787cf93792","Type":"LearningActivitySpecification"},"BannerImage":null,"MoreInformation":[{"NoteLiteral":"","Subject":{"InScheme":{"Id":"urn:eciu:note","Type":"ConceptScheme"},"PrefLabel":{"En":"SourceIdentifier"},"Id":"3be1126c-0e9e-4bc8-87f1-c5787cf93792","Type":"Concept"}},{"NoteLiteral":"Nonstop MOOC on methods and technologies for accessibility","Subject":{"InScheme":{"Id":"urn:eciu:note","Type":"ConceptScheme"},"PrefLabel":{"En":"SubTitle"},"Id":"3be1126c-0e9e-4bc8-87f1-c5787cf93792","Type":"Concept"}},{"NoteLiteral":"This course is part of the larger module \u0022Methods and technologies for accessibility and their evaluation\u0022 which consists of over 25 modules (1 ECT each). If you want to become an expert at creating digitally accessible services, make sure to check them out.","Subject":{"InScheme":{"Id":"urn:eciu:note","Type":"ConceptScheme"},"PrefLabel":{"En":"Introduction"},"Id":"3be1126c-0e9e-4bc8-87f1-c5787cf93792","Type":"Concept"}},{"NoteLiteral":"True","Subject":{"InScheme":{"Id":"urn:eciu:note","Type":"ConceptScheme"},"PrefLabel":{"En":"GenerateMicroCredentials"},"Id":"3be1126c-0e9e-4bc8-87f1-c5787cf93792","Type":"Concept"}},{"NoteLiteral":"This micromodule is open to all ECIU students and there is no specific admissions process, rather all interested students will have the change to take the course.","Subject":{"InScheme":{"Id":"urn:eciu:note","Type":"ConceptScheme"},"PrefLabel":{"En":"AdmissionProcessInformation"},"Id":"3be1126c-0e9e-4bc8-87f1-c5787cf93792","Type":"Concept"}},{"NoteLiteral":"True","Subject":{"InScheme":{"Id":"urn:eciu:note","Type":"ConceptScheme"},"PrefLabel":{"En":"SimplifiedAdmissionProcess"},"Id":"3be1126c-0e9e-4bc8-87f1-c5787cf93792","Type":"Concept"}},{"NoteLiteral":"2023-08-06","Subject":{"InScheme":{"Id":"urn:eciu:note","Type":"ConceptScheme"},"PrefLabel":{"En":"ApplicationPeriodStartDate"},"Id":"3be1126c-0e9e-4bc8-87f1-c5787cf93792","Type":"Concept"}},{"NoteLiteral":"100","Subject":{"InScheme":{"Id":"urn:eciu:note","Type":"ConceptScheme"},"PrefLabel":{"En":"MaximumNumberOfSeats"},"Id":"3be1126c-0e9e-4bc8-87f1-c5787cf93792","Type":"Concept"}},{"NoteLiteral":"False","Subject":{"InScheme":{"Id":"urn:eciu:note","Type":"ConceptScheme"},"PrefLabel":{"En":"ECIULMSENabled"},"Id":"3be1126c-0e9e-4bc8-87f1-c5787cf93792","Type":"Concept"}},{"NoteLiteral":"https://digicampus.fi/course/view.php?id=1193\u0026lang=en","Subject":{"InScheme":{"Id":"urn:eciu:note","Type":"ConceptScheme"},"PrefLabel":{"En":"LMSUrl"},"Id":"3be1126c-0e9e-4bc8-87f1-c5787cf93792","Type":"Concept"}},{"NoteLiteral":"","Subject":{"InScheme":{"Id":"urn:eciu:note","Type":"ConceptScheme"},"PrefLabel":{"En":"TeamAccessDate"},"Id":"3be1126c-0e9e-4bc8-87f1-c5787cf93792","Type":"Concept"}},{"NoteLiteral":"false","Subject":{"InScheme":{"Id":"urn:eciu:note","Type":"ConceptScheme"},"PrefLabel":{"En":"SelfPaced"},"Id":"3be1126c-0e9e-4bc8-87f1-c5787cf93792","Type":"Concept"}},{"NoteLiteral":"0","Subject":{"InScheme":{"Id":"urn:eciu:note","Type":"ConceptScheme"},"PrefLabel":{"En":"Pace"},"Id":"3be1126c-0e9e-4bc8-87f1-c5787cf93792","Type":"Concept"}},{"NoteLiteral":"Standard","Subject":{"InScheme":{"Id":"urn:eciu:note","Type":"ConceptScheme"},"PrefLabel":{"En":"Scope"},"Id":"3be1126c-0e9e-4bc8-87f1-c5787cf93792","Type":"Concept"}}],"Id":"urn:eciu:learningOpportunity:3be1126c-0e9e-4bc8-87f1-c5787cf93792","Type":"LearningOpportunity"}