{"Mode":{"InScheme":{"Id":"http://data.europa.eu/snb/learning-assessment/25831c2","Type":"ConceptScheme"},"PrefLabel":{"En":"Online"},"Id":"http://data.europa.eu/snb/learning-assessment/920fbb3cbe","Type":"Concept"},"DcType":null,"Title":{"En":"Language Studies - French (A2 Level)"},"AdmissionsProcedure":null,"ApplicationDeadline":"2025-01-05","Description":{"En":"In a unique online environment, 50% synchronous and 50% asynchronous, you will be learners from different countries working together in French on 2 projects:\n\n- Discovering Lyon in France and many other cities\n\n- Studying here and there.\n\nA French tutor will guide through a wide range of activities that will help you realize your project in groups encouraging you to use French.\n\nFor example, the class will encourage you to talk about yourself, to describe a city, to share your points of interests in a city, to talk about your learning environment, your studies, your friends, the food, your night outs and so forth.\n\nIt will focus on an intercultural approach putting things in perspective.\n\nIt will also give you tools for a future international experience or exchange."},"LearningAchievementSpecification":{"EQFLevel":{"InScheme":{"Id":"http://data.europa.eu/snb/eqf/25831c2","Type":"ConceptScheme"},"PrefLabel":{"En":"Level 2"},"Id":"http://data.europa.eu/snb/eqf/2","Type":"Concept"},"CreditPoint":{"Framework":{"InScheme":{"Id":"http://data.europa.eu/snb/education-credit/25831c2","Type":"ConceptScheme"},"PrefLabel":{"En":"European Credit Transfer System"},"Id":"http://data.europa.eu/snb/education-credit/6fcec5c5af","Type":"Concept"},"Point":"3,0","Id":"urn:epass:creditPoint:270600c6-2afe-4497-9c53-eb7e568f9f1c","Type":"CreditPoint"},"LearningOutcome":[{"Title":{"En":"Demonstrate A2 French language skills"},"RelatedESCOSkill":[{"Notation":"Skill","InScheme":{"Id":"http://data.europa.eu/esco/concept-scheme/skills","Type":"ConceptScheme"},"PrefLabel":{"En":"interact verbally in French"},"Id":"http://data.europa.eu/esco/skill/bfb5f0b8-0ea0-4e44-a48d-7d876f966758","Type":"Concept"},{"Notation":"Skill","InScheme":{"Id":"http://data.europa.eu/esco/concept-scheme/skills","Type":"ConceptScheme"},"PrefLabel":{"En":"understand spoken French"},"Id":"http://data.europa.eu/esco/skill/2ce713f2-c684-4fa3-8e56-939e4bfbf4a2","Type":"Concept"},{"Notation":"Skill","InScheme":{"Id":"http://data.europa.eu/esco/concept-scheme/skills","Type":"ConceptScheme"},"PrefLabel":{"En":"write French"},"Id":"http://data.europa.eu/esco/skill/5dfc81aa-c395-4e88-a0e0-a2fbb681ecc0","Type":"Concept"},{"Notation":"Skill","InScheme":{"Id":"http://data.europa.eu/esco/concept-scheme/skills","Type":"ConceptScheme"},"PrefLabel":{"En":"understand written French"},"Id":"http://data.europa.eu/esco/skill/4ff6df71-6988-4300-8966-9fabb2b59186","Type":"Concept"}],"AdditionalNote":{"NoteLiteral":{"En":"By the end of this micromodule, you will have improved your skills in listening, reading, and writing from level A1 to A2."},"Id":"urn:eciu:note:1eb62087-eea7-ef11-b8e8-6045bd9640df","Type":"Note"},"Id":"urn:epass:learningOutcome:270600c6-2afe-4497-9c53-eb7e568f9f1c-1","Type":"LearningOutcome"},{"Title":{"En":"Demonstrate intercultural competence"},"RelatedESCOSkill":[{"Notation":"Skill","InScheme":{"Id":"http://data.europa.eu/esco/concept-scheme/skills","Type":"ConceptScheme"},"PrefLabel":{"En":"demonstrate intercultural competence"},"Id":"http://data.europa.eu/esco/skill/c10d5d87-36cf-42f5-8a12-e560fb5f4af8","Type":"Concept"}],"AdditionalNote":{"NoteLiteral":{"En":"By the end of this micromodule, you will develop your ability to work in intercultural and international groups thanks to learning in a pan-European context."},"Id":"urn:eciu:note:49459dce-efa7-ef11-b8e8-6045bd9640df","Type":"Note"},"Id":"urn:epass:learningOutcome:270600c6-2afe-4497-9c53-eb7e568f9f1c-2","Type":"LearningOutcome"},{"Title":{"En":"Understand study abroad in France and other French-speaking countries"},"RelatedESCOSkill":[{"Notation":"Skill","InScheme":{"Id":"http://data.europa.eu/esco/concept-scheme/skills","Type":"ConceptScheme"},"PrefLabel":{"En":"study cultures"},"Id":"http://data.europa.eu/esco/skill/56e30a60-0a87-4631-85ea-c69bc8bd0519","Type":"Concept"}],"AdditionalNote":{"NoteLiteral":{"En":"By the end of this micromodule, you will be able to demonstrate knowledge about international study in France and other Francophone countries. You will also learn about living in France and key French cities, most notably Lyon."},"Id":"urn:eciu:note:cac98460-f0a7-ef11-b8e8-6045bd9640df","Type":"Note"},"Id":"urn:epass:learningOutcome:270600c6-2afe-4497-9c53-eb7e568f9f1c-3","Type":"LearningOutcome"}],"LearningSetting":null,"Mode":null,"Title":{"En":"Language Studies - French (A2 Level)"},"DcType":null,"HomePage":null,"VolumeOfLearning":null,"Id":"urn:eciu:qualification:270600c6-2afe-4497-9c53-eb7e568f9f1c","Type":"Qualification"},"IsPartOf":{"Mode":null,"DcType":null,"Title":{"En":"Language Studies - French (A2 Level)"},"AdmissionsProcedure":null,"ApplicationDeadline":null,"Description":null,"LearningAchievementSpecification":null,"IsPartOf":null,"Temporal":null,"ProvidedBy":null,"LearningActivitySpecification":null,"BannerImage":null,"MoreInformation":[{"NoteLiteral":"INSA Lyon","Subject":{"InScheme":{"Id":"urn:eciu:note","Type":"ConceptScheme"},"PrefLabel":{"En":"EducationIdentifier"},"Id":"8a3a6023-eda7-ef11-b8e8-6045bd9640df","Type":"Concept"}}],"Id":"urn:eciu:learningOpportunity:8a3a6023-eda7-ef11-b8e8-6045bd9640df","Type":"LearningOpportunity"},"Temporal":{"EndDate":"2025-01-24T00:00:00Z","Name":{"En":"Temporal"},"StartDate":"2025-05-05T00:00:00Z"},"ProvidedBy":{"Location":null,"Logo":null,"LegalName":{"En":"INSTITUT NATIONAL DES SCIENCES APPLIQUEES DE TOULOUSE (INSA TOULOUSE)"},"Registration":null,"Homepage":null,"Id":"urn:eciu:org:bc4a5510-6a54-ed11-bba2-6045bd886566","Type":"Organisation"},"LearningActivitySpecification":{"Mode":null,"DcType":null,"Title":{"En":""},"Description":null,"MoreInformation":[{"NoteLiteral":"The course consists of:\n\n- 10 synchronous classes of 2 hours on Friday from 10 to 12 French time (no class during winter vacation)\n\n- 10 hours of asynchronous classes.\n\nThe micro-module will be assessed through project-based assessment: students will work and be assessed on 2 projects. The final grade will correspond to the average of the 2 assessments.\n\nAmong other activities, they will listen to podcasts and watch videos about France and Lyon. They will do grammar and pronunciation activities that will enable them to interact with each other about their surroundings (their country, the region and the city they live in, their campus, their studies). They will follow a set of online activities that will make it possible for them to make a final oral presentation to their fellow mates and teachers.","Subject":{"InScheme":{"Id":"urn:eciu:note","Type":"ConceptScheme"},"PrefLabel":{"En":"ParticipantInformation"},"Id":"270600c6-2afe-4497-9c53-eb7e568f9f1c","Type":"Concept"}}],"HasPart":null,"Id":"urn:eciu:learningActivitySpec:270600c6-2afe-4497-9c53-eb7e568f9f1c","Type":"LearningActivitySpecification"},"BannerImage":null,"MoreInformation":[{"NoteLiteral":"","Subject":{"InScheme":{"Id":"urn:eciu:note","Type":"ConceptScheme"},"PrefLabel":{"En":"SourceIdentifier"},"Id":"270600c6-2afe-4497-9c53-eb7e568f9f1c","Type":"Concept"}},{"NoteLiteral":"Participate in an interactive online A2 level French class","Subject":{"InScheme":{"Id":"urn:eciu:note","Type":"ConceptScheme"},"PrefLabel":{"En":"SubTitle"},"Id":"270600c6-2afe-4497-9c53-eb7e568f9f1c","Type":"Concept"}},{"NoteLiteral":"If you love France, if you would like to study or travel in France one day, or if you\u0027re simply interested in a basic knowledge of the French language and culture: this course is for you! You will broaden you mind while interacting with students from other countries in Europe, sharing interests, ideas, building a strong community around France and so developing further your intercultural skills!","Subject":{"InScheme":{"Id":"urn:eciu:note","Type":"ConceptScheme"},"PrefLabel":{"En":"Introduction"},"Id":"270600c6-2afe-4497-9c53-eb7e568f9f1c","Type":"Concept"}},{"NoteLiteral":"True","Subject":{"InScheme":{"Id":"urn:eciu:note","Type":"ConceptScheme"},"PrefLabel":{"En":"GenerateMicroCredentials"},"Id":"270600c6-2afe-4497-9c53-eb7e568f9f1c","Type":"Concept"}},{"NoteLiteral":"A1 level in French is required to participate to this course.\n\nAll applicants must submit a transcript of record with the name of their department/faculty to apply. The application deadline is set to the 5th of January.","Subject":{"InScheme":{"Id":"urn:eciu:note","Type":"ConceptScheme"},"PrefLabel":{"En":"AdmissionProcessInformation"},"Id":"270600c6-2afe-4497-9c53-eb7e568f9f1c","Type":"Concept"}},{"NoteLiteral":"False","Subject":{"InScheme":{"Id":"urn:eciu:note","Type":"ConceptScheme"},"PrefLabel":{"En":"SimplifiedAdmissionProcess"},"Id":"270600c6-2afe-4497-9c53-eb7e568f9f1c","Type":"Concept"}},{"NoteLiteral":"2024-12-02","Subject":{"InScheme":{"Id":"urn:eciu:note","Type":"ConceptScheme"},"PrefLabel":{"En":"ApplicationPeriodStartDate"},"Id":"270600c6-2afe-4497-9c53-eb7e568f9f1c","Type":"Concept"}},{"NoteLiteral":"8","Subject":{"InScheme":{"Id":"urn:eciu:note","Type":"ConceptScheme"},"PrefLabel":{"En":"MaximumNumberOfSeats"},"Id":"270600c6-2afe-4497-9c53-eb7e568f9f1c","Type":"Concept"}},{"NoteLiteral":"False","Subject":{"InScheme":{"Id":"urn:eciu:note","Type":"ConceptScheme"},"PrefLabel":{"En":"ECIULMSENabled"},"Id":"270600c6-2afe-4497-9c53-eb7e568f9f1c","Type":"Concept"}},{"NoteLiteral":"","Subject":{"InScheme":{"Id":"urn:eciu:note","Type":"ConceptScheme"},"PrefLabel":{"En":"LMSUrl"},"Id":"270600c6-2afe-4497-9c53-eb7e568f9f1c","Type":"Concept"}},{"NoteLiteral":"","Subject":{"InScheme":{"Id":"urn:eciu:note","Type":"ConceptScheme"},"PrefLabel":{"En":"TeamAccessDate"},"Id":"270600c6-2afe-4497-9c53-eb7e568f9f1c","Type":"Concept"}},{"NoteLiteral":"false","Subject":{"InScheme":{"Id":"urn:eciu:note","Type":"ConceptScheme"},"PrefLabel":{"En":"SelfPaced"},"Id":"270600c6-2afe-4497-9c53-eb7e568f9f1c","Type":"Concept"}},{"NoteLiteral":"0","Subject":{"InScheme":{"Id":"urn:eciu:note","Type":"ConceptScheme"},"PrefLabel":{"En":"Pace"},"Id":"270600c6-2afe-4497-9c53-eb7e568f9f1c","Type":"Concept"}},{"NoteLiteral":"Standard","Subject":{"InScheme":{"Id":"urn:eciu:note","Type":"ConceptScheme"},"PrefLabel":{"En":"Scope"},"Id":"270600c6-2afe-4497-9c53-eb7e568f9f1c","Type":"Concept"}}],"Id":"urn:eciu:learningOpportunity:270600c6-2afe-4497-9c53-eb7e568f9f1c","Type":"LearningOpportunity"}