{"Mode":{"InScheme":{"Id":"http://data.europa.eu/snb/learning-assessment/25831c2","Type":"ConceptScheme"},"PrefLabel":{"En":"Blended"},"Id":"http://data.europa.eu/snb/learning-assessment/e92d221e4d","Type":"Concept"},"DcType":null,"Title":{"En":"Resilient Coastal Cities"},"AdmissionsProcedure":{"NoteLiteral":{"En":"This ECIU challenge is intended for students who have completed a Degree in courses with an interest for the technical and engineering aspects of environment and sustainability\n\nPlease present a transcript of records listing the courses you have taken previously as well as a short motivation letter or statement (around 2 paragraphs is plenty) saying why you think you are suited to this ECIU Challenge. Please write in English."},"Id":"urn:eciu:note:1314e3c5-8cdf-ee11-904c-6045bd9c8eb7","Type":"Note"},"ApplicationDeadline":"2024-08-31","Description":{"En":"## **Resilient cities**\n\nResilient cities are those that can withstand, adapt to, and recover from environmental, social, and economic shocks and stresses while maintaining essential functions, structures, and identities. Resilient cities prioritize sustainable and inclusive development, leveraging their assets and resources to build and maintain physical, social, and economic resilience. This includes investing in infrastructure, social services, emergency preparedness and response, and community engagement to build strong and adaptive communities that can thrive in situations of adversity. Resilient cities aim to ensure the safety, security, and well-being of their residents while promoting a sustainable and equitable future for all."},"LearningAchievementSpecification":{"EQFLevel":{"InScheme":{"Id":"http://data.europa.eu/snb/eqf/25831c2","Type":"ConceptScheme"},"PrefLabel":{"En":"Level 7"},"Id":"http://data.europa.eu/snb/eqf/7","Type":"Concept"},"CreditPoint":{"Framework":{"InScheme":{"Id":"http://data.europa.eu/snb/education-credit/25831c2","Type":"ConceptScheme"},"PrefLabel":{"En":"European Credit Transfer System"},"Id":"http://data.europa.eu/snb/education-credit/6fcec5c5af","Type":"Concept"},"Point":"6,0","Id":"urn:epass:creditPoint:1314e3c5-8cdf-ee11-904c-6045bd9c8eb7","Type":"CreditPoint"},"LearningOutcome":[{"Title":{"En":"Identify the major challenges of coastal cities"},"RelatedESCOSkill":[{"Notation":"Skill","InScheme":{"Id":"http://data.europa.eu/esco/concept-scheme/skills","Type":"ConceptScheme"},"PrefLabel":{"En":"apply risk management processes"},"Id":"http://data.europa.eu/esco/skill/96550830-539b-4746-96aa-92aa4959945d","Type":"Concept"},{"Notation":"Skill","InScheme":{"Id":"http://data.europa.eu/esco/concept-scheme/skills","Type":"ConceptScheme"},"PrefLabel":{"En":"develop contingency plans for emergencies"},"Id":"http://data.europa.eu/esco/skill/fa3567c8-a7c1-40de-bac0-a4f5a85b9f1a","Type":"Concept"}],"AdditionalNote":{"NoteLiteral":{"En":"Identify new approaches towards tackling the major challenges connected with improving the resilience of coastal cities. "},"Id":"urn:eciu:note:4b7f05d0-8cdf-ee11-904c-0022487fecad","Type":"Note"},"Id":"urn:epass:learningOutcome:1314e3c5-8cdf-ee11-904c-6045bd9c8eb7-1","Type":"LearningOutcome"},{"Title":{"En":"Apply acquired knowledge and skills"},"RelatedESCOSkill":[{"Notation":"Skill","InScheme":{"Id":"http://data.europa.eu/esco/concept-scheme/skills","Type":"ConceptScheme"},"PrefLabel":{"En":"work in teams"},"Id":"http://data.europa.eu/esco/skill/60c78287-22eb-4103-9c8c-28deaa460da0","Type":"Concept"},{"Notation":"Skill","InScheme":{"Id":"http://data.europa.eu/esco/concept-scheme/skills","Type":"ConceptScheme"},"PrefLabel":{"En":"think analytically"},"Id":"http://data.europa.eu/esco/skill/4707da90-9cfc-46ca-8de0-38a0b7bfb137","Type":"Concept"}],"AdditionalNote":{"NoteLiteral":{"En":"Apply previously developed competences, knowledge and attitudes gained through higher education in scientific fields connected with coastal zone sciences, urban renewal or related fields."},"Id":"urn:eciu:note:bba584cc-8cdf-ee11-904c-6045bd9c8eb7","Type":"Note"},"Id":"urn:epass:learningOutcome:1314e3c5-8cdf-ee11-904c-6045bd9c8eb7-2","Type":"LearningOutcome"}],"LearningSetting":null,"Mode":null,"Title":{"En":"Resilient Coastal Cities"},"DcType":null,"HomePage":null,"VolumeOfLearning":null,"Id":"urn:eciu:qualification:1314e3c5-8cdf-ee11-904c-6045bd9c8eb7","Type":"Qualification"},"IsPartOf":{"Mode":null,"DcType":null,"Title":{"En":"Resilient Coastal Cities"},"AdmissionsProcedure":null,"ApplicationDeadline":null,"Description":null,"LearningAchievementSpecification":null,"IsPartOf":null,"Temporal":null,"ProvidedBy":null,"LearningActivitySpecification":null,"BannerImage":null,"MoreInformation":[{"NoteLiteral":"Codigo SIGACAD UA: 2900","Subject":{"InScheme":{"Id":"urn:eciu:note","Type":"ConceptScheme"},"PrefLabel":{"En":"EducationIdentifier"},"Id":"6e92c15b-b1ed-ed11-8849-6045bd886f79","Type":"Concept"}}],"Id":"urn:eciu:learningOpportunity:6e92c15b-b1ed-ed11-8849-6045bd886f79","Type":"LearningOpportunity"},"Temporal":{"EndDate":"2024-09-30T00:00:00Z","Name":{"En":"Temporal"},"StartDate":"2024-12-20T00:00:00Z"},"ProvidedBy":{"Location":null,"Logo":null,"LegalName":{"En":"UNIVERSIDADE DE AVEIRO (UAVR)"},"Registration":null,"Homepage":null,"Id":"urn:eciu:org:bde53b3e-6a54-ed11-bba2-6045bd886566","Type":"Organisation"},"LearningActivitySpecification":{"Mode":null,"DcType":null,"Title":{"En":""},"Description":null,"MoreInformation":[{"NoteLiteral":"## **Teaching Activities**\n\nWithin this broad theme of resilient coastal cities, learners will be motivated to identify challenges where they can apply the knowledge and skills they have developed during their academic paths to date, towards solutions that bring innovation, development, and impact to resilient coastal communities.  \n\nIn this way, ECIU learners from outside the University of Aveiro will join teams as part of a class of Portuguese students to work on their challenge including:  \n\n- Mentoring and co-creation within the projects to be developed;  \n\n- Tutorial sessions from experts in the involved fields;  \n\n- Contact with regional stakeholders for gathering of information, ideas and collaboration on the solutions to be envisaged.\n\n## **Schedule and mid-term workshop in Portugal**\n\nChallenge meetings will take place each week over the course of the semester at times and on days to be arranged among challenge teams. Also, from **18 to 22 November\u00A0a mid-term\u00A0intensive workshop week**\u00A0of all the challenge teams will take\u00A0at the University of Aveiro Campus, including academic activities and a fun social programme. **If you are unable to attend the workshop** **but would still like to apply for the course**, please do not hesitate to apply since alternative arrangements for online participation can be made exceptionally.\n\n## **Travel and Accommodation Costs**\n\nThe ECIU has set up a mobility fund to contribute to travel and accommodation of participants in ECIU courses and events. **We strongly recommend: before you submit your application, please contact the mobility officers for details of the procedures to apply for a mobility grant** for this ECIU micromodule. To contact them, just use the Contact Us form. Choose the option \u0022I have a question on mobility support\u0022 ask our team what you need to do to apply for some travel funding. **If, however, given the holiday period, you do not get the funding before the application deadline** for the Challenge, just apply anyway so you don\u0027t get left out.  \n   \n Please not that you will also receive full details of travel and accommodation arrangements for the event on the first day of the course.","Subject":{"InScheme":{"Id":"urn:eciu:note","Type":"ConceptScheme"},"PrefLabel":{"En":"ParticipantInformation"},"Id":"1314e3c5-8cdf-ee11-904c-6045bd9c8eb7","Type":"Concept"}}],"HasPart":null,"Id":"urn:eciu:learningActivitySpec:1314e3c5-8cdf-ee11-904c-6045bd9c8eb7","Type":"LearningActivitySpecification"},"BannerImage":null,"MoreInformation":[{"NoteLiteral":"","Subject":{"InScheme":{"Id":"urn:eciu:note","Type":"ConceptScheme"},"PrefLabel":{"En":"SourceIdentifier"},"Id":"1314e3c5-8cdf-ee11-904c-6045bd9c8eb7","Type":"Concept"}},{"NoteLiteral":"Autumn 2024 Edition","Subject":{"InScheme":{"Id":"urn:eciu:note","Type":"ConceptScheme"},"PrefLabel":{"En":"SubTitle"},"Id":"1314e3c5-8cdf-ee11-904c-6045bd9c8eb7","Type":"Concept"}},{"NoteLiteral":"This ECIU challenge focuses on the identification of societal solutions to improve the resilience of coastal cities while taking into account their characteristics and particularities as well as their potential to be social and economic hubs for innovation and development. The various challenges that this entails will bring together students from different fields, working together towards viable solutions to provide robustness and long-lasting impact towards resilient communities.","Subject":{"InScheme":{"Id":"urn:eciu:note","Type":"ConceptScheme"},"PrefLabel":{"En":"Introduction"},"Id":"1314e3c5-8cdf-ee11-904c-6045bd9c8eb7","Type":"Concept"}},{"NoteLiteral":"True","Subject":{"InScheme":{"Id":"urn:eciu:note","Type":"ConceptScheme"},"PrefLabel":{"En":"GenerateMicroCredentials"},"Id":"1314e3c5-8cdf-ee11-904c-6045bd9c8eb7","Type":"Concept"}},{"NoteLiteral":"## **Admissions**\n\nThis Challenge is intended for students who have completed a Degree in a study programme with relevance for the technical and engineering aspects of environment and sustainability.  \n  \nPlease present a transcript of records listing the courses you have taken previously as well as a short motivation letter or statement (around 2 paragraphs is plenty) saying why you think you are suited to this ECIU Challenge. Please write in English.","Subject":{"InScheme":{"Id":"urn:eciu:note","Type":"ConceptScheme"},"PrefLabel":{"En":"AdmissionProcessInformation"},"Id":"1314e3c5-8cdf-ee11-904c-6045bd9c8eb7","Type":"Concept"}},{"NoteLiteral":"False","Subject":{"InScheme":{"Id":"urn:eciu:note","Type":"ConceptScheme"},"PrefLabel":{"En":"SimplifiedAdmissionProcess"},"Id":"1314e3c5-8cdf-ee11-904c-6045bd9c8eb7","Type":"Concept"}},{"NoteLiteral":"2024-07-18","Subject":{"InScheme":{"Id":"urn:eciu:note","Type":"ConceptScheme"},"PrefLabel":{"En":"ApplicationPeriodStartDate"},"Id":"1314e3c5-8cdf-ee11-904c-6045bd9c8eb7","Type":"Concept"}},{"NoteLiteral":"20","Subject":{"InScheme":{"Id":"urn:eciu:note","Type":"ConceptScheme"},"PrefLabel":{"En":"MaximumNumberOfSeats"},"Id":"1314e3c5-8cdf-ee11-904c-6045bd9c8eb7","Type":"Concept"}},{"NoteLiteral":"False","Subject":{"InScheme":{"Id":"urn:eciu:note","Type":"ConceptScheme"},"PrefLabel":{"En":"ECIULMSENabled"},"Id":"1314e3c5-8cdf-ee11-904c-6045bd9c8eb7","Type":"Concept"}},{"NoteLiteral":"","Subject":{"InScheme":{"Id":"urn:eciu:note","Type":"ConceptScheme"},"PrefLabel":{"En":"LMSUrl"},"Id":"1314e3c5-8cdf-ee11-904c-6045bd9c8eb7","Type":"Concept"}},{"NoteLiteral":"","Subject":{"InScheme":{"Id":"urn:eciu:note","Type":"ConceptScheme"},"PrefLabel":{"En":"TeamAccessDate"},"Id":"1314e3c5-8cdf-ee11-904c-6045bd9c8eb7","Type":"Concept"}},{"NoteLiteral":"false","Subject":{"InScheme":{"Id":"urn:eciu:note","Type":"ConceptScheme"},"PrefLabel":{"En":"SelfPaced"},"Id":"1314e3c5-8cdf-ee11-904c-6045bd9c8eb7","Type":"Concept"}},{"NoteLiteral":"0","Subject":{"InScheme":{"Id":"urn:eciu:note","Type":"ConceptScheme"},"PrefLabel":{"En":"Pace"},"Id":"1314e3c5-8cdf-ee11-904c-6045bd9c8eb7","Type":"Concept"}},{"NoteLiteral":"Mini","Subject":{"InScheme":{"Id":"urn:eciu:note","Type":"ConceptScheme"},"PrefLabel":{"En":"Scope"},"Id":"1314e3c5-8cdf-ee11-904c-6045bd9c8eb7","Type":"Concept"}}],"Id":"urn:eciu:learningOpportunity:1314e3c5-8cdf-ee11-904c-6045bd9c8eb7","Type":"LearningOpportunity"}