{"Mode":{"InScheme":{"Id":"http://data.europa.eu/snb/learning-assessment/25831c2","Type":"ConceptScheme"},"PrefLabel":{"En":"Online"},"Id":"http://data.europa.eu/snb/learning-assessment/920fbb3cbe","Type":"Concept"},"DcType":null,"Title":{"En":"Introduction to Collaborative XR"},"AdmissionsProcedure":null,"ApplicationDeadline":"2024-12-01","Description":{"En":"The course provides a crash course on the topic of collaboration in extended reality (XR), providing the learner with insights on state-of-the-art technologies and XR-related research. After taking the course, the learner will have basic knowledge on how collaboration in XR works in various domains, and how it might shape up to work in the future.  \n  \nWhether you\u0027re an aspiring developer, a creative artist, a business professional, or simply curious about the potential of XR, this is a technology that you should at least get acquainted with. This course will empower you to unlock the boundless possibilities of this transformative technology."},"LearningAchievementSpecification":{"EQFLevel":{"InScheme":{"Id":"http://data.europa.eu/snb/eqf/25831c2","Type":"ConceptScheme"},"PrefLabel":{"En":"Level 7"},"Id":"http://data.europa.eu/snb/eqf/7","Type":"Concept"},"CreditPoint":{"Framework":{"InScheme":{"Id":"http://data.europa.eu/snb/education-credit/25831c2","Type":"ConceptScheme"},"PrefLabel":{"En":"European Credit Transfer System"},"Id":"http://data.europa.eu/snb/education-credit/6fcec5c5af","Type":"Concept"},"Point":"1,0","Id":"urn:epass:creditPoint:ef98e2d0-201c-432b-b9d2-b6a113ee0085","Type":"CreditPoint"},"LearningOutcome":[{"Title":{"En":"Learning Outcome 1"},"RelatedESCOSkill":[{"Notation":"Skill","InScheme":{"Id":"http://data.europa.eu/esco/concept-scheme/skills","Type":"ConceptScheme"},"PrefLabel":{"En":"work with virtual learning environments"},"Id":"http://data.europa.eu/esco/skill/b78f324d-e16c-43f8-97d2-50d3a7cd1fb3","Type":"Concept"}],"AdditionalNote":{"NoteLiteral":{"En":" The student will be familiar the most common collaborative XR environments, tools, and platforms\u200B."},"Id":"urn:eciu:note:461cf350-cb16-ee11-8f6d-6045bd886566","Type":"Note"},"Id":"urn:epass:learningOutcome:ef98e2d0-201c-432b-b9d2-b6a113ee0085-1","Type":"LearningOutcome"},{"Title":{"En":"Learning Outcome 2"},"RelatedESCOSkill":[{"Notation":"Skill","InScheme":{"Id":"http://data.europa.eu/esco/concept-scheme/skills","Type":"ConceptScheme"},"PrefLabel":{"En":"use ICT systems"},"Id":"http://data.europa.eu/esco/skill/31d35d3d-2bf2-49aa-9c20-92566ef80277","Type":"Concept"}],"AdditionalNote":{"NoteLiteral":{"En":" The student will understand the potential and flexibility of XR for collaboration and other needs\u200B."},"Id":"urn:eciu:note:5dc97761-cb16-ee11-8f6d-6045bd886566","Type":"Note"},"Id":"urn:epass:learningOutcome:ef98e2d0-201c-432b-b9d2-b6a113ee0085-2","Type":"LearningOutcome"},{"Title":{"En":"Learning Outcome 3"},"RelatedESCOSkill":[{"Notation":"Skill","InScheme":{"Id":"http://data.europa.eu/esco/concept-scheme/skills","Type":"ConceptScheme"},"PrefLabel":{"En":"creatively use digital technologies"},"Id":"http://data.europa.eu/esco/skill/1a4cc54f-1e53-442b-a6d2-1682dc8ef8f9","Type":"Concept"},{"Notation":"Skill","InScheme":{"Id":"http://data.europa.eu/esco/concept-scheme/skills","Type":"ConceptScheme"},"PrefLabel":{"En":"think creatively"},"Id":"http://data.europa.eu/esco/skill/c624c6a3-b0ba-4a31-a296-0d433fe47e41","Type":"Concept"}],"AdditionalNote":{"NoteLiteral":{"En":"The student will be able to conceptualize and design new tools for collaboration and teamwork in XR.\u200B"},"Id":"urn:eciu:note:92bce16b-cb16-ee11-8f6d-6045bd886566","Type":"Note"},"Id":"urn:epass:learningOutcome:ef98e2d0-201c-432b-b9d2-b6a113ee0085-3","Type":"LearningOutcome"},{"Title":{"En":"Learning Outcome 4"},"RelatedESCOSkill":[{"Notation":"Skill","InScheme":{"Id":"http://data.europa.eu/esco/concept-scheme/skills","Type":"ConceptScheme"},"PrefLabel":{"En":"using digital tools for collaboration, content creation and problem solving"},"Id":"http://data.europa.eu/esco/skill/S5.6","Type":"Concept"},{"Notation":"Skill","InScheme":{"Id":"http://data.europa.eu/esco/concept-scheme/skills","Type":"ConceptScheme"},"PrefLabel":{"En":"think analytically"},"Id":"http://data.europa.eu/esco/skill/4707da90-9cfc-46ca-8de0-38a0b7bfb137","Type":"Concept"}],"AdditionalNote":{"NoteLiteral":{"En":"The student will be able to work collaboratively in XR."},"Id":"urn:eciu:note:57103b81-cb16-ee11-8f6d-6045bd886566","Type":"Note"},"Id":"urn:epass:learningOutcome:ef98e2d0-201c-432b-b9d2-b6a113ee0085-4","Type":"LearningOutcome"}],"LearningSetting":null,"Mode":null,"Title":{"En":"Introduction to Collaborative XR"},"DcType":null,"HomePage":null,"VolumeOfLearning":null,"Id":"urn:eciu:qualification:ef98e2d0-201c-432b-b9d2-b6a113ee0085","Type":"Qualification"},"IsPartOf":{"Mode":null,"DcType":null,"Title":{"En":"Introduction to Collaborative XR"},"AdmissionsProcedure":null,"ApplicationDeadline":null,"Description":null,"LearningAchievementSpecification":null,"IsPartOf":null,"Temporal":null,"ProvidedBy":null,"LearningActivitySpecification":null,"BannerImage":null,"MoreInformation":[{"NoteLiteral":"INTRO-TO-XR","Subject":{"InScheme":{"Id":"urn:eciu:note","Type":"ConceptScheme"},"PrefLabel":{"En":"EducationIdentifier"},"Id":"cd2286c2-2ebc-ed11-83ff-6045bd886566","Type":"Concept"}}],"Id":"urn:eciu:learningOpportunity:cd2286c2-2ebc-ed11-83ff-6045bd886566","Type":"LearningOpportunity"},"Temporal":{"EndDate":"2023-08-06T00:00:00Z","Name":{"En":"Temporal"},"StartDate":"2024-12-31T00:00:00Z"},"ProvidedBy":{"Location":null,"Logo":null,"LegalName":{"En":"TAMPEREEN KORKEAKOULUSAATIO SR (TAU)"},"Registration":null,"Homepage":null,"Id":"urn:eciu:org:8f142831-6a54-ed11-bba2-6045bd886566","Type":"Organisation"},"LearningActivitySpecification":{"Mode":null,"DcType":null,"Title":{"En":""},"Description":null,"MoreInformation":[{"NoteLiteral":"This is a nonstoop MOOC (Massive Open Online course). This means the course is fully online and you can take it at your own pace according to your own schedule. The course is graded on the basis of Pass/Fail. The student must read through all teaching materials and complete all given assignments.  \n  \nThis MOOC is offered by Tampere University on the DigiCampus platform. Once you have your TUNI credentials, log in to DigiCampus by using the choice \u0022Login with HAKA Account\u0022, select \u0022Tampere Universities\u0022and use your tuni.fi account.  \n  \nLink to DigiCampus: digicampus.fi/?lang=en  \nDirect link to the course: https://digicampus.fi/course/view.php?id=3886","Subject":{"InScheme":{"Id":"urn:eciu:note","Type":"ConceptScheme"},"PrefLabel":{"En":"ParticipantInformation"},"Id":"ef98e2d0-201c-432b-b9d2-b6a113ee0085","Type":"Concept"}}],"HasPart":null,"Id":"urn:eciu:learningActivitySpec:ef98e2d0-201c-432b-b9d2-b6a113ee0085","Type":"LearningActivitySpecification"},"BannerImage":null,"MoreInformation":[{"NoteLiteral":"","Subject":{"InScheme":{"Id":"urn:eciu:note","Type":"ConceptScheme"},"PrefLabel":{"En":"SourceIdentifier"},"Id":"ef98e2d0-201c-432b-b9d2-b6a113ee0085","Type":"Concept"}},{"NoteLiteral":"Dive into the XR world","Subject":{"InScheme":{"Id":"urn:eciu:note","Type":"ConceptScheme"},"PrefLabel":{"En":"SubTitle"},"Id":"ef98e2d0-201c-432b-b9d2-b6a113ee0085","Type":"Concept"}},{"NoteLiteral":"Welcome to the world of XR! This course will introduce you to Extended Reality (XR), which combines Virtual Reality (VR), Augmented Reality (AR), and Mixed Reality (MR). You\u0027ll explore the foundations of XR, including technologies and applications. Gain practical knowledge in understanding and learning to utilize immersive experiences that blur the line between the physical and digital worlds. Join us and discover the limitless possibilities of XR.","Subject":{"InScheme":{"Id":"urn:eciu:note","Type":"ConceptScheme"},"PrefLabel":{"En":"Introduction"},"Id":"ef98e2d0-201c-432b-b9d2-b6a113ee0085","Type":"Concept"}},{"NoteLiteral":"True","Subject":{"InScheme":{"Id":"urn:eciu:note","Type":"ConceptScheme"},"PrefLabel":{"En":"GenerateMicroCredentials"},"Id":"ef98e2d0-201c-432b-b9d2-b6a113ee0085","Type":"Concept"}},{"NoteLiteral":"This micromodule is open to all ECIU students and there is no specific admissions process, rather all interested students will have the change to take the course.","Subject":{"InScheme":{"Id":"urn:eciu:note","Type":"ConceptScheme"},"PrefLabel":{"En":"AdmissionProcessInformation"},"Id":"ef98e2d0-201c-432b-b9d2-b6a113ee0085","Type":"Concept"}},{"NoteLiteral":"True","Subject":{"InScheme":{"Id":"urn:eciu:note","Type":"ConceptScheme"},"PrefLabel":{"En":"SimplifiedAdmissionProcess"},"Id":"ef98e2d0-201c-432b-b9d2-b6a113ee0085","Type":"Concept"}},{"NoteLiteral":"2023-08-06","Subject":{"InScheme":{"Id":"urn:eciu:note","Type":"ConceptScheme"},"PrefLabel":{"En":"ApplicationPeriodStartDate"},"Id":"ef98e2d0-201c-432b-b9d2-b6a113ee0085","Type":"Concept"}},{"NoteLiteral":"100","Subject":{"InScheme":{"Id":"urn:eciu:note","Type":"ConceptScheme"},"PrefLabel":{"En":"MaximumNumberOfSeats"},"Id":"ef98e2d0-201c-432b-b9d2-b6a113ee0085","Type":"Concept"}},{"NoteLiteral":"False","Subject":{"InScheme":{"Id":"urn:eciu:note","Type":"ConceptScheme"},"PrefLabel":{"En":"ECIULMSENabled"},"Id":"ef98e2d0-201c-432b-b9d2-b6a113ee0085","Type":"Concept"}},{"NoteLiteral":"https://digicampus.fi/course/view.php?id=3886","Subject":{"InScheme":{"Id":"urn:eciu:note","Type":"ConceptScheme"},"PrefLabel":{"En":"LMSUrl"},"Id":"ef98e2d0-201c-432b-b9d2-b6a113ee0085","Type":"Concept"}},{"NoteLiteral":"","Subject":{"InScheme":{"Id":"urn:eciu:note","Type":"ConceptScheme"},"PrefLabel":{"En":"TeamAccessDate"},"Id":"ef98e2d0-201c-432b-b9d2-b6a113ee0085","Type":"Concept"}},{"NoteLiteral":"false","Subject":{"InScheme":{"Id":"urn:eciu:note","Type":"ConceptScheme"},"PrefLabel":{"En":"SelfPaced"},"Id":"ef98e2d0-201c-432b-b9d2-b6a113ee0085","Type":"Concept"}},{"NoteLiteral":"25","Subject":{"InScheme":{"Id":"urn:eciu:note","Type":"ConceptScheme"},"PrefLabel":{"En":"Pace"},"Id":"ef98e2d0-201c-432b-b9d2-b6a113ee0085","Type":"Concept"}},{"NoteLiteral":"Standard","Subject":{"InScheme":{"Id":"urn:eciu:note","Type":"ConceptScheme"},"PrefLabel":{"En":"Scope"},"Id":"ef98e2d0-201c-432b-b9d2-b6a113ee0085","Type":"Concept"}}],"Id":"urn:eciu:learningOpportunity:ef98e2d0-201c-432b-b9d2-b6a113ee0085","Type":"LearningOpportunity"}