{"Mode":{"InScheme":{"Id":"http://data.europa.eu/snb/learning-assessment/25831c2","Type":"ConceptScheme"},"PrefLabel":{"En":"Online"},"Id":"http://data.europa.eu/snb/learning-assessment/920fbb3cbe","Type":"Concept"},"DcType":null,"Title":{"En":"Exploring Catalonia: An introduction to its language and culture"},"AdmissionsProcedure":null,"ApplicationDeadline":"2024-09-30","Description":{"En":"This course will provide to students basic knowledge of Catalan and Spanish languages and their cultures. The main objective is to enables students to understand and use everyday expressions of very frequent use and simple sentences aimed at satisfying immediate needs. It will also introduce them to some key aspects of the Catalan and Spanish cultures.\u00A0\u00A0\n\nThe linguistic and cultural background of students is used as the ground to build upon and to maximize their learning. They will work using a communicative and challenge-based learning methodology.\u00A0\n\nThis course is not intended for students who have lived in Catalonia, even for a short period. It focuses on discovering the basics and essence of the culture. Therefore, if you have lived there, we do not recommend enrolling"},"LearningAchievementSpecification":{"EQFLevel":{"InScheme":{"Id":"http://data.europa.eu/snb/eqf/25831c2","Type":"ConceptScheme"},"PrefLabel":{"En":"Level 7"},"Id":"http://data.europa.eu/snb/eqf/7","Type":"Concept"},"CreditPoint":{"Framework":{"InScheme":{"Id":"http://data.europa.eu/snb/education-credit/25831c2","Type":"ConceptScheme"},"PrefLabel":{"En":"European Credit Transfer System"},"Id":"http://data.europa.eu/snb/education-credit/6fcec5c5af","Type":"Concept"},"Point":"1,0","Id":"urn:epass:creditPoint:23b00f96-46ed-47f7-b8e4-3708f296f01e","Type":"CreditPoint"},"LearningOutcome":[{"Title":{"En":"Communicate at a basic level"},"RelatedESCOSkill":[{"Notation":"Skill","InScheme":{"Id":"http://data.europa.eu/esco/concept-scheme/skills","Type":"ConceptScheme"},"PrefLabel":{"En":"Spanish"},"Id":"http://data.europa.eu/esco/skill/14ee9f76-3524-43d5-8a1a-5ba8283f8bd7","Type":"Concept"},{"Notation":"Skill","InScheme":{"Id":"http://data.europa.eu/esco/concept-scheme/skills","Type":"ConceptScheme"},"PrefLabel":{"En":"Catalan"},"Id":"http://data.europa.eu/esco/skill/8ee2b6f2-7017-4b9a-9de2-4dedf0711394","Type":"Concept"}],"AdditionalNote":{"NoteLiteral":{"En":"At the end of the course students will be able to understand and use everyday expressions and simple statements to satisfy specific needs."},"Id":"urn:eciu:note:ad912ec2-a333-ef11-8409-000d3a4a397e","Type":"Note"},"Id":"urn:epass:learningOutcome:23b00f96-46ed-47f7-b8e4-3708f296f01e-1","Type":"LearningOutcome"},{"Title":{"En":"Recognize aspects of Catalan and Spanish cultures"},"RelatedESCOSkill":[{"Notation":"Skill","InScheme":{"Id":"http://data.europa.eu/esco/concept-scheme/skills","Type":"ConceptScheme"},"PrefLabel":{"En":"demonstrate intercultural competence"},"Id":"http://data.europa.eu/esco/skill/c10d5d87-36cf-42f5-8a12-e560fb5f4af8","Type":"Concept"}],"AdditionalNote":{"NoteLiteral":{"En":"At the end of the course students will have gained knowledge about aspects of the Spanish and Catalan cultures."},"Id":"urn:eciu:note:a2d9f0d4-a333-ef11-8409-000d3a4a397e","Type":"Note"},"Id":"urn:epass:learningOutcome:23b00f96-46ed-47f7-b8e4-3708f296f01e-2","Type":"LearningOutcome"},{"Title":{"En":"Account linguistic awareness"},"RelatedESCOSkill":[{"Notation":"Skill","InScheme":{"Id":"http://data.europa.eu/esco/concept-scheme/skills","Type":"ConceptScheme"},"PrefLabel":{"En":"Spanish"},"Id":"http://data.europa.eu/esco/skill/14ee9f76-3524-43d5-8a1a-5ba8283f8bd7","Type":"Concept"},{"Notation":"Skill","InScheme":{"Id":"http://data.europa.eu/esco/concept-scheme/skills","Type":"ConceptScheme"},"PrefLabel":{"En":"Catalan"},"Id":"http://data.europa.eu/esco/skill/8ee2b6f2-7017-4b9a-9de2-4dedf0711394","Type":"Concept"},{"Notation":"Skill","InScheme":{"Id":"http://data.europa.eu/esco/concept-scheme/skills","Type":"ConceptScheme"},"PrefLabel":{"En":"Catalan"},"Id":"http://data.europa.eu/esco/skill/8ee2b6f2-7017-4b9a-9de2-4dedf0711394","Type":"Concept"},{"Notation":"Skill","InScheme":{"Id":"http://data.europa.eu/esco/concept-scheme/skills","Type":"ConceptScheme"},"PrefLabel":{"En":"demonstrate intercultural competence"},"Id":"http://data.europa.eu/esco/skill/c10d5d87-36cf-42f5-8a12-e560fb5f4af8","Type":"Concept"}],"AdditionalNote":{"NoteLiteral":{"En":"At the end of the course learners will have increased their intercultural competence abilities and their degree of linguistic awareness."},"Id":"urn:eciu:note:03b2b7e7-a333-ef11-8409-000d3a4a397e","Type":"Note"},"Id":"urn:epass:learningOutcome:23b00f96-46ed-47f7-b8e4-3708f296f01e-3","Type":"LearningOutcome"}],"LearningSetting":null,"Mode":null,"Title":{"En":"Exploring Catalonia: An introduction to its language and culture"},"DcType":null,"HomePage":null,"VolumeOfLearning":"PT0H","Id":"urn:eciu:qualification:23b00f96-46ed-47f7-b8e4-3708f296f01e","Type":"Qualification"},"IsPartOf":{"Mode":null,"DcType":null,"Title":{"En":"Exploring Catalonia: An introduction to its language and culture"},"AdmissionsProcedure":null,"ApplicationDeadline":null,"Description":null,"LearningAchievementSpecification":null,"IsPartOf":null,"Temporal":null,"ProvidedBy":null,"LearningActivitySpecification":null,"BannerImage":null,"MoreInformation":null,"Id":"urn:eciu:learningOpportunity:b1db0ece-a233-ef11-8409-000d3a4a397e","Type":"LearningOpportunity"},"Temporal":{"EndDate":"2024-10-03T00:00:00Z","Name":{"En":"Temporal"},"StartDate":"2024-12-05T00:00:00Z"},"ProvidedBy":{"Location":null,"Logo":null,"LegalName":{"En":"UNIVERSIDAD AUTONOMA DE BARCELONA (UAB)"},"Registration":null,"Homepage":null,"Id":"urn:eciu:org:e73e6837-6a54-ed11-bba2-6045bd886566","Type":"Organisation"},"LearningActivitySpecification":{"Mode":null,"DcType":null,"Title":{"En":""},"Description":null,"MoreInformation":[{"NoteLiteral":"There will be **10 on-line synchronous sessions** scheduled each **Thursday** from **15h till 16h from October 3 until December 5.**\n\nThe course requires learners to work autonomously outside the classroom by consulting recommended resources and preparing activities aimed at understanding and producing short and simple texts in Catalan and Spanish. The course allows those who attend 75% of the established video conference hours to obtain a certificate of attendance.","Subject":{"InScheme":{"Id":"urn:eciu:note","Type":"ConceptScheme"},"PrefLabel":{"En":"ParticipantInformation"},"Id":"23b00f96-46ed-47f7-b8e4-3708f296f01e","Type":"Concept"}}],"HasPart":null,"Id":"urn:eciu:learningActivitySpec:23b00f96-46ed-47f7-b8e4-3708f296f01e","Type":"LearningActivitySpecification"},"BannerImage":null,"MoreInformation":[{"NoteLiteral":"","Subject":{"InScheme":{"Id":"urn:eciu:note","Type":"ConceptScheme"},"PrefLabel":{"En":"SourceIdentifier"},"Id":"23b00f96-46ed-47f7-b8e4-3708f296f01e","Type":"Concept"}},{"NoteLiteral":"","Subject":{"InScheme":{"Id":"urn:eciu:note","Type":"ConceptScheme"},"PrefLabel":{"En":"SubTitle"},"Id":"23b00f96-46ed-47f7-b8e4-3708f296f01e","Type":"Concept"}},{"NoteLiteral":"This introductory course offered by the UAB language service will enable students to understand and use frequently used everyday expressions and simple sentences aimed at satisfying immediate needs at a beginners level. It will also introduce international students to the Spanish and Catalan cultures.  \n\nIf you are planning to visit Catalonia and/or a short mobility internship in the region, this micro module is for you!","Subject":{"InScheme":{"Id":"urn:eciu:note","Type":"ConceptScheme"},"PrefLabel":{"En":"Introduction"},"Id":"23b00f96-46ed-47f7-b8e4-3708f296f01e","Type":"Concept"}},{"NoteLiteral":"True","Subject":{"InScheme":{"Id":"urn:eciu:note","Type":"ConceptScheme"},"PrefLabel":{"En":"GenerateMicroCredentials"},"Id":"23b00f96-46ed-47f7-b8e4-3708f296f01e","Type":"Concept"}},{"NoteLiteral":"**Entry requirements:**\n\n- being affiliated with one of the 14 ECIU university members\n- at least 60 ECTS completed at the undergraduate level\n- B2 level of English language proficiency.\n\nNo previous knowledge of Catalan or Spanish required.\n\nYou will receive information about the status of your application within 7 days after the application deadline at latest. If admitted, you will receive instructions regarding the course by the host university.\u00A0\u00A0\n\n**All applicants are required to submit**:\n\n- Recent CV\n- Transcript of records\n- Motivation letter (250 words max.)\n- Document with the following information:\n    - ID picture\n    - Nationality\n    - Date of birth\n    - City of birth\n    - Current address\n    - Email\n    - Telephone\n\nIf you have any other questions please contact us at **eciu.admissions@uab.cat.**","Subject":{"InScheme":{"Id":"urn:eciu:note","Type":"ConceptScheme"},"PrefLabel":{"En":"AdmissionProcessInformation"},"Id":"23b00f96-46ed-47f7-b8e4-3708f296f01e","Type":"Concept"}},{"NoteLiteral":"False","Subject":{"InScheme":{"Id":"urn:eciu:note","Type":"ConceptScheme"},"PrefLabel":{"En":"SimplifiedAdmissionProcess"},"Id":"23b00f96-46ed-47f7-b8e4-3708f296f01e","Type":"Concept"}},{"NoteLiteral":"2024-06-30","Subject":{"InScheme":{"Id":"urn:eciu:note","Type":"ConceptScheme"},"PrefLabel":{"En":"ApplicationPeriodStartDate"},"Id":"23b00f96-46ed-47f7-b8e4-3708f296f01e","Type":"Concept"}},{"NoteLiteral":"18","Subject":{"InScheme":{"Id":"urn:eciu:note","Type":"ConceptScheme"},"PrefLabel":{"En":"MaximumNumberOfSeats"},"Id":"23b00f96-46ed-47f7-b8e4-3708f296f01e","Type":"Concept"}},{"NoteLiteral":"False","Subject":{"InScheme":{"Id":"urn:eciu:note","Type":"ConceptScheme"},"PrefLabel":{"En":"ECIULMSENabled"},"Id":"23b00f96-46ed-47f7-b8e4-3708f296f01e","Type":"Concept"}},{"NoteLiteral":"","Subject":{"InScheme":{"Id":"urn:eciu:note","Type":"ConceptScheme"},"PrefLabel":{"En":"LMSUrl"},"Id":"23b00f96-46ed-47f7-b8e4-3708f296f01e","Type":"Concept"}},{"NoteLiteral":"","Subject":{"InScheme":{"Id":"urn:eciu:note","Type":"ConceptScheme"},"PrefLabel":{"En":"TeamAccessDate"},"Id":"23b00f96-46ed-47f7-b8e4-3708f296f01e","Type":"Concept"}},{"NoteLiteral":"false","Subject":{"InScheme":{"Id":"urn:eciu:note","Type":"ConceptScheme"},"PrefLabel":{"En":"SelfPaced"},"Id":"23b00f96-46ed-47f7-b8e4-3708f296f01e","Type":"Concept"}},{"NoteLiteral":"10","Subject":{"InScheme":{"Id":"urn:eciu:note","Type":"ConceptScheme"},"PrefLabel":{"En":"Pace"},"Id":"23b00f96-46ed-47f7-b8e4-3708f296f01e","Type":"Concept"}},{"NoteLiteral":"Standard","Subject":{"InScheme":{"Id":"urn:eciu:note","Type":"ConceptScheme"},"PrefLabel":{"En":"Scope"},"Id":"23b00f96-46ed-47f7-b8e4-3708f296f01e","Type":"Concept"}}],"Id":"urn:eciu:learningOpportunity:23b00f96-46ed-47f7-b8e4-3708f296f01e","Type":"LearningOpportunity"}