{"Mode":{"InScheme":{"Id":"http://data.europa.eu/snb/learning-assessment/25831c2","Type":"ConceptScheme"},"PrefLabel":{"En":"Online"},"Id":"http://data.europa.eu/snb/learning-assessment/920fbb3cbe","Type":"Concept"},"DcType":null,"Title":{"En":"Object Environmental Footprint and Eco-Design"},"AdmissionsProcedure":null,"ApplicationDeadline":"2025-03-23","Description":{"En":"ADEME, the French Agency for Ecological Transition (Agence de l\u2019Environnement et de la Ma\u00EEtrise de l\u2019\u00C9nergie), has conducted extensive research on the environmental impacts of consumer products, industrial goods, and other manufactured items. Their findings reveal that nearly 50% of our environmental footprint is tied to greenhouse gas emissions from products, making eco-design a critical strategy for reducing environmental harm. This micro-module offers a hands-on introduction to eco-design, equipping you with the knowledge and tools to make a tangible impact.\n\nWe will cover:\n\n- How to conduct an eco-design study, with practical examples to guide your learning.\n- How to use tools for environmental assessment, including life cycle analysis methods to measure and track progress toward sustainability goals.\n- How to plan a product/environment-oriented policy, turning theory into actionable solutions for real-world application.\n\nBy the end of the module, you will be equipped to critically assess products, reduce their environmental footprint, and contribute to a more sustainable future."},"LearningAchievementSpecification":{"EQFLevel":{"InScheme":{"Id":"http://data.europa.eu/snb/eqf/25831c2","Type":"ConceptScheme"},"PrefLabel":{"En":"Level 6"},"Id":"http://data.europa.eu/snb/eqf/6","Type":"Concept"},"CreditPoint":{"Framework":{"InScheme":{"Id":"http://data.europa.eu/snb/education-credit/25831c2","Type":"ConceptScheme"},"PrefLabel":{"En":"European Credit Transfer System"},"Id":"http://data.europa.eu/snb/education-credit/6fcec5c5af","Type":"Concept"},"Point":"3,0","Id":"urn:epass:creditPoint:031d7ec8-4de5-4cc2-b10c-87b80d336106","Type":"CreditPoint"},"LearningOutcome":[{"Title":{"En":"Analyze an object from a design and ecological perspective"},"RelatedESCOSkill":[{"Notation":"Skill","InScheme":{"Id":"http://data.europa.eu/esco/concept-scheme/skills","Type":"ConceptScheme"},"PrefLabel":{"En":"think analytically"},"Id":"http://data.europa.eu/esco/skill/4707da90-9cfc-46ca-8de0-38a0b7bfb137","Type":"Concept"},{"Notation":"Skill","InScheme":{"Id":"http://data.europa.eu/esco/concept-scheme/skills","Type":"ConceptScheme"},"PrefLabel":{"En":"analyse ecological data"},"Id":"http://data.europa.eu/esco/skill/5354a726-ee64-4f34-90f8-8436f9f374b8","Type":"Concept"},{"Notation":"Skill","InScheme":{"Id":"http://data.europa.eu/esco/concept-scheme/skills","Type":"ConceptScheme"},"PrefLabel":{"En":"assess environmental impact"},"Id":"http://data.europa.eu/esco/skill/e541c69c-ea80-4b17-87cb-4001d0b9d303","Type":"Concept"}],"AdditionalNote":{"NoteLiteral":{"En":"By the end of this micro-module, you will be able to analyse an object from both a design and environmental perspective."},"Id":"urn:eciu:note:b73af139-c0e7-ef11-be20-7c1e52119bde","Type":"Note"},"Id":"urn:epass:learningOutcome:031d7ec8-4de5-4cc2-b10c-87b80d336106-1","Type":"LearningOutcome"},{"Title":{"En":"Conduct a life cycle analysis of an object"},"RelatedESCOSkill":[{"Notation":"Skill","InScheme":{"Id":"http://data.europa.eu/esco/concept-scheme/skills","Type":"ConceptScheme"},"PrefLabel":{"En":"think critically"},"Id":"http://data.europa.eu/esco/skill/7dd94ad3-13d6-43fe-8b94-51fcbf67ced9","Type":"Concept"},{"Notation":"Skill","InScheme":{"Id":"http://data.europa.eu/esco/concept-scheme/skills","Type":"ConceptScheme"},"PrefLabel":{"En":"assess impact of industrial activities"},"Id":"http://data.europa.eu/esco/skill/1c9bb265-6ff7-428e-9a72-9c8df75178b8","Type":"Concept"},{"Notation":"Skill","InScheme":{"Id":"http://data.europa.eu/esco/concept-scheme/skills","Type":"ConceptScheme"},"PrefLabel":{"En":"product life-cycle"},"Id":"http://data.europa.eu/esco/skill/21e0cad8-4eef-42be-b18b-0f8e37f0dbd0","Type":"Concept"}],"AdditionalNote":{"NoteLiteral":{"En":"By the end of this micro-module you will be able to conduct a life cycle analysis of an object and analyse the ecological results."},"Id":"urn:eciu:note:b6720b00-c1e7-ef11-be20-7c1e52119bde","Type":"Note"},"Id":"urn:epass:learningOutcome:031d7ec8-4de5-4cc2-b10c-87b80d336106-2","Type":"LearningOutcome"},{"Title":{"En":"Propose innovative and sustainable solutions"},"RelatedESCOSkill":[{"Notation":"Skill","InScheme":{"Id":"http://data.europa.eu/esco/concept-scheme/skills","Type":"ConceptScheme"},"PrefLabel":{"En":"developing solutions"},"Id":"http://data.europa.eu/esco/skill/aca5081a-ceb0-4028-9cc5-1daafd4f86f9","Type":"Concept"},{"Notation":"Skill","InScheme":{"Id":"http://data.europa.eu/esco/concept-scheme/skills","Type":"ConceptScheme"},"PrefLabel":{"En":"think innovately"},"Id":"http://data.europa.eu/esco/skill/c2a0c52c-0b4b-4180-a918-92650ea3b458","Type":"Concept"},{"Notation":"Skill","InScheme":{"Id":"http://data.europa.eu/esco/concept-scheme/skills","Type":"ConceptScheme"},"PrefLabel":{"En":"developing policies and legislation"},"Id":"http://data.europa.eu/esco/skill/8ed41305-4abf-4b54-9f8f-0e043d26feba","Type":"Concept"}],"AdditionalNote":{"NoteLiteral":{"En":"By the end of this micro-module, you will be able to propose innovative and sustainable solutions to the problems you have identified during your object analysis."},"Id":"urn:eciu:note:ca50f2d4-c1e7-ef11-be20-7c1e52119bde","Type":"Note"},"Id":"urn:epass:learningOutcome:031d7ec8-4de5-4cc2-b10c-87b80d336106-3","Type":"LearningOutcome"},{"Title":{"En":"Work successfully in a multidisciplinary and intercultural team"},"RelatedESCOSkill":[{"Notation":"Skill","InScheme":{"Id":"http://data.europa.eu/esco/concept-scheme/skills","Type":"ConceptScheme"},"PrefLabel":{"En":"show intercultural awareness"},"Id":"http://data.europa.eu/esco/skill/7d23c508-c007-4221-bb84-0c9a479b8ea6","Type":"Concept"},{"Notation":"Skill","InScheme":{"Id":"http://data.europa.eu/esco/concept-scheme/skills","Type":"ConceptScheme"},"PrefLabel":{"En":"work in teams"},"Id":"http://data.europa.eu/esco/skill/60c78287-22eb-4103-9c8c-28deaa460da0","Type":"Concept"}],"AdditionalNote":{"NoteLiteral":{"En":"By the end of this micro-module, you will be able to work effectively in a multdisciplinary and intercultural team to tackle a range of problems and find innovative solutions."},"Id":"urn:eciu:note:e3993ee5-c2e7-ef11-be20-7c1e52119bde","Type":"Note"},"Id":"urn:epass:learningOutcome:031d7ec8-4de5-4cc2-b10c-87b80d336106-4","Type":"LearningOutcome"}],"LearningSetting":null,"Mode":null,"Title":{"En":"Object Environmental Footprint and Eco-Design"},"DcType":null,"HomePage":null,"VolumeOfLearning":null,"Id":"urn:eciu:qualification:031d7ec8-4de5-4cc2-b10c-87b80d336106","Type":"Qualification"},"IsPartOf":{"Mode":null,"DcType":null,"Title":{"En":"Object Environmental Footprint and Eco-Design"},"AdmissionsProcedure":null,"ApplicationDeadline":null,"Description":null,"LearningAchievementSpecification":null,"IsPartOf":null,"Temporal":null,"ProvidedBy":null,"LearningActivitySpecification":null,"BannerImage":null,"MoreInformation":[{"NoteLiteral":"Groupe INSA","Subject":{"InScheme":{"Id":"urn:eciu:note","Type":"ConceptScheme"},"PrefLabel":{"En":"EducationIdentifier"},"Id":"1d12ccc4-bee7-ef11-be20-6045bd8ba04c","Type":"Concept"}}],"Id":"urn:eciu:learningOpportunity:1d12ccc4-bee7-ef11-be20-6045bd8ba04c","Type":"LearningOpportunity"},"Temporal":{"EndDate":"2025-04-01T00:00:00Z","Name":{"En":"Temporal"},"StartDate":"2025-05-31T00:00:00Z"},"ProvidedBy":{"Location":null,"Logo":null,"LegalName":{"En":"INSTITUT NATIONAL DES SCIENCES APPLIQUEES DE TOULOUSE (INSA TOULOUSE)"},"Registration":null,"Homepage":null,"Id":"urn:eciu:org:bc4a5510-6a54-ed11-bba2-6045bd886566","Type":"Organisation"},"LearningActivitySpecification":{"Mode":null,"DcType":null,"Title":{"En":""},"Description":null,"MoreInformation":[{"NoteLiteral":"After registering, you will follow a structured learning path consisting of both synchronous and asynchronous activities:\n\nKick-off Meeting (1 hour, online, recorded)\n\nOverview of the course structure, evaluation methods, and project expectations.\n\nPreparatory Work (2 weeks, asynchronous)\n\nStudy theoretical concepts, including:\n\n- Introduction to the topic\n- Historical background\n- Relevant standards\n- Theory of Life Cycle Analysis (LCA)\n\nGroup Formation Meeting (online, recorded)\n\nParticipants will be assigned to groups for collaborative work.\n\nGroup Project (6 weeks, asynchronous)\n\n- Analyze the life cycle of a light-up keychain.\n- Identify areas for improvement and propose solutions.\n- Conduct a second life cycle analysis to compare the ecological footprint of the improved design with the original.\n- Ongoing support from a supervising instructor.\n\nFinal Deliverables\n\n- Group Report: A detailed account of the methodology and findings.\n- Personal Reflection Report: Insights on your contributions and how this experience relates to your future professional life.","Subject":{"InScheme":{"Id":"urn:eciu:note","Type":"ConceptScheme"},"PrefLabel":{"En":"ParticipantInformation"},"Id":"031d7ec8-4de5-4cc2-b10c-87b80d336106","Type":"Concept"}}],"HasPart":[{"Mode":{"InScheme":{"Id":"http://data.europa.eu/snb/learning-assessment/25831c2","Type":"ConceptScheme"},"PrefLabel":{"En":"Online"},"Id":"http://data.europa.eu/snb/learning-assessment/920fbb3cbe","Type":"Concept"},"DcType":{"InScheme":{"Id":"http://data.europa.eu/snb/learning-activity/25831c2","Type":"ConceptScheme"},"PrefLabel":{"En":"e-learning coursework"},"Id":"http://data.europa.eu/snb/learning-activity/bf2e3a7bae","Type":"Concept"},"Title":{"En":"Independent online study"},"Description":null,"MoreInformation":null,"HasPart":null,"Id":"urn:eciu:learningActivitySpec:9ff0ebe9-c5e7-ef11-be20-7c1e52119bde","Type":"LearningActivitySpecification"},{"Mode":{"InScheme":{"Id":"http://data.europa.eu/snb/learning-assessment/25831c2","Type":"ConceptScheme"},"PrefLabel":{"En":"Online"},"Id":"http://data.europa.eu/snb/learning-assessment/920fbb3cbe","Type":"Concept"},"DcType":{"InScheme":{"Id":"http://data.europa.eu/snb/learning-activity/25831c2","Type":"ConceptScheme"},"PrefLabel":{"En":"e-learning coursework"},"Id":"http://data.europa.eu/snb/learning-activity/bf2e3a7bae","Type":"Concept"},"Title":{"En":"Online group work"},"Description":null,"MoreInformation":null,"HasPart":null,"Id":"urn:eciu:learningActivitySpec:c1a223f7-c5e7-ef11-be20-7c1e52119bde","Type":"LearningActivitySpecification"},{"Mode":{"InScheme":{"Id":"http://data.europa.eu/snb/learning-assessment/25831c2","Type":"ConceptScheme"},"PrefLabel":{"En":"Online"},"Id":"http://data.europa.eu/snb/learning-assessment/920fbb3cbe","Type":"Concept"},"DcType":{"InScheme":{"Id":"http://data.europa.eu/snb/learning-activity/25831c2","Type":"ConceptScheme"},"PrefLabel":{"En":"e-learning coursework"},"Id":"http://data.europa.eu/snb/learning-activity/bf2e3a7bae","Type":"Concept"},"Title":{"En":"Practical Application"},"Description":null,"MoreInformation":null,"HasPart":null,"Id":"urn:eciu:learningActivitySpec:6e07c70e-c6e7-ef11-be20-7c1e52119bde","Type":"LearningActivitySpecification"},{"Mode":{"InScheme":{"Id":"http://data.europa.eu/snb/learning-assessment/25831c2","Type":"ConceptScheme"},"PrefLabel":{"En":"Online"},"Id":"http://data.europa.eu/snb/learning-assessment/920fbb3cbe","Type":"Concept"},"DcType":{"InScheme":{"Id":"http://data.europa.eu/snb/learning-activity/25831c2","Type":"ConceptScheme"},"PrefLabel":{"En":"e-learning coursework"},"Id":"http://data.europa.eu/snb/learning-activity/bf2e3a7bae","Type":"Concept"},"Title":{"En":"Final report"},"Description":null,"MoreInformation":null,"HasPart":null,"Id":"urn:eciu:learningActivitySpec:98d6b129-c6e7-ef11-be20-7c1e52119bde","Type":"LearningActivitySpecification"}],"Id":"urn:eciu:learningActivitySpec:031d7ec8-4de5-4cc2-b10c-87b80d336106","Type":"LearningActivitySpecification"},"BannerImage":null,"MoreInformation":[{"NoteLiteral":"","Subject":{"InScheme":{"Id":"urn:eciu:note","Type":"ConceptScheme"},"PrefLabel":{"En":"SourceIdentifier"},"Id":"031d7ec8-4de5-4cc2-b10c-87b80d336106","Type":"Concept"}},{"NoteLiteral":"Rethinking an Object for a Sustainable Future","Subject":{"InScheme":{"Id":"urn:eciu:note","Type":"ConceptScheme"},"PrefLabel":{"En":"SubTitle"},"Id":"031d7ec8-4de5-4cc2-b10c-87b80d336106","Type":"Concept"}},{"NoteLiteral":"Environmental concerns are at the forefront of modern engineering challenges, and understanding the ecological impact of the objects we interact with on a daily basis is essential for creating a sustainable future. This micro-module invites you to explore how thoughtful design can harmonize ecology, economy, and industry. The module begins with an introduction to the foundational theory of life cycle analysis, a tool used to evaluate a product\u2019s environmental footprint from creation to disposal. Building on this knowledge, you will collaborate in small groups to apply life cycle analysis to an everyday object, allowing each participant to bring unique perspectives and insights to the team, fostering innovative solutions to improve the object\u2019s sustainability. Finally, you will perform a second life cycle analysis to evaluate the effectiveness of the proposed solutions, drawing actionable conclusions to refine your understanding of eco-design.","Subject":{"InScheme":{"Id":"urn:eciu:note","Type":"ConceptScheme"},"PrefLabel":{"En":"Introduction"},"Id":"031d7ec8-4de5-4cc2-b10c-87b80d336106","Type":"Concept"}},{"NoteLiteral":"True","Subject":{"InScheme":{"Id":"urn:eciu:note","Type":"ConceptScheme"},"PrefLabel":{"En":"GenerateMicroCredentials"},"Id":"031d7ec8-4de5-4cc2-b10c-87b80d336106","Type":"Concept"}},{"NoteLiteral":"You must be working towards a Bachelors degree to apply. You should indicate your training and level of current study in your motivation letter.","Subject":{"InScheme":{"Id":"urn:eciu:note","Type":"ConceptScheme"},"PrefLabel":{"En":"AdmissionProcessInformation"},"Id":"031d7ec8-4de5-4cc2-b10c-87b80d336106","Type":"Concept"}},{"NoteLiteral":"False","Subject":{"InScheme":{"Id":"urn:eciu:note","Type":"ConceptScheme"},"PrefLabel":{"En":"SimplifiedAdmissionProcess"},"Id":"031d7ec8-4de5-4cc2-b10c-87b80d336106","Type":"Concept"}},{"NoteLiteral":"2025-02-12","Subject":{"InScheme":{"Id":"urn:eciu:note","Type":"ConceptScheme"},"PrefLabel":{"En":"ApplicationPeriodStartDate"},"Id":"031d7ec8-4de5-4cc2-b10c-87b80d336106","Type":"Concept"}},{"NoteLiteral":"40","Subject":{"InScheme":{"Id":"urn:eciu:note","Type":"ConceptScheme"},"PrefLabel":{"En":"MaximumNumberOfSeats"},"Id":"031d7ec8-4de5-4cc2-b10c-87b80d336106","Type":"Concept"}},{"NoteLiteral":"False","Subject":{"InScheme":{"Id":"urn:eciu:note","Type":"ConceptScheme"},"PrefLabel":{"En":"ECIULMSENabled"},"Id":"031d7ec8-4de5-4cc2-b10c-87b80d336106","Type":"Concept"}},{"NoteLiteral":"","Subject":{"InScheme":{"Id":"urn:eciu:note","Type":"ConceptScheme"},"PrefLabel":{"En":"LMSUrl"},"Id":"031d7ec8-4de5-4cc2-b10c-87b80d336106","Type":"Concept"}},{"NoteLiteral":"","Subject":{"InScheme":{"Id":"urn:eciu:note","Type":"ConceptScheme"},"PrefLabel":{"En":"TeamAccessDate"},"Id":"031d7ec8-4de5-4cc2-b10c-87b80d336106","Type":"Concept"}},{"NoteLiteral":"false","Subject":{"InScheme":{"Id":"urn:eciu:note","Type":"ConceptScheme"},"PrefLabel":{"En":"SelfPaced"},"Id":"031d7ec8-4de5-4cc2-b10c-87b80d336106","Type":"Concept"}},{"NoteLiteral":"0","Subject":{"InScheme":{"Id":"urn:eciu:note","Type":"ConceptScheme"},"PrefLabel":{"En":"Pace"},"Id":"031d7ec8-4de5-4cc2-b10c-87b80d336106","Type":"Concept"}},{"NoteLiteral":"Standard","Subject":{"InScheme":{"Id":"urn:eciu:note","Type":"ConceptScheme"},"PrefLabel":{"En":"Scope"},"Id":"031d7ec8-4de5-4cc2-b10c-87b80d336106","Type":"Concept"}}],"Id":"urn:eciu:learningOpportunity:031d7ec8-4de5-4cc2-b10c-87b80d336106","Type":"LearningOpportunity"}