{"Mode":{"InScheme":{"Id":"http://data.europa.eu/snb/learning-assessment/25831c2","Type":"ConceptScheme"},"PrefLabel":{"En":"Online"},"Id":"http://data.europa.eu/snb/learning-assessment/920fbb3cbe","Type":"Concept"},"DcType":null,"Title":{"En":"Accessibility and User Experience"},"AdmissionsProcedure":{"NoteLiteral":{"En":"\u0022Once you have received your TUNI Credentials and have successfully logged in to DigiCampus, head over the the course \u0022\u0022Methods and technologies for accessibility and their evaluation\u0022\u0022.\u00A0The enrolment key is \u0022\u002220methods21\u0022\u0022\n\nThis is an umbrella course, under which several courses relating to accessibility can be found. From there you will be able to access the learning opportunity you have signed up for \u0022\u0022Accessibility and User Experience\u0022\u0022.\n\nLink to DigiCampus: digicampus.fi/?lang=en\nLink to the umbrella course in DigiCampus: digicampus.fi/course/view.php?id=1193\u0022"},"Id":"urn:eciu:note:f7ff25c2-59d3-ef11-a72e-000d3a2e6935","Type":"Note"},"ApplicationDeadline":"2025-05-31","Description":{"En":"The module introduces the very basics of user experience evaluation in the context of human-technology interaction. These are described through concrete evaluation cases, that demonstrate how special characteristics of certain user groups may affect, and need to be taken into account in, the evaluation design. The examples consist of field studies conducted with special user groups, such as individuals with developmental disabilities, visually impaired users, physically disabled users, and children."},"LearningAchievementSpecification":{"EQFLevel":{"InScheme":{"Id":"http://data.europa.eu/snb/eqf/25831c2","Type":"ConceptScheme"},"PrefLabel":{"En":"Level 7"},"Id":"http://data.europa.eu/snb/eqf/7","Type":"Concept"},"CreditPoint":{"Framework":{"InScheme":{"Id":"http://data.europa.eu/snb/education-credit/25831c2","Type":"ConceptScheme"},"PrefLabel":{"En":"European Credit Transfer System"},"Id":"http://data.europa.eu/snb/education-credit/6fcec5c5af","Type":"Concept"},"Point":"1,0","Id":"urn:epass:creditPoint:f7ff25c2-59d3-ef11-a72e-000d3a2e6935","Type":"CreditPoint"},"LearningOutcome":[{"Title":{"En":"Different kinds of user groups"},"RelatedESCOSkill":[{"Notation":"Skill","InScheme":{"Id":"http://data.europa.eu/esco/concept-scheme/skills","Type":"ConceptScheme"},"PrefLabel":{"En":"respect cultural preferences"},"Id":"http://data.europa.eu/esco/skill/a1a8e4ae-f1e3-44aa-9067-e587e69634cd","Type":"Concept"}],"AdditionalNote":{"NoteLiteral":{"En":"The student will be aware that not all methods are suitable as such to be used with different kinds of user groups."},"Id":"urn:eciu:note:e4b57ac8-59d3-ef11-a72e-000d3a27c579","Type":"Note"},"Id":"urn:epass:learningOutcome:f7ff25c2-59d3-ef11-a72e-000d3a2e6935-1","Type":"LearningOutcome"},{"Title":{"En":"Designing accessible user experience evaluations"},"RelatedESCOSkill":[{"Notation":"Skill","InScheme":{"Id":"http://data.europa.eu/esco/concept-scheme/skills","Type":"ConceptScheme"},"PrefLabel":{"En":"use IT tools"},"Id":"http://data.europa.eu/esco/skill/f632251a-4078-4546-b19f-7ef528d08325","Type":"Concept"},{"Notation":"Skill","InScheme":{"Id":"http://data.europa.eu/esco/concept-scheme/skills","Type":"ConceptScheme"},"PrefLabel":{"En":"test system accessibility for users with special needs"},"Id":"http://data.europa.eu/esco/skill/be64bb4c-84ac-4c83-8cc7-fc8593e15136","Type":"Concept"},{"Notation":"Skill","InScheme":{"Id":"http://data.europa.eu/esco/concept-scheme/skills","Type":"ConceptScheme"},"PrefLabel":{"En":"project management"},"Id":"http://data.europa.eu/esco/skill/7111b95d-0ce3-441a-9d92-4c75d05c4388","Type":"Concept"}],"AdditionalNote":{"NoteLiteral":{"En":"The student will be able to consider items requiring extra attention when designing accessible user experience evaluations."},"Id":"urn:eciu:note:32a8aace-59d3-ef11-a72e-000d3a2e6935","Type":"Note"},"Id":"urn:epass:learningOutcome:f7ff25c2-59d3-ef11-a72e-000d3a2e6935-2","Type":"LearningOutcome"},{"Title":{"En":"Evaluating interactive applications"},"RelatedESCOSkill":[{"Notation":"Skill","InScheme":{"Id":"http://data.europa.eu/esco/concept-scheme/skills","Type":"ConceptScheme"},"PrefLabel":{"En":"application usability"},"Id":"http://data.europa.eu/esco/skill/c4b626c1-e71c-44ec-9f88-042766f37fcc","Type":"Concept"},{"Notation":"Skill","InScheme":{"Id":"http://data.europa.eu/esco/concept-scheme/skills","Type":"ConceptScheme"},"PrefLabel":{"En":"advise on environmental alterations"},"Id":"http://data.europa.eu/esco/skill/a32ff11a-5f97-4c2e-bbf7-6848814e56e8","Type":"Concept"}],"AdditionalNote":{"NoteLiteral":{"En":"The student will be aware of the most basic techniques employed to evaluate interactive applications."},"Id":"urn:eciu:note:786187c2-59d3-ef11-a72e-6045bd90463d","Type":"Note"},"Id":"urn:epass:learningOutcome:f7ff25c2-59d3-ef11-a72e-000d3a2e6935-3","Type":"LearningOutcome"}],"LearningSetting":null,"Mode":null,"Title":{"En":"Accessibility and User Experience"},"DcType":null,"HomePage":null,"VolumeOfLearning":null,"Id":"urn:eciu:qualification:f7ff25c2-59d3-ef11-a72e-000d3a2e6935","Type":"Qualification"},"IsPartOf":{"Mode":null,"DcType":null,"Title":{"En":"Accessibility and User Experience"},"AdmissionsProcedure":null,"ApplicationDeadline":null,"Description":null,"LearningAchievementSpecification":null,"IsPartOf":null,"Temporal":null,"ProvidedBy":null,"LearningActivitySpecification":null,"BannerImage":null,"MoreInformation":[{"NoteLiteral":"ACC.060","Subject":{"InScheme":{"Id":"urn:eciu:note","Type":"ConceptScheme"},"PrefLabel":{"En":"EducationIdentifier"},"Id":"81213b64-30d5-ed11-a7c7-6045bd886fac","Type":"Concept"}}],"Id":"urn:eciu:learningOpportunity:81213b64-30d5-ed11-a7c7-6045bd886fac","Type":"LearningOpportunity"},"Temporal":{"EndDate":"2025-01-19T00:00:00Z","Name":{"En":"Temporal"},"StartDate":"2025-07-31T00:00:00Z"},"ProvidedBy":{"Location":null,"Logo":null,"LegalName":{"En":"TAMPEREEN KORKEAKOULUSAATIO SR (TAU)"},"Registration":null,"Homepage":null,"Id":"urn:eciu:org:8f142831-6a54-ed11-bba2-6045bd886566","Type":"Organisation"},"LearningActivitySpecification":{"Mode":null,"DcType":null,"Title":{"En":""},"Description":null,"MoreInformation":[{"NoteLiteral":"This is a nonstoop MOOC (Massive Open Online course). This means the course is fully online and you can take it at your own pace according to your own schedule.  \n  \nThis MOOC is offered by Tampere University on the DigiCampus platform. Once you have your TUNI credentials, log in to DigiCampus by using the choice \u0022Login with HAKA Account\u0022, select \u0022Tampere Universities\u0022and use your tuni.fi account. In DigiCampus, head over the the course \u0022Methods and technologies for accessibility and their evaluation\u0022.\u00A0The enrolment key is \u002220methods21\u0022. From this module, select the course you applied for.  \n  \nLink to DigiCampus: digicampus.fi/?lang=en  \nDirect link to the course: digicampus.fi/course/view.php?id=1193","Subject":{"InScheme":{"Id":"urn:eciu:note","Type":"ConceptScheme"},"PrefLabel":{"En":"ParticipantInformation"},"Id":"f7ff25c2-59d3-ef11-a72e-000d3a2e6935","Type":"Concept"}}],"HasPart":null,"Id":"urn:eciu:learningActivitySpec:f7ff25c2-59d3-ef11-a72e-000d3a2e6935","Type":"LearningActivitySpecification"},"BannerImage":null,"MoreInformation":[{"NoteLiteral":"","Subject":{"InScheme":{"Id":"urn:eciu:note","Type":"ConceptScheme"},"PrefLabel":{"En":"SourceIdentifier"},"Id":"f7ff25c2-59d3-ef11-a72e-000d3a2e6935","Type":"Concept"}},{"NoteLiteral":"Nonstop MOOC on methods and technologies for accessibility","Subject":{"InScheme":{"Id":"urn:eciu:note","Type":"ConceptScheme"},"PrefLabel":{"En":"SubTitle"},"Id":"f7ff25c2-59d3-ef11-a72e-000d3a2e6935","Type":"Concept"}},{"NoteLiteral":"This course is part of the larger module \u0022Methods and technologies for accessibility and their evaluation\u0022 which consists of over 25 modules (1 ECT each). If you want to become an expert at creating digitally accessible services, make sure to check them out.","Subject":{"InScheme":{"Id":"urn:eciu:note","Type":"ConceptScheme"},"PrefLabel":{"En":"Introduction"},"Id":"f7ff25c2-59d3-ef11-a72e-000d3a2e6935","Type":"Concept"}},{"NoteLiteral":"True","Subject":{"InScheme":{"Id":"urn:eciu:note","Type":"ConceptScheme"},"PrefLabel":{"En":"GenerateMicroCredentials"},"Id":"f7ff25c2-59d3-ef11-a72e-000d3a2e6935","Type":"Concept"}},{"NoteLiteral":"This Micromodule is open to all ECIU students and there is no specific admissions process, rather all interested students will have the change to take the course. The course is mainly targeted to master\u0027s level students. Notice that the course is self-paced and you need to reserve time in your timetable for finishing it.","Subject":{"InScheme":{"Id":"urn:eciu:note","Type":"ConceptScheme"},"PrefLabel":{"En":"AdmissionProcessInformation"},"Id":"f7ff25c2-59d3-ef11-a72e-000d3a2e6935","Type":"Concept"}},{"NoteLiteral":"True","Subject":{"InScheme":{"Id":"urn:eciu:note","Type":"ConceptScheme"},"PrefLabel":{"En":"SimplifiedAdmissionProcess"},"Id":"f7ff25c2-59d3-ef11-a72e-000d3a2e6935","Type":"Concept"}},{"NoteLiteral":"2025-01-19","Subject":{"InScheme":{"Id":"urn:eciu:note","Type":"ConceptScheme"},"PrefLabel":{"En":"ApplicationPeriodStartDate"},"Id":"f7ff25c2-59d3-ef11-a72e-000d3a2e6935","Type":"Concept"}},{"NoteLiteral":"100","Subject":{"InScheme":{"Id":"urn:eciu:note","Type":"ConceptScheme"},"PrefLabel":{"En":"MaximumNumberOfSeats"},"Id":"f7ff25c2-59d3-ef11-a72e-000d3a2e6935","Type":"Concept"}},{"NoteLiteral":"False","Subject":{"InScheme":{"Id":"urn:eciu:note","Type":"ConceptScheme"},"PrefLabel":{"En":"ECIULMSENabled"},"Id":"f7ff25c2-59d3-ef11-a72e-000d3a2e6935","Type":"Concept"}},{"NoteLiteral":"","Subject":{"InScheme":{"Id":"urn:eciu:note","Type":"ConceptScheme"},"PrefLabel":{"En":"LMSUrl"},"Id":"f7ff25c2-59d3-ef11-a72e-000d3a2e6935","Type":"Concept"}},{"NoteLiteral":"","Subject":{"InScheme":{"Id":"urn:eciu:note","Type":"ConceptScheme"},"PrefLabel":{"En":"TeamAccessDate"},"Id":"f7ff25c2-59d3-ef11-a72e-000d3a2e6935","Type":"Concept"}},{"NoteLiteral":"false","Subject":{"InScheme":{"Id":"urn:eciu:note","Type":"ConceptScheme"},"PrefLabel":{"En":"SelfPaced"},"Id":"f7ff25c2-59d3-ef11-a72e-000d3a2e6935","Type":"Concept"}},{"NoteLiteral":"10","Subject":{"InScheme":{"Id":"urn:eciu:note","Type":"ConceptScheme"},"PrefLabel":{"En":"Pace"},"Id":"f7ff25c2-59d3-ef11-a72e-000d3a2e6935","Type":"Concept"}},{"NoteLiteral":"Standard","Subject":{"InScheme":{"Id":"urn:eciu:note","Type":"ConceptScheme"},"PrefLabel":{"En":"Scope"},"Id":"f7ff25c2-59d3-ef11-a72e-000d3a2e6935","Type":"Concept"}}],"Id":"urn:eciu:learningOpportunity:f7ff25c2-59d3-ef11-a72e-000d3a2e6935","Type":"LearningOpportunity"}