{"Mode":{"InScheme":{"Id":"http://data.europa.eu/snb/learning-assessment/25831c2","Type":"ConceptScheme"},"PrefLabel":{"En":"Online"},"Id":"http://data.europa.eu/snb/learning-assessment/920fbb3cbe","Type":"Concept"},"DcType":null,"Title":{"En":"Track birds, empower informed biodiversity decisions"},"AdmissionsProcedure":{"NoteLiteral":{"En":"Entry requirements:\n\u2022\tStudent at any of the universities of the ECIU;\n\u2022\tAt least 90 ECTS completed at the undergraduate level;\n\u2022\tB2 level of English language proficiency.\nDocuments to be submitted in English:\n\u2022\tMotivation letter \u2013 personal motivation to join the challenge, attitude towards experimenting and trying out new educational models, previous experience on the challenge topic;\n\u2022\tTranscript of Records \u2013 proof of enrolment in a Bachelor\u2019s or Master\u2019s degree programme in any of the universities of the ECIU, proving that the student has completed at least 90 ECTS at the undergraduate level, and the study field/programme; this does not apply to KTU students (if you are a KTU student, you may attach a blank page);\n\u2022\tCopy of ID card/passport in \u201Eother\u201C \u2013 a document issued by the country of origin (needed for registration to university services); this does not apply to KTU students (if you are a KTU student, you may attach a blank page).\nPlease note that documents submitted not in English will not be processed further in the admission process."},"Id":"urn:eciu:note:de573b66-4d6b-4392-9b69-2e0ace952295","Type":"Note"},"ApplicationDeadline":"2025-02-23","Description":{"En":"Wind Town (www.vejomiestelis.lt) is a visionary project developed by SBA Urban, part of one of the largest Lithuanian business groups, SBA. Since 2007, SBA Urban has delivered over 226,000 sq. m. of exceptional spaces, including internationally recognized projects such as Unity Square and the BLC business center in Kaunas, the iconic Nemunai\u010Diai district, and the Green Hall business hub in Vilnius.\n\nWith a passion for architectural aesthetics and sustainability, SBA Urban collaborates with global architecture leaders to create innovative buildings that transform cities, enhance communities, and set new standards for design.\n\nSBA Urban ultimate goal is to enhance understanding of local biodiversity by developing advanced tools to identify and monitor bird species around Wind Town. These solutions will empower communities to make informed decisions that protect wildlife and contribute to the long-term preservation of fragile ecosystems.\n\nThis challenge is an opportunity to combine cutting-edge technology with nature-focused initiatives. Whether through digital tools, data-driven systems, or interactive applications, we aim to create solutions that are practical, engaging, and impactful.\n\nYour solutions will not only help monitor bird life but also inspire communities to better understand, appreciate, and protect the natural world around them. By taking part, you\u2019re shaping the future of sustainable development and biodiversity conservation."},"LearningAchievementSpecification":{"EQFLevel":{"InScheme":{"Id":"http://data.europa.eu/snb/eqf/25831c2","Type":"ConceptScheme"},"PrefLabel":{"En":"Level 7"},"Id":"http://data.europa.eu/snb/eqf/7","Type":"Concept"},"CreditPoint":{"Framework":{"InScheme":{"Id":"http://data.europa.eu/snb/education-credit/25831c2","Type":"ConceptScheme"},"PrefLabel":{"En":"European Credit Transfer System"},"Id":"http://data.europa.eu/snb/education-credit/6fcec5c5af","Type":"Concept"},"Point":"6,0","Id":"urn:epass:creditPoint:de573b66-4d6b-4392-9b69-2e0ace952295","Type":"CreditPoint"},"LearningOutcome":[{"Title":{"En":"Pinpoint research direction"},"RelatedESCOSkill":[{"Notation":"Skill","InScheme":{"Id":"http://data.europa.eu/esco/concept-scheme/skills","Type":"ConceptScheme"},"PrefLabel":{"En":"evaluate data, information and digital content"},"Id":"http://data.europa.eu/esco/skill/1d6c7de4-350e-4868-a47b-333b4b0d9650","Type":"Concept"},{"Notation":"Skill","InScheme":{"Id":"http://data.europa.eu/esco/concept-scheme/skills","Type":"ConceptScheme"},"PrefLabel":{"En":"think analytically"},"Id":"http://data.europa.eu/esco/skill/4707da90-9cfc-46ca-8de0-38a0b7bfb137","Type":"Concept"},{"Notation":"Skill","InScheme":{"Id":"http://data.europa.eu/esco/concept-scheme/skills","Type":"ConceptScheme"},"PrefLabel":{"En":"think creatively"},"Id":"http://data.europa.eu/esco/skill/c624c6a3-b0ba-4a31-a296-0d433fe47e41","Type":"Concept"},{"Notation":"Skill","InScheme":{"Id":"http://data.europa.eu/esco/concept-scheme/skills","Type":"ConceptScheme"},"PrefLabel":{"En":"apply strategic thinking"},"Id":"http://data.europa.eu/esco/skill/6c870993-9341-438b-91c0-c7fe4f96d8f5","Type":"Concept"}],"AdditionalNote":{"NoteLiteral":{"En":"Self-sufficiently pinpoint a unique and impactful research direction, utilizing existing knowledge and acquired competencies."},"Id":"urn:eciu:note:27b79588-1bbd-ef11-b8e8-6045bd89e10e","Type":"Note"},"Id":"urn:epass:learningOutcome:de573b66-4d6b-4392-9b69-2e0ace952295-1","Type":"LearningOutcome"},{"Title":{"En":"Tackle real-world issues"},"RelatedESCOSkill":[{"Notation":"Skill","InScheme":{"Id":"http://data.europa.eu/esco/concept-scheme/skills","Type":"ConceptScheme"},"PrefLabel":{"En":"think analytically"},"Id":"http://data.europa.eu/esco/skill/4707da90-9cfc-46ca-8de0-38a0b7bfb137","Type":"Concept"},{"Notation":"Skill","InScheme":{"Id":"http://data.europa.eu/esco/concept-scheme/skills","Type":"ConceptScheme"},"PrefLabel":{"En":"solving problems"},"Id":"http://data.europa.eu/esco/skill/S1.9","Type":"Concept"},{"Notation":"Skill","InScheme":{"Id":"http://data.europa.eu/esco/concept-scheme/skills","Type":"ConceptScheme"},"PrefLabel":{"En":"social entreprise"},"Id":"http://data.europa.eu/esco/skill/2f4cdc7e-d98d-4e6c-9811-3dc28255c7ff","Type":"Concept"}],"AdditionalNote":{"NoteLiteral":{"En":"Innovatively tackle complex real-world issues using the core tenets of challenge-based learning methodology."},"Id":"urn:eciu:note:88a11d00-1cbd-ef11-b8e8-6045bd89e10e","Type":"Note"},"Id":"urn:epass:learningOutcome:de573b66-4d6b-4392-9b69-2e0ace952295-2","Type":"LearningOutcome"},{"Title":{"En":"Utilise teamwork and leadership principles"},"RelatedESCOSkill":[{"Notation":"Skill","InScheme":{"Id":"http://data.europa.eu/esco/concept-scheme/skills","Type":"ConceptScheme"},"PrefLabel":{"En":"listening and asking questions"},"Id":"http://data.europa.eu/esco/skill/S1.7.3","Type":"Concept"},{"Notation":"Skill","InScheme":{"Id":"http://data.europa.eu/esco/concept-scheme/skills","Type":"ConceptScheme"},"PrefLabel":{"En":"work in teams"},"Id":"http://data.europa.eu/esco/skill/60c78287-22eb-4103-9c8c-28deaa460da0","Type":"Concept"}],"AdditionalNote":{"NoteLiteral":{"En":"Utilise effective teamwork and leadership principles while collaborating within diverse, interdisciplinary teams."},"Id":"urn:eciu:note:45baa584-1cbd-ef11-b8e8-6045bd89e10e","Type":"Note"},"Id":"urn:epass:learningOutcome:de573b66-4d6b-4392-9b69-2e0ace952295-3","Type":"LearningOutcome"},{"Title":{"En":"Create and present ideas and prototypes"},"RelatedESCOSkill":[{"Notation":"Skill","InScheme":{"Id":"http://data.europa.eu/esco/concept-scheme/skills","Type":"ConceptScheme"},"PrefLabel":{"En":"show responsibility"},"Id":"http://data.europa.eu/esco/skill/199f7919-5114-41b6-b6a5-41e0e4896ec1","Type":"Concept"},{"Notation":"Skill","InScheme":{"Id":"http://data.europa.eu/esco/concept-scheme/skills","Type":"ConceptScheme"},"PrefLabel":{"En":"create new concepts"},"Id":"http://data.europa.eu/esco/skill/f08e2bd6-0366-4948-a670-1f03f130126f","Type":"Concept"},{"Notation":"Skill","InScheme":{"Id":"http://data.europa.eu/esco/concept-scheme/skills","Type":"ConceptScheme"},"PrefLabel":{"En":"brainstorm ideas"},"Id":"http://data.europa.eu/esco/skill/614c627b-2ec9-4a0d-811e-de14be4362f2","Type":"Concept"}],"AdditionalNote":{"NoteLiteral":{"En":"Create and effectively present innovative ideas and developed prototypes tailored to the requirements of unique audience."},"Id":"urn:eciu:note:a2f0e288-18bd-ef11-b8e8-6045bd8e221f","Type":"Note"},"Id":"urn:epass:learningOutcome:de573b66-4d6b-4392-9b69-2e0ace952295-4","Type":"LearningOutcome"}],"LearningSetting":null,"Mode":null,"Title":{"En":"Track birds, empower informed biodiversity decisions"},"DcType":null,"HomePage":null,"VolumeOfLearning":null,"Id":"urn:eciu:qualification:de573b66-4d6b-4392-9b69-2e0ace952295","Type":"Qualification"},"IsPartOf":{"Mode":null,"DcType":null,"Title":{"En":"Track birds, empower informed biodiversity decisions"},"AdmissionsProcedure":null,"ApplicationDeadline":null,"Description":null,"LearningAchievementSpecification":null,"IsPartOf":null,"Temporal":null,"ProvidedBy":null,"LearningActivitySpecification":null,"BannerImage":null,"MoreInformation":null,"Id":"urn:eciu:learningOpportunity:708abcb0-16bd-ef11-b8e8-6045bd8e221f","Type":"LearningOpportunity"},"Temporal":{"EndDate":"2025-03-06T00:00:00Z","Name":{"En":"Temporal"},"StartDate":"2025-05-29T00:00:00Z"},"ProvidedBy":{"Location":null,"Logo":null,"LegalName":{"En":"KAUNO TECHNOLOGIJOS UNIVERSITETAS (KTU)"},"Registration":null,"Homepage":null,"Id":"urn:eciu:org:4cc1e316-6a54-ed11-bba2-6045bd886566","Type":"Organisation"},"LearningActivitySpecification":{"Mode":null,"DcType":null,"Title":{"En":""},"Description":{"En":"The module [\u0022Development of Challenge-Based Innovation\u0022](https://uais.cr.ktu.lt/ktuis/stp_report_ects.mdl_ml?p_kodas=INNOM010\u0026amp;p_year=2024\u0026amp;p_lang=EN\u0026amp;p_stp_id=)"},"MoreInformation":[{"NoteLiteral":"[Syllabus](https://uais.cr.ktu.lt/ktuis/stp_report_ects.mdl_ml?p_kodas=INNOM010\u0026amp;p_year=2024\u0026amp;p_lang=EN\u0026amp;p_stp_id=)of the micro module.\n\nThe challenge will be solved in the module \u201E**Development of Challenge-Based Innovation**\u201C (6 ECTS, online meetings \u2013 32 hours, individual and group work \u2013 128 hours). The module follows the challenge-based learning method: engagement, inspiration, investigation, and action.\n\nThe challenge will be delivered in the KTU virtual learning environment. When a student is enrolled in KTU, s/he will be informed by email on how to gain access to the challenge.\n\nThe challenge will take place **from March 6 to May 29, 2025**.\u00A0The scheduled meetings with the teamchers and the peer learners will be held **once a week on Thursdays:** March 6, 13, 20, 27; April 10, 17, 24; May 8, 22, 29. The meetings will be held **at 15.30-17.00/18.30 EET**(depending on the day). Please note that attendance is mandatory and highly appreciated by your team members.\n\nThe learners are supported by the KTU teamchers (faculty) and the partner company Urban Wind. The learner teams are presented with the challenge during the kick-off meeting, they are invited to do an interim presentation on the progress of their project in the middle of the module and the final presentation of the challenge solution at the last meeting of the module. The final grade is passed/failed.\n\nAfter the successful completion of the challenge:\n\n- In two weeks, a student will receive an email with the link to download the ECIU University micro-credential.\n- In mid-June 2025, a student from other university than KTU will receive an email with the KTU Transcript of Records that might be presented for recognition of learning outcomes at the home university.","Subject":{"InScheme":{"Id":"urn:eciu:note","Type":"ConceptScheme"},"PrefLabel":{"En":"ParticipantInformation"},"Id":"de573b66-4d6b-4392-9b69-2e0ace952295","Type":"Concept"}}],"HasPart":null,"Id":"urn:eciu:learningActivitySpec:de573b66-4d6b-4392-9b69-2e0ace952295","Type":"LearningActivitySpecification"},"BannerImage":null,"MoreInformation":[{"NoteLiteral":"","Subject":{"InScheme":{"Id":"urn:eciu:note","Type":"ConceptScheme"},"PrefLabel":{"En":"SourceIdentifier"},"Id":"de573b66-4d6b-4392-9b69-2e0ace952295","Type":"Concept"}},{"NoteLiteral":"How can we empower communities to make better choices that protect wildlife?","Subject":{"InScheme":{"Id":"urn:eciu:note","Type":"ConceptScheme"},"PrefLabel":{"En":"SubTitle"},"Id":"de573b66-4d6b-4392-9b69-2e0ace952295","Type":"Concept"}},{"NoteLiteral":"Every year, countless bird species remain unrecorded, limiting our ability to understand and protect their fragile ecosystems. This challenge invites You to create cutting-edge solutions that identify and track the diverse birds life thriving around the \u201EWindTown\u201C bird watch tower \u2014 an initiative that can help to empower community to make better choices protecting wildlife. \n\nChallenge provider - company \u0022SBA Urban\u0022 is developing unique \u0022Wind Town\u0022 in collaboration with the award-winning \u0022Gensler\u0022 architectural team, known for creating iconic projects worldwide. Located in the serene environment of Svencel\u0117, the project harmonizes active and tranquil lifestyles with the majority of the area dedicated to green and recreational spaces. \n\nBy participating, You will contribute to creating tools that promote environmental awareness, citizen science, and sustainable habitat management. Your work will not only sharpen your skills but also play a meaningful role in preserving biodiversity and fostering resilient, resource-efficient communities.","Subject":{"InScheme":{"Id":"urn:eciu:note","Type":"ConceptScheme"},"PrefLabel":{"En":"Introduction"},"Id":"de573b66-4d6b-4392-9b69-2e0ace952295","Type":"Concept"}},{"NoteLiteral":"True","Subject":{"InScheme":{"Id":"urn:eciu:note","Type":"ConceptScheme"},"PrefLabel":{"En":"GenerateMicroCredentials"},"Id":"de573b66-4d6b-4392-9b69-2e0ace952295","Type":"Concept"}},{"NoteLiteral":"**Entry requirements:**\n\n- Student at any of the universities of the ECIU;\n- At least 90 ECTS completed at the undergraduate level;\n- B2 level of English language proficiency.\n\n**Documents to be submitted in English:**\n\n- Motivation letter \u2013 personal motivation to join the challenge, attitude towards experimenting and trying out new educational models, previous experience on the challenge topic;\n- Transcript of Records \u2013 proof of enrolment in a Bachelor\u2019s or Master\u2019s degree programme in any of the universities of the ECIU, proving that the student has completed at least 90 ECTS at the undergraduate level, and the study field/programme; this does not apply to KTU students (if you are a KTU student, you may attach a blank page);\n- Copy of ID card/passport in \u201Eother\u201C \u2013 a document issued by the country of origin (needed for registration to university services); this does not apply to KTU students (if you are a KTU student, you may attach a blank page).\n\nPlease note that documents submitted not in English will not be processed further in the admission process.\n\nThe admission results will be announced in 03 March, 2025. Please check your ECIU inbox, you will have 2 days to accept the offered place.","Subject":{"InScheme":{"Id":"urn:eciu:note","Type":"ConceptScheme"},"PrefLabel":{"En":"AdmissionProcessInformation"},"Id":"de573b66-4d6b-4392-9b69-2e0ace952295","Type":"Concept"}},{"NoteLiteral":"False","Subject":{"InScheme":{"Id":"urn:eciu:note","Type":"ConceptScheme"},"PrefLabel":{"En":"SimplifiedAdmissionProcess"},"Id":"de573b66-4d6b-4392-9b69-2e0ace952295","Type":"Concept"}},{"NoteLiteral":"2024-12-23","Subject":{"InScheme":{"Id":"urn:eciu:note","Type":"ConceptScheme"},"PrefLabel":{"En":"ApplicationPeriodStartDate"},"Id":"de573b66-4d6b-4392-9b69-2e0ace952295","Type":"Concept"}},{"NoteLiteral":"12","Subject":{"InScheme":{"Id":"urn:eciu:note","Type":"ConceptScheme"},"PrefLabel":{"En":"MaximumNumberOfSeats"},"Id":"de573b66-4d6b-4392-9b69-2e0ace952295","Type":"Concept"}},{"NoteLiteral":"False","Subject":{"InScheme":{"Id":"urn:eciu:note","Type":"ConceptScheme"},"PrefLabel":{"En":"ECIULMSENabled"},"Id":"de573b66-4d6b-4392-9b69-2e0ace952295","Type":"Concept"}},{"NoteLiteral":"","Subject":{"InScheme":{"Id":"urn:eciu:note","Type":"ConceptScheme"},"PrefLabel":{"En":"LMSUrl"},"Id":"de573b66-4d6b-4392-9b69-2e0ace952295","Type":"Concept"}},{"NoteLiteral":"","Subject":{"InScheme":{"Id":"urn:eciu:note","Type":"ConceptScheme"},"PrefLabel":{"En":"TeamAccessDate"},"Id":"de573b66-4d6b-4392-9b69-2e0ace952295","Type":"Concept"}},{"NoteLiteral":"false","Subject":{"InScheme":{"Id":"urn:eciu:note","Type":"ConceptScheme"},"PrefLabel":{"En":"SelfPaced"},"Id":"de573b66-4d6b-4392-9b69-2e0ace952295","Type":"Concept"}},{"NoteLiteral":"0","Subject":{"InScheme":{"Id":"urn:eciu:note","Type":"ConceptScheme"},"PrefLabel":{"En":"Pace"},"Id":"de573b66-4d6b-4392-9b69-2e0ace952295","Type":"Concept"}},{"NoteLiteral":"Standard","Subject":{"InScheme":{"Id":"urn:eciu:note","Type":"ConceptScheme"},"PrefLabel":{"En":"Scope"},"Id":"de573b66-4d6b-4392-9b69-2e0ace952295","Type":"Concept"}}],"Id":"urn:eciu:learningOpportunity:de573b66-4d6b-4392-9b69-2e0ace952295","Type":"LearningOpportunity"}