{"Mode":{"InScheme":{"Id":"http://data.europa.eu/snb/learning-assessment/25831c2","Type":"ConceptScheme"},"PrefLabel":{"En":"Online"},"Id":"http://data.europa.eu/snb/learning-assessment/920fbb3cbe","Type":"Concept"},"DcType":null,"Title":{"En":"Golden Triangle: Scope, Time and Cost in Project Management\u200B"},"AdmissionsProcedure":{"NoteLiteral":{"En":"Applicants need to attach a copy of ID card/passport (document issued by the country of origin) to enrol for the KTU virtual learning environment. This does not apply to KTU students (if you are a KTU student, you may attach a blank page). \nB2 level of English language proficiency is required."},"Id":"urn:eciu:note:3e7fa870-1823-4360-97ee-4eb33c4d8822","Type":"Note"},"ApplicationDeadline":"2024-10-01","Description":{"En":"The importance of project management is constantly growing. Project management methodologies play a pivotal role in driving transformations across diverse domains, fostering innovation, and realizing strategic objectives.\u00A0 Project success is measured by criteria such as scope, time, cost, quality and stakeholder satisfaction.\u00A0 The project management golden triangle, a fundamental construct in this discipline, comprises three interlinked variables - scope, cost, and time - that collectively determine the project\u0027s quality. To achieve project success in various businesses and manage those three elements, the project manager must have a deep understanding of each element and where they have the opportunity to be flexible to accommodate changes throughout the project."},"LearningAchievementSpecification":{"EQFLevel":{"InScheme":{"Id":"http://data.europa.eu/snb/eqf/25831c2","Type":"ConceptScheme"},"PrefLabel":{"En":"Level 7"},"Id":"http://data.europa.eu/snb/eqf/7","Type":"Concept"},"CreditPoint":{"Framework":{"InScheme":{"Id":"http://data.europa.eu/snb/education-credit/25831c2","Type":"ConceptScheme"},"PrefLabel":{"En":"European Credit Transfer System"},"Id":"http://data.europa.eu/snb/education-credit/6fcec5c5af","Type":"Concept"},"Point":"2,0","Id":"urn:epass:creditPoint:3e7fa870-1823-4360-97ee-4eb33c4d8822","Type":"CreditPoint"},"LearningOutcome":[{"Title":{"En":"Recognize projects and describe project scope"},"RelatedESCOSkill":[{"Notation":"Skill","InScheme":{"Id":"http://data.europa.eu/esco/concept-scheme/skills","Type":"ConceptScheme"},"PrefLabel":{"En":"solving problems"},"Id":"http://data.europa.eu/esco/skill/be7443ff-0747-43b8-8720-8e87fd34e692","Type":"Concept"},{"Notation":"Skill","InScheme":{"Id":"http://data.europa.eu/esco/concept-scheme/skills","Type":"ConceptScheme"},"PrefLabel":{"En":"developing objectives and strategies"},"Id":"http://data.europa.eu/esco/skill/6f89dcbe-4315-4533-8801-3aadf9190b86","Type":"Concept"}],"AdditionalNote":{"NoteLiteral":{"En":"Having completed course, the student should be able to describe the project concept and project environment, apply various techniques to describe project requirements, develop works breakdown structure, project deliverables, outputs and outcomes. "},"Id":"urn:eciu:note:d2dab9ed-9d4e-ef11-bfe2-000d3abf1a9d","Type":"Note"},"Id":"urn:epass:learningOutcome:3e7fa870-1823-4360-97ee-4eb33c4d8822-1","Type":"LearningOutcome"},{"Title":{"En":"Apply project schedule and cost management tools"},"RelatedESCOSkill":[{"Notation":"Skill","InScheme":{"Id":"http://data.europa.eu/esco/concept-scheme/skills","Type":"ConceptScheme"},"PrefLabel":{"En":"organising, planning and scheduling work and activities"},"Id":"http://data.europa.eu/esco/skill/5c26881e-2759-4a38-b136-5e0f6071b524","Type":"Concept"}],"AdditionalNote":{"NoteLiteral":{"En":"Having completed course, the student should be able to develop the project schedule, estimate project resources, establish project budget, apply various techniques of project schedule and cost management. "},"Id":"urn:eciu:note:801f5b95-9e4e-ef11-bfe2-000d3abf1a9d","Type":"Note"},"Id":"urn:epass:learningOutcome:3e7fa870-1823-4360-97ee-4eb33c4d8822-2","Type":"LearningOutcome"}],"LearningSetting":null,"Mode":null,"Title":{"En":"Golden Triangle: Scope, Time and Cost in Project Management\u200B"},"DcType":null,"HomePage":null,"VolumeOfLearning":null,"Id":"urn:eciu:qualification:3e7fa870-1823-4360-97ee-4eb33c4d8822","Type":"Qualification"},"IsPartOf":{"Mode":null,"DcType":null,"Title":{"En":"Golden Triangle: Scope, Time and Cost in Project Management\u200B"},"AdmissionsProcedure":null,"ApplicationDeadline":null,"Description":null,"LearningAchievementSpecification":null,"IsPartOf":null,"Temporal":null,"ProvidedBy":null,"LearningActivitySpecification":null,"BannerImage":null,"MoreInformation":null,"Id":"urn:eciu:learningOpportunity:9d8cd8de-211d-ef11-840a-000d3a2a7e23","Type":"LearningOpportunity"},"Temporal":{"EndDate":"2024-10-15T00:00:00Z","Name":{"En":"Temporal"},"StartDate":"2024-11-19T00:00:00Z"},"ProvidedBy":{"Location":null,"Logo":null,"LegalName":{"En":"KAUNO TECHNOLOGIJOS UNIVERSITETAS (KTU)"},"Registration":null,"Homepage":null,"Id":"urn:eciu:org:4cc1e316-6a54-ed11-bba2-6045bd886566","Type":"Organisation"},"LearningActivitySpecification":{"Mode":null,"DcType":null,"Title":{"En":""},"Description":{"En":"[https://uais.cr.ktu.lt/ktuis/stp\\_report\\_ects.mdl\\_ml?p\\_kodas=MM00M129\u0026p\\_year=2024\u0026p\\_lang=EN\u0026p\\_stp\\_id=](https://uais.cr.ktu.lt/ktuis/stp_report_ects.mdl_ml?p_kodas=MM00M129\u0026amp;p_year=2024\u0026amp;p_lang=EN\u0026amp;p_stp_id=)"},"MoreInformation":[{"NoteLiteral":"The expected workload of the micro-module is around 14 hours per week. This includes time invested in watching the video lectures, reading, preparation for quizzes, and assignment writing.  \n\nTeaching and working methods: The micro-module utilizes digital teaching methods and applications which include video lectures, quizzes, case analysis, and assignment writing.  \n\nThe micro-module is examined by four mini quizzes and a project report. Project report is the final assessment. Project report consists of three practical tasks: Project scope, Project schedule and Project budget.  \n\nThis micro-module is PASS or FAIL. To pass the micro-module, you must achieve a score of 50% or higher for each graded activity. The highest possible grade is 100%. When you complete all the required micro-module activities, you will earn a final grade.\n\n[Syllabus of the micro-module](https://uais.cr.ktu.lt/ktuis/stp_report_ects.mdl_ml?p_kodas=MM00M129\u0026amp;p_year=2024\u0026amp;p_lang=EN\u0026amp;p_stp_id=)","Subject":{"InScheme":{"Id":"urn:eciu:note","Type":"ConceptScheme"},"PrefLabel":{"En":"ParticipantInformation"},"Id":"3e7fa870-1823-4360-97ee-4eb33c4d8822","Type":"Concept"}}],"HasPart":null,"Id":"urn:eciu:learningActivitySpec:3e7fa870-1823-4360-97ee-4eb33c4d8822","Type":"LearningActivitySpecification"},"BannerImage":null,"MoreInformation":[{"NoteLiteral":"","Subject":{"InScheme":{"Id":"urn:eciu:note","Type":"ConceptScheme"},"PrefLabel":{"En":"SourceIdentifier"},"Id":"3e7fa870-1823-4360-97ee-4eb33c4d8822","Type":"Concept"}},{"NoteLiteral":"Key tools and techniques for project success","Subject":{"InScheme":{"Id":"urn:eciu:note","Type":"ConceptScheme"},"PrefLabel":{"En":"SubTitle"},"Id":"3e7fa870-1823-4360-97ee-4eb33c4d8822","Type":"Concept"}},{"NoteLiteral":"The micro-module is intended for all students, regardless of background, who want to gain theoretical and practical knowledge on how to successfully manage the golden triangle of a project - scope, time and cost.","Subject":{"InScheme":{"Id":"urn:eciu:note","Type":"ConceptScheme"},"PrefLabel":{"En":"Introduction"},"Id":"3e7fa870-1823-4360-97ee-4eb33c4d8822","Type":"Concept"}},{"NoteLiteral":"True","Subject":{"InScheme":{"Id":"urn:eciu:note","Type":"ConceptScheme"},"PrefLabel":{"En":"GenerateMicroCredentials"},"Id":"3e7fa870-1823-4360-97ee-4eb33c4d8822","Type":"Concept"}},{"NoteLiteral":"Applicants need to attach a copy of ID card/passport (document issued by the country of origin) to enrol for the KTU virtual learning environment. This does not apply to KTU students (if you are a KTU student, you may attach a blank page).\u00A0\n\nB2 level of English language proficiency is required.","Subject":{"InScheme":{"Id":"urn:eciu:note","Type":"ConceptScheme"},"PrefLabel":{"En":"AdmissionProcessInformation"},"Id":"3e7fa870-1823-4360-97ee-4eb33c4d8822","Type":"Concept"}},{"NoteLiteral":"False","Subject":{"InScheme":{"Id":"urn:eciu:note","Type":"ConceptScheme"},"PrefLabel":{"En":"SimplifiedAdmissionProcess"},"Id":"3e7fa870-1823-4360-97ee-4eb33c4d8822","Type":"Concept"}},{"NoteLiteral":"2024-07-30","Subject":{"InScheme":{"Id":"urn:eciu:note","Type":"ConceptScheme"},"PrefLabel":{"En":"ApplicationPeriodStartDate"},"Id":"3e7fa870-1823-4360-97ee-4eb33c4d8822","Type":"Concept"}},{"NoteLiteral":"10","Subject":{"InScheme":{"Id":"urn:eciu:note","Type":"ConceptScheme"},"PrefLabel":{"En":"MaximumNumberOfSeats"},"Id":"3e7fa870-1823-4360-97ee-4eb33c4d8822","Type":"Concept"}},{"NoteLiteral":"False","Subject":{"InScheme":{"Id":"urn:eciu:note","Type":"ConceptScheme"},"PrefLabel":{"En":"ECIULMSENabled"},"Id":"3e7fa870-1823-4360-97ee-4eb33c4d8822","Type":"Concept"}},{"NoteLiteral":"","Subject":{"InScheme":{"Id":"urn:eciu:note","Type":"ConceptScheme"},"PrefLabel":{"En":"LMSUrl"},"Id":"3e7fa870-1823-4360-97ee-4eb33c4d8822","Type":"Concept"}},{"NoteLiteral":"","Subject":{"InScheme":{"Id":"urn:eciu:note","Type":"ConceptScheme"},"PrefLabel":{"En":"TeamAccessDate"},"Id":"3e7fa870-1823-4360-97ee-4eb33c4d8822","Type":"Concept"}},{"NoteLiteral":"false","Subject":{"InScheme":{"Id":"urn:eciu:note","Type":"ConceptScheme"},"PrefLabel":{"En":"SelfPaced"},"Id":"3e7fa870-1823-4360-97ee-4eb33c4d8822","Type":"Concept"}},{"NoteLiteral":"0","Subject":{"InScheme":{"Id":"urn:eciu:note","Type":"ConceptScheme"},"PrefLabel":{"En":"Pace"},"Id":"3e7fa870-1823-4360-97ee-4eb33c4d8822","Type":"Concept"}},{"NoteLiteral":"Standard","Subject":{"InScheme":{"Id":"urn:eciu:note","Type":"ConceptScheme"},"PrefLabel":{"En":"Scope"},"Id":"3e7fa870-1823-4360-97ee-4eb33c4d8822","Type":"Concept"}}],"Id":"urn:eciu:learningOpportunity:3e7fa870-1823-4360-97ee-4eb33c4d8822","Type":"LearningOpportunity"}