{"Mode":{"InScheme":{"Id":"http://data.europa.eu/snb/learning-assessment/25831c2","Type":"ConceptScheme"},"PrefLabel":{"En":"Online"},"Id":"http://data.europa.eu/snb/learning-assessment/920fbb3cbe","Type":"Concept"},"DcType":null,"Title":{"En":"Blockchain Challenges and Issues"},"AdmissionsProcedure":null,"ApplicationDeadline":"2024-08-16","Description":{"En":"In this course, we will analyse the technical problems such as scalability and transaction speed faced by blockchain. Furthermore, we will study different researches that were carried out on how to make blockchains faster and more scalable without compromising on security.\n\nIn order for blockchain technology to reach its full potential, it needs to be interoperable. We will analyse some blockchain interoperability solutions and project initiatives. Finally, we will discuss other issues, such as energy consumption and lack of talent in the blockchain industry.\n\nUpon completion of\u00A0 this course,\u00A0 you will be able to; identify the major blockchain implementation challenges and issues, explain each blockchain implementation issue, understand the impact of the challenges on the adoption of blockchain technology, and outline some existing initiatives trying to address the blockchain challenges"},"LearningAchievementSpecification":{"EQFLevel":{"InScheme":{"Id":"http://data.europa.eu/snb/eqf/25831c2","Type":"ConceptScheme"},"PrefLabel":{"En":"Level 7"},"Id":"http://data.europa.eu/snb/eqf/7","Type":"Concept"},"CreditPoint":null,"LearningOutcome":[{"Title":{"En":"L01"},"RelatedESCOSkill":[{"Notation":"Skill","InScheme":{"Id":"http://data.europa.eu/esco/concept-scheme/skills","Type":"ConceptScheme"},"PrefLabel":{"En":"blockchain platforms"},"Id":"http://data.europa.eu/esco/skill/9035afc4-5317-455d-ab60-f32e2ecc6bfc","Type":"Concept"}],"AdditionalNote":{"NoteLiteral":{"En":"By the end of the course, you will be able to identify the major blockchain implementation challenges and issues"},"Id":"urn:eciu:note:cef73ea3-cf11-ef11-9f89-6045bd89eae4","Type":"Note"},"Id":"urn:epass:learningOutcome:237e8c9f-4a62-4628-ad0d-7ca9335f5a11-1","Type":"LearningOutcome"},{"Title":{"En":"L02"},"RelatedESCOSkill":[{"Notation":"Skill","InScheme":{"Id":"http://data.europa.eu/esco/concept-scheme/skills","Type":"ConceptScheme"},"PrefLabel":{"En":"blockchain platforms"},"Id":"http://data.europa.eu/esco/skill/9035afc4-5317-455d-ab60-f32e2ecc6bfc","Type":"Concept"}],"AdditionalNote":{"NoteLiteral":{"En":"By the end of the course, you will be able to explain each blockchain implementation issue."},"Id":"urn:eciu:note:44762007-d311-ef11-9f89-6045bd89eae4","Type":"Note"},"Id":"urn:epass:learningOutcome:237e8c9f-4a62-4628-ad0d-7ca9335f5a11-2","Type":"LearningOutcome"},{"Title":{"En":"L03"},"RelatedESCOSkill":[{"Notation":"Skill","InScheme":{"Id":"http://data.europa.eu/esco/concept-scheme/skills","Type":"ConceptScheme"},"PrefLabel":{"En":"blockchain platforms"},"Id":"http://data.europa.eu/esco/skill/9035afc4-5317-455d-ab60-f32e2ecc6bfc","Type":"Concept"}],"AdditionalNote":{"NoteLiteral":{"En":"By the end of the course, you will be able to understand the impact of the challenges on the adoption of blockchain technology."},"Id":"urn:eciu:note:9652992e-d311-ef11-9f89-6045bd89eae4","Type":"Note"},"Id":"urn:epass:learningOutcome:237e8c9f-4a62-4628-ad0d-7ca9335f5a11-3","Type":"LearningOutcome"},{"Title":{"En":"L04"},"RelatedESCOSkill":[{"Notation":"Skill","InScheme":{"Id":"http://data.europa.eu/esco/concept-scheme/skills","Type":"ConceptScheme"},"PrefLabel":{"En":"blockchain platforms"},"Id":"http://data.europa.eu/esco/skill/9035afc4-5317-455d-ab60-f32e2ecc6bfc","Type":"Concept"}],"AdditionalNote":{"NoteLiteral":{"En":"By the end of the course, you will be able to outline some existing initiatives trying to address the blockchain challenges"},"Id":"urn:eciu:note:b06d9046-d311-ef11-9f89-6045bd89eae4","Type":"Note"},"Id":"urn:epass:learningOutcome:237e8c9f-4a62-4628-ad0d-7ca9335f5a11-4","Type":"LearningOutcome"}],"LearningSetting":null,"Mode":null,"Title":{"En":"Blockchain Challenges and Issues"},"DcType":null,"HomePage":null,"VolumeOfLearning":"PT4H","Id":"urn:eciu:qualification:237e8c9f-4a62-4628-ad0d-7ca9335f5a11","Type":"Qualification"},"IsPartOf":{"Mode":null,"DcType":null,"Title":{"En":"Blockchain Challenges and Issues"},"AdmissionsProcedure":null,"ApplicationDeadline":null,"Description":null,"LearningAchievementSpecification":null,"IsPartOf":null,"Temporal":null,"ProvidedBy":null,"LearningActivitySpecification":null,"BannerImage":null,"MoreInformation":[{"NoteLiteral":"CA60001","Subject":{"InScheme":{"Id":"urn:eciu:note","Type":"ConceptScheme"},"PrefLabel":{"En":"EducationIdentifier"},"Id":"f27981f2-cb11-ef11-9f89-6045bd89eae4","Type":"Concept"}}],"Id":"urn:eciu:learningOpportunity:f27981f2-cb11-ef11-9f89-6045bd89eae4","Type":"LearningOpportunity"},"Temporal":{"EndDate":"2024-05-20T00:00:00Z","Name":{"En":"Temporal"},"StartDate":"2024-08-30T00:00:00Z"},"ProvidedBy":{"Location":null,"Logo":null,"LegalName":{"En":"DUBLIN CITY UNIVERSITY (DCU)"},"Registration":null,"Homepage":null,"Id":"urn:eciu:org:ee9c51fc-6954-ed11-bba2-6045bd886566","Type":"Organisation"},"LearningActivitySpecification":{"Mode":null,"DcType":null,"Title":{"En":""},"Description":null,"MoreInformation":[{"NoteLiteral":"- The course will become **accessible as of the 20th of May 2024**.\n- You can already register for it by clicking**this link: [https://www.futurelearn.com/invitations/dcu/blockchain-challenges-and-issues/4qpbut24sya3dbxzkl2fali93divtew](https://www.futurelearn.com/invitations/dcu/blockchain-challenges-and-issues/4qpbut24sya3dbxzkl2fali93divtew)**\n- On clicking the link, you will be prompted to **set up an account with the FutureLearn**, which will be your Learning Environment for this course.\n- To gain access to the course in FutureLearn, **please use your Tampere City email address** when opening the account.\n- The course is asynchronous and provides you with the opportunity to comment on course content etc. with your peers during the course.","Subject":{"InScheme":{"Id":"urn:eciu:note","Type":"ConceptScheme"},"PrefLabel":{"En":"ParticipantInformation"},"Id":"237e8c9f-4a62-4628-ad0d-7ca9335f5a11","Type":"Concept"}}],"HasPart":null,"Id":"urn:eciu:learningActivitySpec:237e8c9f-4a62-4628-ad0d-7ca9335f5a11","Type":"LearningActivitySpecification"},"BannerImage":null,"MoreInformation":[{"NoteLiteral":"","Subject":{"InScheme":{"Id":"urn:eciu:note","Type":"ConceptScheme"},"PrefLabel":{"En":"SourceIdentifier"},"Id":"237e8c9f-4a62-4628-ad0d-7ca9335f5a11","Type":"Concept"}},{"NoteLiteral":"(Blockchain)","Subject":{"InScheme":{"Id":"urn:eciu:note","Type":"ConceptScheme"},"PrefLabel":{"En":"SubTitle"},"Id":"237e8c9f-4a62-4628-ad0d-7ca9335f5a11","Type":"Concept"}},{"NoteLiteral":"In this course, we will review some of the biggest blockchain challenges and issues, as well as some of the initiatives that are trying to tackle them.","Subject":{"InScheme":{"Id":"urn:eciu:note","Type":"ConceptScheme"},"PrefLabel":{"En":"Introduction"},"Id":"237e8c9f-4a62-4628-ad0d-7ca9335f5a11","Type":"Concept"}},{"NoteLiteral":"True","Subject":{"InScheme":{"Id":"urn:eciu:note","Type":"ConceptScheme"},"PrefLabel":{"En":"GenerateMicroCredentials"},"Id":"237e8c9f-4a62-4628-ad0d-7ca9335f5a11","Type":"Concept"}},{"NoteLiteral":"","Subject":{"InScheme":{"Id":"urn:eciu:note","Type":"ConceptScheme"},"PrefLabel":{"En":"AdmissionProcessInformation"},"Id":"237e8c9f-4a62-4628-ad0d-7ca9335f5a11","Type":"Concept"}},{"NoteLiteral":"True","Subject":{"InScheme":{"Id":"urn:eciu:note","Type":"ConceptScheme"},"PrefLabel":{"En":"SimplifiedAdmissionProcess"},"Id":"237e8c9f-4a62-4628-ad0d-7ca9335f5a11","Type":"Concept"}},{"NoteLiteral":"2024-05-13","Subject":{"InScheme":{"Id":"urn:eciu:note","Type":"ConceptScheme"},"PrefLabel":{"En":"ApplicationPeriodStartDate"},"Id":"237e8c9f-4a62-4628-ad0d-7ca9335f5a11","Type":"Concept"}},{"NoteLiteral":"30","Subject":{"InScheme":{"Id":"urn:eciu:note","Type":"ConceptScheme"},"PrefLabel":{"En":"MaximumNumberOfSeats"},"Id":"237e8c9f-4a62-4628-ad0d-7ca9335f5a11","Type":"Concept"}},{"NoteLiteral":"False","Subject":{"InScheme":{"Id":"urn:eciu:note","Type":"ConceptScheme"},"PrefLabel":{"En":"ECIULMSENabled"},"Id":"237e8c9f-4a62-4628-ad0d-7ca9335f5a11","Type":"Concept"}},{"NoteLiteral":"https://www.futurelearn.com/invitations/dcu/blockchain-challenges-and-issues/4qpbut24sya3dbxzkl2fali93divtew","Subject":{"InScheme":{"Id":"urn:eciu:note","Type":"ConceptScheme"},"PrefLabel":{"En":"LMSUrl"},"Id":"237e8c9f-4a62-4628-ad0d-7ca9335f5a11","Type":"Concept"}},{"NoteLiteral":"","Subject":{"InScheme":{"Id":"urn:eciu:note","Type":"ConceptScheme"},"PrefLabel":{"En":"TeamAccessDate"},"Id":"237e8c9f-4a62-4628-ad0d-7ca9335f5a11","Type":"Concept"}},{"NoteLiteral":"false","Subject":{"InScheme":{"Id":"urn:eciu:note","Type":"ConceptScheme"},"PrefLabel":{"En":"SelfPaced"},"Id":"237e8c9f-4a62-4628-ad0d-7ca9335f5a11","Type":"Concept"}},{"NoteLiteral":"25","Subject":{"InScheme":{"Id":"urn:eciu:note","Type":"ConceptScheme"},"PrefLabel":{"En":"Pace"},"Id":"237e8c9f-4a62-4628-ad0d-7ca9335f5a11","Type":"Concept"}},{"NoteLiteral":"Standard","Subject":{"InScheme":{"Id":"urn:eciu:note","Type":"ConceptScheme"},"PrefLabel":{"En":"Scope"},"Id":"237e8c9f-4a62-4628-ad0d-7ca9335f5a11","Type":"Concept"}}],"Id":"urn:eciu:learningOpportunity:237e8c9f-4a62-4628-ad0d-7ca9335f5a11","Type":"LearningOpportunity"}