{"Mode":{"InScheme":{"Id":"http://data.europa.eu/snb/learning-assessment/25831c2","Type":"ConceptScheme"},"PrefLabel":{"En":"Online"},"Id":"http://data.europa.eu/snb/learning-assessment/920fbb3cbe","Type":"Concept"},"DcType":null,"Title":{"En":"Responsible Innovation for a Sustainable World"},"AdmissionsProcedure":null,"ApplicationDeadline":"2025-01-14","Description":{"En":"The module addresses the concept of responsible innovation\u2014innovations that strive to ethically and sustainably align technological progress with societal needs within planetary boundaries. It covers the potential impacts of innovation, taking into account various ethical and sustainability perspectives. Additionally, the organisation of the innovation process for implementing responsible innovations will be discussed. The module will also examine sustainability from a policy perspective."},"LearningAchievementSpecification":{"EQFLevel":{"InScheme":{"Id":"http://data.europa.eu/snb/eqf/25831c2","Type":"ConceptScheme"},"PrefLabel":{"En":"Level 6"},"Id":"http://data.europa.eu/snb/eqf/6","Type":"Concept"},"CreditPoint":{"Framework":{"InScheme":{"Id":"http://data.europa.eu/snb/education-credit/25831c2","Type":"ConceptScheme"},"PrefLabel":{"En":"European Credit Transfer System"},"Id":"http://data.europa.eu/snb/education-credit/6fcec5c5af","Type":"Concept"},"Point":"3,0","Id":"urn:epass:creditPoint:5ac3098f-67b4-430c-af30-9c3d1818d376","Type":"CreditPoint"},"LearningOutcome":[{"Title":{"En":"Theoretical knowledge"},"RelatedESCOSkill":[{"Notation":"Skill","InScheme":{"Id":"http://data.europa.eu/esco/concept-scheme/skills","Type":"ConceptScheme"},"PrefLabel":{"En":"follow environmentally-sustainable work practices"},"Id":"http://data.europa.eu/esco/skill/a992f345-7c06-4982-8fc9-5fab55e316af","Type":"Concept"}],"AdditionalNote":{"NoteLiteral":{"En":"Ability to understand and apply the concept of responsible innovation from different perspectives and contexts"},"Id":"urn:eciu:note:5f75cabe-dca8-ef11-b8e8-7c1e5261d5f4","Type":"Note"},"Id":"urn:epass:learningOutcome:5ac3098f-67b4-430c-af30-9c3d1818d376-1","Type":"LearningOutcome"},{"Title":{"En":"Ethics and innovation"},"RelatedESCOSkill":[{"Notation":"Skill","InScheme":{"Id":"http://data.europa.eu/esco/concept-scheme/skills","Type":"ConceptScheme"},"PrefLabel":{"En":"corporate social responsibility"},"Id":"http://data.europa.eu/esco/skill/66db424f-2abe-420d-8e5b-186607266b61","Type":"Concept"},{"Notation":"Skill","InScheme":{"Id":"http://data.europa.eu/esco/concept-scheme/skills","Type":"ConceptScheme"},"PrefLabel":{"En":"innovation processes"},"Id":"http://data.europa.eu/esco/skill/2fb8480e-de3c-462b-b169-e8bbb344da68","Type":"Concept"}],"AdditionalNote":{"NoteLiteral":{"En":"The ability to explain and apply various perspectives to address ethical issues in the innovation process"},"Id":"urn:eciu:note:fd9611dd-dca8-ef11-b8e8-7c1e5261d5f4","Type":"Note"},"Id":"urn:epass:learningOutcome:5ac3098f-67b4-430c-af30-9c3d1818d376-2","Type":"LearningOutcome"},{"Title":{"En":"Sustainability and innovation"},"RelatedESCOSkill":[{"Notation":"Skill","InScheme":{"Id":"http://data.europa.eu/esco/concept-scheme/skills","Type":"ConceptScheme"},"PrefLabel":{"En":"think innovately"},"Id":"http://data.europa.eu/esco/skill/c2a0c52c-0b4b-4180-a918-92650ea3b458","Type":"Concept"}],"AdditionalNote":{"NoteLiteral":{"En":"Ability to explain and apply sustainability principles in an innovation context"},"Id":"urn:eciu:note:ab6c03f5-dca8-ef11-b8e8-7c1e5261d5f4","Type":"Note"},"Id":"urn:epass:learningOutcome:5ac3098f-67b4-430c-af30-9c3d1818d376-3","Type":"LearningOutcome"},{"Title":{"En":"Self-reflection"},"RelatedESCOSkill":[{"Notation":"Skill","InScheme":{"Id":"http://data.europa.eu/esco/concept-scheme/skills","Type":"ConceptScheme"},"PrefLabel":{"En":"exercise self-reflection"},"Id":"http://data.europa.eu/esco/skill/409a0245-0e6c-4aac-ba16-0920ecb76a8d","Type":"Concept"},{"Notation":"Skill","InScheme":{"Id":"http://data.europa.eu/esco/concept-scheme/skills","Type":"ConceptScheme"},"PrefLabel":{"En":"evaluate environmental impact of personal behaviour"},"Id":"http://data.europa.eu/esco/skill/2aaad52d-599e-4e77-a681-bbc236825821","Type":"Concept"}],"AdditionalNote":{"NoteLiteral":{"En":"Ability to motivate and reflect on the organization of responsible innovation"},"Id":"urn:eciu:note:c8632413-dda8-ef11-b8e8-7c1e5261d5f4","Type":"Note"},"Id":"urn:epass:learningOutcome:5ac3098f-67b4-430c-af30-9c3d1818d376-4","Type":"LearningOutcome"}],"LearningSetting":null,"Mode":null,"Title":{"En":"Responsible Innovation for a Sustainable World"},"DcType":null,"HomePage":null,"VolumeOfLearning":null,"Id":"urn:eciu:qualification:5ac3098f-67b4-430c-af30-9c3d1818d376","Type":"Qualification"},"IsPartOf":{"Mode":null,"DcType":null,"Title":{"En":"Responsible Innovation for a Sustainable World"},"AdmissionsProcedure":null,"ApplicationDeadline":null,"Description":null,"LearningAchievementSpecification":null,"IsPartOf":null,"Temporal":null,"ProvidedBy":null,"LearningActivitySpecification":null,"BannerImage":null,"MoreInformation":null,"Id":"urn:eciu:learningOpportunity:9781ba96-dba8-ef11-b8e8-7c1e5261d5f4","Type":"LearningOpportunity"},"Temporal":{"EndDate":"2025-02-06T00:00:00Z","Name":{"En":"Temporal"},"StartDate":"2025-04-17T00:00:00Z"},"ProvidedBy":{"Location":null,"Logo":null,"LegalName":{"En":"LINKOPINGS UNIVERSITET (LIU)"},"Registration":null,"Homepage":null,"Id":"urn:eciu:org:f1122d1d-6a54-ed11-bba2-6045bd886566","Type":"Organisation"},"LearningActivitySpecification":{"Mode":null,"DcType":null,"Title":{"En":""},"Description":null,"MoreInformation":[{"NoteLiteral":"**Teaching and working methods**\n\nTeaching is conducted online through digital meetings.\n\nTeaching formats include lectures, videos, workshops, and individual reflection.\n\nFurthermore, the students are expected to conduct self-studies.\n\n**Preliminary schedule:**\n\nBelow you can see a preliminary schedule. Changes may occur:\n\n06 Feb 2025 10:15-12:00 CET: Lecture (online)\n\n20 Feb 2025\u00A010:15-12:00 CET: Lecture and seminar (online)\n\n27 Feb 2025\u00A010:15-12:00 CET: Lecture\u00A0(online)\n\n13 Mar 2025 10:15-12:00 CET: Case seminar\u00A0(online)\n\n26 Mar 2025 13:15-15:00 CET: Case seminar\u00A0(online)\n\n10 Apr 2025\u00A013:15-15:00 CEST: Seminar and concluding lecture\u00A0(online)\n\n17 Apr 2025 12:00 CEST: Submission deadline for the individual assignment\u00A0\n\n**Assessment**\n\nThe module is assessed through:\n\n- Individual written assignment, grading scale: Pass with Distinction (PWD), Pass (P), Fail (F)\n- Active participation in digital meetings and workshops, grading scale: Pass (P), Fail (F)\n\nTo receive a passing final grade, a minimum of a Pass (P) is required on all components. For a Pass with Distinction (PWD), a Pass with Distinction is required on the individual written assignment.\n\n**Learning pathway suggestion**\n\nThis micro-module can be combined with the:\n\n- [The sustainable forest challenge](https://engage.eciu.eu/challenges/eb11dc2c-0bf5-419b-ac84-a4ac6ae29b28/the-sustainable-forest-challenge) (challenge)\n- [Business modelling in the circular economy](https://engage.eciu.eu/micro-modules/d0f9524e-fdbe-433e-ae0f-14bc1c57ffb5/business-modelling-in-the-circular-economy) (micro-module)\n\nFor any questions, please contact us at eciu@liu.se.","Subject":{"InScheme":{"Id":"urn:eciu:note","Type":"ConceptScheme"},"PrefLabel":{"En":"ParticipantInformation"},"Id":"5ac3098f-67b4-430c-af30-9c3d1818d376","Type":"Concept"}}],"HasPart":null,"Id":"urn:eciu:learningActivitySpec:5ac3098f-67b4-430c-af30-9c3d1818d376","Type":"LearningActivitySpecification"},"BannerImage":null,"MoreInformation":[{"NoteLiteral":"","Subject":{"InScheme":{"Id":"urn:eciu:note","Type":"ConceptScheme"},"PrefLabel":{"En":"SourceIdentifier"},"Id":"5ac3098f-67b4-430c-af30-9c3d1818d376","Type":"Concept"}},{"NoteLiteral":"How we can innovate for the better","Subject":{"InScheme":{"Id":"urn:eciu:note","Type":"ConceptScheme"},"PrefLabel":{"En":"SubTitle"},"Id":"5ac3098f-67b4-430c-af30-9c3d1818d376","Type":"Concept"}},{"NoteLiteral":"How can we leverage technological progress to address societal needs and still remain within planetary boundaries? This module explores the concept of responsible innovation and gives the learners the opportunity to apply it in different cases. Join us and learn how we can innovate for the better!","Subject":{"InScheme":{"Id":"urn:eciu:note","Type":"ConceptScheme"},"PrefLabel":{"En":"Introduction"},"Id":"5ac3098f-67b4-430c-af30-9c3d1818d376","Type":"Concept"}},{"NoteLiteral":"True","Subject":{"InScheme":{"Id":"urn:eciu:note","Type":"ConceptScheme"},"PrefLabel":{"En":"GenerateMicroCredentials"},"Id":"5ac3098f-67b4-430c-af30-9c3d1818d376","Type":"Concept"}},{"NoteLiteral":"**Deadline for applications:** 14 January 2025\u00A0\n\n**Entry requirements**:\u00A090 ECTS completed at the undergraduate level\n\n**Supporting documentation**\n\nAll applicants are required to submit a transcript of records.\n\nTo process your application we will need the following infromation:\n\n- Name\n- Surname\n- Legal sex (female/male)\n- Date of birth\n- Valid home address\n- Phone number\n\nThis is necessary for the activation of your account at Link\u00F6ping University and to get access to the study material and the learning management system. Please fill in the above information in your profile on the ECIU engage platform, it will make the process much easier and faster for everyone.\n\nYou will receive a results notification within 2 days from the application deadline. If you are admitted, you will be contacted by the host university regarding the next steps in the process.","Subject":{"InScheme":{"Id":"urn:eciu:note","Type":"ConceptScheme"},"PrefLabel":{"En":"AdmissionProcessInformation"},"Id":"5ac3098f-67b4-430c-af30-9c3d1818d376","Type":"Concept"}},{"NoteLiteral":"False","Subject":{"InScheme":{"Id":"urn:eciu:note","Type":"ConceptScheme"},"PrefLabel":{"En":"SimplifiedAdmissionProcess"},"Id":"5ac3098f-67b4-430c-af30-9c3d1818d376","Type":"Concept"}},{"NoteLiteral":"2024-11-22","Subject":{"InScheme":{"Id":"urn:eciu:note","Type":"ConceptScheme"},"PrefLabel":{"En":"ApplicationPeriodStartDate"},"Id":"5ac3098f-67b4-430c-af30-9c3d1818d376","Type":"Concept"}},{"NoteLiteral":"30","Subject":{"InScheme":{"Id":"urn:eciu:note","Type":"ConceptScheme"},"PrefLabel":{"En":"MaximumNumberOfSeats"},"Id":"5ac3098f-67b4-430c-af30-9c3d1818d376","Type":"Concept"}},{"NoteLiteral":"False","Subject":{"InScheme":{"Id":"urn:eciu:note","Type":"ConceptScheme"},"PrefLabel":{"En":"ECIULMSENabled"},"Id":"5ac3098f-67b4-430c-af30-9c3d1818d376","Type":"Concept"}},{"NoteLiteral":"","Subject":{"InScheme":{"Id":"urn:eciu:note","Type":"ConceptScheme"},"PrefLabel":{"En":"LMSUrl"},"Id":"5ac3098f-67b4-430c-af30-9c3d1818d376","Type":"Concept"}},{"NoteLiteral":"","Subject":{"InScheme":{"Id":"urn:eciu:note","Type":"ConceptScheme"},"PrefLabel":{"En":"TeamAccessDate"},"Id":"5ac3098f-67b4-430c-af30-9c3d1818d376","Type":"Concept"}},{"NoteLiteral":"false","Subject":{"InScheme":{"Id":"urn:eciu:note","Type":"ConceptScheme"},"PrefLabel":{"En":"SelfPaced"},"Id":"5ac3098f-67b4-430c-af30-9c3d1818d376","Type":"Concept"}},{"NoteLiteral":"25","Subject":{"InScheme":{"Id":"urn:eciu:note","Type":"ConceptScheme"},"PrefLabel":{"En":"Pace"},"Id":"5ac3098f-67b4-430c-af30-9c3d1818d376","Type":"Concept"}},{"NoteLiteral":"Standard","Subject":{"InScheme":{"Id":"urn:eciu:note","Type":"ConceptScheme"},"PrefLabel":{"En":"Scope"},"Id":"5ac3098f-67b4-430c-af30-9c3d1818d376","Type":"Concept"}}],"Id":"urn:eciu:learningOpportunity:5ac3098f-67b4-430c-af30-9c3d1818d376","Type":"LearningOpportunity"}