{"Mode":{"InScheme":{"Id":"http://data.europa.eu/snb/learning-assessment/25831c2","Type":"ConceptScheme"},"PrefLabel":{"En":"Online"},"Id":"http://data.europa.eu/snb/learning-assessment/920fbb3cbe","Type":"Concept"},"DcType":null,"Title":{"En":"Ethics of Artificial Intelligence"},"AdmissionsProcedure":null,"ApplicationDeadline":"2024-10-13","Description":{"En":"The micro-module deals with ethical questions that rise from the development of more and more sophisticated autonomous systems. Questions of what requirements and standards we should hold technology to, and why. What kind of agents are artificial systems, and can they be considered moral agents? Can they be ascribed any moral responsibility at all? And where should the main responsibility for artificial intelligence (AI) be placed and why?\n\nThe micro-module focuses on three main areas of moral relevance for autonomous systems and AI:\n\n1. Responsibility for decisions made by artificial agents.\n2. Bias/discrimination as a result of AI use.\n3. The importance of participation in the development of AI systems.\n\nDuring this micro-module, students are provided theoretical tools for reflection on the development of AI, requirements that ought to be made regarding this technology and how it ought to be managed in society."},"LearningAchievementSpecification":{"EQFLevel":{"InScheme":{"Id":"http://data.europa.eu/snb/eqf/25831c2","Type":"ConceptScheme"},"PrefLabel":{"En":"Level 6"},"Id":"http://data.europa.eu/snb/eqf/6","Type":"Concept"},"CreditPoint":{"Framework":{"InScheme":{"Id":"http://data.europa.eu/snb/education-credit/25831c2","Type":"ConceptScheme"},"PrefLabel":{"En":"European Credit Transfer System"},"Id":"http://data.europa.eu/snb/education-credit/6fcec5c5af","Type":"Concept"},"Point":"7,5","Id":"urn:epass:creditPoint:ec1b28b3-c403-ef11-9f89-0022488b0cca","Type":"CreditPoint"},"LearningOutcome":[{"Title":{"En":"Argumentation"},"RelatedESCOSkill":[{"Notation":"Skill","InScheme":{"Id":"http://data.europa.eu/esco/concept-scheme/skills","Type":"ConceptScheme"},"PrefLabel":{"En":"exercise self-reflection"},"Id":"http://data.europa.eu/esco/skill/409a0245-0e6c-4aac-ba16-0920ecb76a8d","Type":"Concept"},{"Notation":"Skill","InScheme":{"Id":"http://data.europa.eu/esco/concept-scheme/skills","Type":"ConceptScheme"},"PrefLabel":{"En":"show empathy"},"Id":"http://data.europa.eu/esco/skill/77b636e8-fab3-41a8-8022-1e0a354059dc","Type":"Concept"}],"AdditionalNote":{"NoteLiteral":{"En":"Having completed course, the student should at a basic level be able to develop a theoretically informed argumentation in specific problem areas related to AI."},"Id":"urn:eciu:note:b9e9efb3-c403-ef11-9f89-0022487fecad","Type":"Note"},"Id":"urn:epass:learningOutcome:ec1b28b3-c403-ef11-9f89-0022488b0cca-1","Type":"LearningOutcome"},{"Title":{"En":"Critical thinking"},"RelatedESCOSkill":[{"Notation":"Skill","InScheme":{"Id":"http://data.europa.eu/esco/concept-scheme/skills","Type":"ConceptScheme"},"PrefLabel":{"En":"think creatively"},"Id":"http://data.europa.eu/esco/skill/c624c6a3-b0ba-4a31-a296-0d433fe47e41","Type":"Concept"},{"Notation":"Skill","InScheme":{"Id":"http://data.europa.eu/esco/concept-scheme/skills","Type":"ConceptScheme"},"PrefLabel":{"En":"think analytically"},"Id":"http://data.europa.eu/esco/skill/4707da90-9cfc-46ca-8de0-38a0b7bfb137","Type":"Concept"}],"AdditionalNote":{"NoteLiteral":{"En":"Having completed course, the student should at a basic level be able to express an open and critical stance to claims and arguments."},"Id":"urn:eciu:note:b9c6f1b9-c403-ef11-9f89-0022487fecad","Type":"Note"},"Id":"urn:epass:learningOutcome:ec1b28b3-c403-ef11-9f89-0022488b0cca-2","Type":"LearningOutcome"},{"Title":{"En":"Theoretical knowledge"},"RelatedESCOSkill":[{"Notation":"Skill","InScheme":{"Id":"http://data.europa.eu/esco/concept-scheme/skills","Type":"ConceptScheme"},"PrefLabel":{"En":"demonstrate willingness to learn"},"Id":"http://data.europa.eu/esco/skill/A1.8.0","Type":"Concept"}],"AdditionalNote":{"NoteLiteral":{"En":"Having completed course, the student should at a basic level be able to provide an account for concepts, theories and problem within applied ethics and the ethics of artificial intelligence (AI)."},"Id":"urn:eciu:note:a713eabf-c403-ef11-9f89-0022487fecad","Type":"Note"},"Id":"urn:epass:learningOutcome:ec1b28b3-c403-ef11-9f89-0022488b0cca-3","Type":"LearningOutcome"},{"Title":{"En":"Understanding political implications"},"RelatedESCOSkill":[{"Notation":"Skill","InScheme":{"Id":"http://data.europa.eu/esco/concept-scheme/skills","Type":"ConceptScheme"},"PrefLabel":{"En":"respect cultural preferences"},"Id":"http://data.europa.eu/esco/skill/a1a8e4ae-f1e3-44aa-9067-e587e69634cd","Type":"Concept"},{"Notation":"Skill","InScheme":{"Id":"http://data.europa.eu/esco/concept-scheme/skills","Type":"ConceptScheme"},"PrefLabel":{"En":"demonstrate intercultural competence"},"Id":"http://data.europa.eu/esco/skill/c10d5d87-36cf-42f5-8a12-e560fb5f4af8","Type":"Concept"}],"AdditionalNote":{"NoteLiteral":{"En":"Having completed course, the student should at a basic level be able to formulate theory-based political recommendations and assessments regarding a moral issue related to AI in a particular professional area."},"Id":"urn:eciu:note:172e33bf-c403-ef11-9f89-0022488b0cca","Type":"Note"},"Id":"urn:epass:learningOutcome:ec1b28b3-c403-ef11-9f89-0022488b0cca-4","Type":"LearningOutcome"}],"LearningSetting":null,"Mode":null,"Title":{"En":"Ethics of Artificial Intelligence"},"DcType":null,"HomePage":null,"VolumeOfLearning":null,"Id":"urn:eciu:qualification:ec1b28b3-c403-ef11-9f89-0022488b0cca","Type":"Qualification"},"IsPartOf":{"Mode":null,"DcType":null,"Title":{"En":"Ethics of Artificial Intelligence"},"AdmissionsProcedure":null,"ApplicationDeadline":null,"Description":null,"LearningAchievementSpecification":null,"IsPartOf":null,"Temporal":null,"ProvidedBy":null,"LearningActivitySpecification":null,"BannerImage":null,"MoreInformation":null,"Id":"urn:eciu:learningOpportunity:bf1f0493-f9ef-ed11-8849-6045bd886566","Type":"LearningOpportunity"},"Temporal":{"EndDate":"2024-10-21T00:00:00Z","Name":{"En":"Temporal"},"StartDate":"2025-01-17T00:00:00Z"},"ProvidedBy":{"Location":null,"Logo":null,"LegalName":{"En":"LINKOPINGS UNIVERSITET (LIU)"},"Registration":null,"Homepage":null,"Id":"urn:eciu:org:f1122d1d-6a54-ed11-bba2-6045bd886566","Type":"Organisation"},"LearningActivitySpecification":{"Mode":null,"DcType":null,"Title":{"En":""},"Description":null,"MoreInformation":[{"NoteLiteral":"The expected workload of the micro-module is around 17 hours per week. This includes not only the the scheduled activities, such as lectures, seminars and workshops, but also individual time invested in group work, self-study, seminar preparation, assignment writing etc.\n\n**Teaching and working methods**\n\nThe micro-module is based in lectures, group discussions, seminars as well as independent work in the form of preparatory assignments and literature studies. The micro-module utilizes digital interactive teaching methods and applications which can include video clips, notes, quizzes and self-tests.\n\n**Examination**\n\nThe micro-module is examined by oral presentations and writing a paper. Detailed information can be found in the study guide.\n\nFor the syllabus of the module please see [here.](https://studieinfo.liu.se/en/kurs/721G28/ht-2024#syllabus)","Subject":{"InScheme":{"Id":"urn:eciu:note","Type":"ConceptScheme"},"PrefLabel":{"En":"ParticipantInformation"},"Id":"ec1b28b3-c403-ef11-9f89-0022488b0cca","Type":"Concept"}}],"HasPart":null,"Id":"urn:eciu:learningActivitySpec:ec1b28b3-c403-ef11-9f89-0022488b0cca","Type":"LearningActivitySpecification"},"BannerImage":null,"MoreInformation":[{"NoteLiteral":"","Subject":{"InScheme":{"Id":"urn:eciu:note","Type":"ConceptScheme"},"PrefLabel":{"En":"SourceIdentifier"},"Id":"ec1b28b3-c403-ef11-9f89-0022488b0cca","Type":"Concept"}},{"NoteLiteral":"Ethical questions about technology and AI","Subject":{"InScheme":{"Id":"urn:eciu:note","Type":"ConceptScheme"},"PrefLabel":{"En":"SubTitle"},"Id":"ec1b28b3-c403-ef11-9f89-0022488b0cca","Type":"Concept"}},{"NoteLiteral":"Artificial Intelligence (AI) is everywhere and in many different forms, for instance intelligent assistance in mobile phones and self-driving vehicles. An increased reliance on advanced AI systems for vital societal functions gives rise to ethical questions regarding usage and management. And, the more sophisticated such systems get, the more relevant the question of their moral status becomes. Which sort of agents are artificial systems? Can they be considered moral agents and can they be ascribed moral responsibility?","Subject":{"InScheme":{"Id":"urn:eciu:note","Type":"ConceptScheme"},"PrefLabel":{"En":"Introduction"},"Id":"ec1b28b3-c403-ef11-9f89-0022488b0cca","Type":"Concept"}},{"NoteLiteral":"True","Subject":{"InScheme":{"Id":"urn:eciu:note","Type":"ConceptScheme"},"PrefLabel":{"En":"GenerateMicroCredentials"},"Id":"ec1b28b3-c403-ef11-9f89-0022488b0cca","Type":"Concept"}},{"NoteLiteral":"**Deadline for applications**: 13 October 2024\n\n**Entry requirements**:\u00A0Students must be admitted to studies at the university level\n\nAll applicants are required to submit a transcript of records during the application process.\n\nThe applicants will receive a results notification within 5 days after the deadline. If admitted, the student will receive further information regarding the next steps in process by the host university.","Subject":{"InScheme":{"Id":"urn:eciu:note","Type":"ConceptScheme"},"PrefLabel":{"En":"AdmissionProcessInformation"},"Id":"ec1b28b3-c403-ef11-9f89-0022488b0cca","Type":"Concept"}},{"NoteLiteral":"False","Subject":{"InScheme":{"Id":"urn:eciu:note","Type":"ConceptScheme"},"PrefLabel":{"En":"SimplifiedAdmissionProcess"},"Id":"ec1b28b3-c403-ef11-9f89-0022488b0cca","Type":"Concept"}},{"NoteLiteral":"2024-06-17","Subject":{"InScheme":{"Id":"urn:eciu:note","Type":"ConceptScheme"},"PrefLabel":{"En":"ApplicationPeriodStartDate"},"Id":"ec1b28b3-c403-ef11-9f89-0022488b0cca","Type":"Concept"}},{"NoteLiteral":"20","Subject":{"InScheme":{"Id":"urn:eciu:note","Type":"ConceptScheme"},"PrefLabel":{"En":"MaximumNumberOfSeats"},"Id":"ec1b28b3-c403-ef11-9f89-0022488b0cca","Type":"Concept"}},{"NoteLiteral":"False","Subject":{"InScheme":{"Id":"urn:eciu:note","Type":"ConceptScheme"},"PrefLabel":{"En":"ECIULMSENabled"},"Id":"ec1b28b3-c403-ef11-9f89-0022488b0cca","Type":"Concept"}},{"NoteLiteral":"","Subject":{"InScheme":{"Id":"urn:eciu:note","Type":"ConceptScheme"},"PrefLabel":{"En":"LMSUrl"},"Id":"ec1b28b3-c403-ef11-9f89-0022488b0cca","Type":"Concept"}},{"NoteLiteral":"","Subject":{"InScheme":{"Id":"urn:eciu:note","Type":"ConceptScheme"},"PrefLabel":{"En":"TeamAccessDate"},"Id":"ec1b28b3-c403-ef11-9f89-0022488b0cca","Type":"Concept"}},{"NoteLiteral":"false","Subject":{"InScheme":{"Id":"urn:eciu:note","Type":"ConceptScheme"},"PrefLabel":{"En":"SelfPaced"},"Id":"ec1b28b3-c403-ef11-9f89-0022488b0cca","Type":"Concept"}},{"NoteLiteral":"50","Subject":{"InScheme":{"Id":"urn:eciu:note","Type":"ConceptScheme"},"PrefLabel":{"En":"Pace"},"Id":"ec1b28b3-c403-ef11-9f89-0022488b0cca","Type":"Concept"}},{"NoteLiteral":"Standard","Subject":{"InScheme":{"Id":"urn:eciu:note","Type":"ConceptScheme"},"PrefLabel":{"En":"Scope"},"Id":"ec1b28b3-c403-ef11-9f89-0022488b0cca","Type":"Concept"}}],"Id":"urn:eciu:learningOpportunity:ec1b28b3-c403-ef11-9f89-0022488b0cca","Type":"LearningOpportunity"}