{"Mode":{"InScheme":{"Id":"http://data.europa.eu/snb/learning-assessment/25831c2","Type":"ConceptScheme"},"PrefLabel":{"En":"Online"},"Id":"http://data.europa.eu/snb/learning-assessment/920fbb3cbe","Type":"Concept"},"DcType":null,"Title":{"En":"Sustainable development"},"AdmissionsProcedure":null,"ApplicationDeadline":"2024-08-25","Description":{"En":"**Course Content**\n\nThe micro-module is based on the United Nations\u0027 17 sustainability goals within Agenda 2030. Participants will carry out in-depth work within one of the goals and broaden their knowledge in other sustainability goals by becoming familiar with the work of other groups. This micro-module involves working with a sustainability challenge of your choice.\n\nDuring this micro-module you will be learn how to identify a challenge linked to one of the 17 goals in Agenda 2030 and analyze it from temporal, cultural, and geographical perspectives. You will also be able to obtain, interpret, and compile information from scientific literature and the surrounding society relevant to manage the identified challenge. You will propose a way to wisely handle the challenge based on information from relevant sources. Finally, you will communicate your result in English, both in writing and orally."},"LearningAchievementSpecification":{"EQFLevel":{"InScheme":{"Id":"http://data.europa.eu/snb/eqf/25831c2","Type":"ConceptScheme"},"PrefLabel":{"En":"Level 6"},"Id":"http://data.europa.eu/snb/eqf/6","Type":"Concept"},"CreditPoint":{"Framework":{"InScheme":{"Id":"http://data.europa.eu/snb/education-credit/25831c2","Type":"ConceptScheme"},"PrefLabel":{"En":"European Credit Transfer System"},"Id":"http://data.europa.eu/snb/education-credit/6fcec5c5af","Type":"Concept"},"Point":"3,0","Id":"urn:epass:creditPoint:9a2f914c-6745-4b0b-b17f-3ffe14f02828","Type":"CreditPoint"},"LearningOutcome":[{"Title":{"En":"Approach"},"RelatedESCOSkill":[{"Notation":"Skill","InScheme":{"Id":"http://data.europa.eu/esco/concept-scheme/skills","Type":"ConceptScheme"},"PrefLabel":{"En":"conflict management"},"Id":"http://data.europa.eu/esco/skill/afd49651-9119-4327-91fc-844a6dda1254","Type":"Concept"}],"AdditionalNote":{"NoteLiteral":{"En":"Address value conflicts from different perspectives and explore potential solutions within the identified problem area. "},"Id":"urn:eciu:note:92a1a636-262a-ef11-840a-000d3a4a397e","Type":"Note"},"Id":"urn:epass:learningOutcome:9a2f914c-6745-4b0b-b17f-3ffe14f02828-1","Type":"LearningOutcome"},{"Title":{"En":"Evaluation"},"RelatedESCOSkill":[{"Notation":"Skill","InScheme":{"Id":"http://data.europa.eu/esco/concept-scheme/skills","Type":"ConceptScheme"},"PrefLabel":{"En":"evaluate data, information and digital content"},"Id":"http://data.europa.eu/esco/skill/1d6c7de4-350e-4868-a47b-333b4b0d9650","Type":"Concept"}],"AdditionalNote":{"NoteLiteral":{"En":"Highlight their own and others\u0027 values in relation to societal challenges within Agenda 2030."},"Id":"urn:eciu:note:438764e8-312a-ef11-840a-000d3a4a397e","Type":"Note"},"Id":"urn:epass:learningOutcome:9a2f914c-6745-4b0b-b17f-3ffe14f02828-2","Type":"LearningOutcome"},{"Title":{"En":"Knowledge and understanding I"},"RelatedESCOSkill":[{"Notation":"Skill","InScheme":{"Id":"http://data.europa.eu/esco/concept-scheme/skills","Type":"ConceptScheme"},"PrefLabel":{"En":"think creatively"},"Id":"http://data.europa.eu/esco/skill/c624c6a3-b0ba-4a31-a296-0d433fe47e41","Type":"Concept"}],"AdditionalNote":{"NoteLiteral":{"En":"Identify a challenge related to achieving sustainability goals within Agenda 2030 and analyse this issue from temporal, cultural, and geographical perspectives."},"Id":"urn:eciu:note:6fda6b60-322a-ef11-840a-000d3a4a397e","Type":"Note"},"Id":"urn:epass:learningOutcome:9a2f914c-6745-4b0b-b17f-3ffe14f02828-3","Type":"LearningOutcome"},{"Title":{"En":"Knowledge and understandning II"},"RelatedESCOSkill":[{"Notation":"Skill","InScheme":{"Id":"http://data.europa.eu/esco/concept-scheme/skills","Type":"ConceptScheme"},"PrefLabel":{"En":"promote innovative infrastructure design"},"Id":"http://data.europa.eu/esco/skill/b251544f-7b92-46d5-8e14-97f59ce1c7dc","Type":"Concept"},{"Notation":"Skill","InScheme":{"Id":"http://data.europa.eu/esco/concept-scheme/skills","Type":"ConceptScheme"},"PrefLabel":{"En":"work in teams"},"Id":"http://data.europa.eu/esco/skill/60c78287-22eb-4103-9c8c-28deaa460da0","Type":"Concept"}],"AdditionalNote":{"NoteLiteral":{"En":"Provide an overview of the United Nations\u0027 17 Sustainable Development Goals (SDGs) within Agenda 2030 and illustrate relationships between them."},"Id":"urn:eciu:note:d4ec48ab-3d2a-ef11-840a-000d3a4a397e","Type":"Note"},"Id":"urn:epass:learningOutcome:9a2f914c-6745-4b0b-b17f-3ffe14f02828-4","Type":"LearningOutcome"},{"Title":{"En":"Language skills"},"RelatedESCOSkill":[{"Notation":"Skill","InScheme":{"Id":"http://data.europa.eu/esco/concept-scheme/skills","Type":"ConceptScheme"},"PrefLabel":{"En":"English"},"Id":"http://data.europa.eu/esco/skill/6d3edede-8951-4621-a835-e04323300fa0","Type":"Concept"}],"AdditionalNote":{"NoteLiteral":{"En":"Communicate the results of their work on sustainable development in English, both in written and oral form."},"Id":"urn:eciu:note:dc9b5730-3e2a-ef11-840a-000d3a4a397e","Type":"Note"},"Id":"urn:epass:learningOutcome:9a2f914c-6745-4b0b-b17f-3ffe14f02828-5","Type":"LearningOutcome"},{"Title":{"En":"Presentation skills"},"RelatedESCOSkill":[{"Notation":"Skill","InScheme":{"Id":"http://data.europa.eu/esco/concept-scheme/skills","Type":"ConceptScheme"},"PrefLabel":{"En":"listening and asking questions"},"Id":"http://data.europa.eu/esco/skill/S1.7.3","Type":"Concept"}],"AdditionalNote":{"NoteLiteral":{"En":"Utilize various presentation techniques to communicate goals related to Agenda 2030."},"Id":"urn:eciu:note:a608a297-3e2a-ef11-840a-000d3a4a397e","Type":"Note"},"Id":"urn:epass:learningOutcome:9a2f914c-6745-4b0b-b17f-3ffe14f02828-6","Type":"LearningOutcome"},{"Title":{"En":"Different perspectives"},"RelatedESCOSkill":[{"Notation":"Skill","InScheme":{"Id":"http://data.europa.eu/esco/concept-scheme/skills","Type":"ConceptScheme"},"PrefLabel":{"En":"search for information online"},"Id":"http://data.europa.eu/esco/skill/698be2d3-8768-422d-a2d3-1cb701816089","Type":"Concept"}],"AdditionalNote":{"NoteLiteral":{"En":"Identify different perspectives within an identified problem area based on information from relevant sources."},"Id":"urn:eciu:note:91aa1767-3f2a-ef11-840a-000d3a4a397e","Type":"Note"},"Id":"urn:epass:learningOutcome:9a2f914c-6745-4b0b-b17f-3ffe14f02828-7","Type":"LearningOutcome"},{"Title":{"En":"Research skills"},"RelatedESCOSkill":[{"Notation":"Skill","InScheme":{"Id":"http://data.europa.eu/esco/concept-scheme/skills","Type":"ConceptScheme"},"PrefLabel":{"En":"think analytically"},"Id":"http://data.europa.eu/esco/skill/4707da90-9cfc-46ca-8de0-38a0b7bfb137","Type":"Concept"}],"AdditionalNote":{"NoteLiteral":{"En":"Gather, interpret, and compile information from scientific literature and the surrounding society relevant to a defined problem area within Agenda 2030."},"Id":"urn:eciu:note:80a05bb5-3f2a-ef11-840a-000d3a4a397e","Type":"Note"},"Id":"urn:epass:learningOutcome:9a2f914c-6745-4b0b-b17f-3ffe14f02828-8","Type":"LearningOutcome"}],"LearningSetting":null,"Mode":null,"Title":{"En":"Sustainable development"},"DcType":null,"HomePage":null,"VolumeOfLearning":null,"Id":"urn:eciu:qualification:9a2f914c-6745-4b0b-b17f-3ffe14f02828","Type":"Qualification"},"IsPartOf":{"Mode":null,"DcType":null,"Title":{"En":"Sustainable development"},"AdmissionsProcedure":null,"ApplicationDeadline":null,"Description":null,"LearningAchievementSpecification":null,"IsPartOf":null,"Temporal":null,"ProvidedBy":null,"LearningActivitySpecification":null,"BannerImage":null,"MoreInformation":null,"Id":"urn:eciu:learningOpportunity:82b982b9-330f-ee11-8f6d-6045bd886566","Type":"LearningOpportunity"},"Temporal":{"EndDate":"2024-09-02T00:00:00Z","Name":{"En":"Temporal"},"StartDate":"2024-12-01T00:00:00Z"},"ProvidedBy":{"Location":null,"Logo":null,"LegalName":{"En":"LINKOPINGS UNIVERSITET (LIU)"},"Registration":null,"Homepage":null,"Id":"urn:eciu:org:f1122d1d-6a54-ed11-bba2-6045bd886566","Type":"Organisation"},"LearningActivitySpecification":{"Mode":null,"DcType":null,"Title":{"En":""},"Description":null,"MoreInformation":[{"NoteLiteral":"The expected workload of the micro-module is around 8 hours per week. This includes not only the the scheduled activities, such as lectures, seminars and workshops, but also individual time invested in group work, self-study, seminar preparation, assignment writing etc.\n\n**Teaching and Working Methods**\n\nAll teaching takes place in English, and the micro-module is performed in the form of group work. During the semester, two hours per week from September through November are scheduled. Besides these meetings, students perform self-studying in groups or on their own.\u00A0Interaction with companies, health providers, authorities, NGO:s and others will also occur. At the end of the\u00A0module you will communicate your results to different stakeholders.\n\n**Examination**\n\nExamination takes place through continuous written and oral reporting in English individually and in groups. Additionally, active participation is required in mandatory parts for passing the micro-module. The mandatory elements of this\u00A0course include the kick-off, group meetings and the examination. The group\u0027s mentor assesses the performance of individual group members according to the micro-module\u0027s objectives.\n\nFor more information, please check out the [syllabus for there course](https://studieinfo.liu.se/en/kurs/8FG083/ht-2024#syllabus).","Subject":{"InScheme":{"Id":"urn:eciu:note","Type":"ConceptScheme"},"PrefLabel":{"En":"ParticipantInformation"},"Id":"9a2f914c-6745-4b0b-b17f-3ffe14f02828","Type":"Concept"}}],"HasPart":null,"Id":"urn:eciu:learningActivitySpec:9a2f914c-6745-4b0b-b17f-3ffe14f02828","Type":"LearningActivitySpecification"},"BannerImage":null,"MoreInformation":[{"NoteLiteral":"","Subject":{"InScheme":{"Id":"urn:eciu:note","Type":"ConceptScheme"},"PrefLabel":{"En":"SourceIdentifier"},"Id":"9a2f914c-6745-4b0b-b17f-3ffe14f02828","Type":"Concept"}},{"NoteLiteral":"UN Global Goals and sustainability challenges","Subject":{"InScheme":{"Id":"urn:eciu:note","Type":"ConceptScheme"},"PrefLabel":{"En":"SubTitle"},"Id":"9a2f914c-6745-4b0b-b17f-3ffe14f02828","Type":"Concept"}},{"NoteLiteral":"This micro-module offers participants an opportunity to work in interdisciplinary groups with sustainability challenges. In today\u0027s world, sustainable development is no longer an option, but a necessity. More and more employers demand that you have competence in sustainability to create a better future for all. That\u0027s why you should take our sustainable development module that emanates from the UN global goals. Through active learning classrooms and internet-based communication tools (Zoom), groups meet digitally two hours per week with their mentors to learn about Agenda 2030 and work on their challenges. At the end of the micro-module, results are presented via different channels to reach a broader audience.","Subject":{"InScheme":{"Id":"urn:eciu:note","Type":"ConceptScheme"},"PrefLabel":{"En":"Introduction"},"Id":"9a2f914c-6745-4b0b-b17f-3ffe14f02828","Type":"Concept"}},{"NoteLiteral":"True","Subject":{"InScheme":{"Id":"urn:eciu:note","Type":"ConceptScheme"},"PrefLabel":{"En":"GenerateMicroCredentials"},"Id":"9a2f914c-6745-4b0b-b17f-3ffe14f02828","Type":"Concept"}},{"NoteLiteral":"**Deadline for applications:**\u00A0Sunday, 25 August 2024\n\n**Entry requirements:**\n\n- registered for 120 ECTS of which 90 ECTS should be passed\n\nAll applicatnts are required to submit a transcript of records during the application process.\n\nThe applicants will receive a results notification within 5 days after the deadline. If admitted, the student will receive further information regarding the next steps in process by the host university.","Subject":{"InScheme":{"Id":"urn:eciu:note","Type":"ConceptScheme"},"PrefLabel":{"En":"AdmissionProcessInformation"},"Id":"9a2f914c-6745-4b0b-b17f-3ffe14f02828","Type":"Concept"}},{"NoteLiteral":"False","Subject":{"InScheme":{"Id":"urn:eciu:note","Type":"ConceptScheme"},"PrefLabel":{"En":"SimplifiedAdmissionProcess"},"Id":"9a2f914c-6745-4b0b-b17f-3ffe14f02828","Type":"Concept"}},{"NoteLiteral":"2024-06-15","Subject":{"InScheme":{"Id":"urn:eciu:note","Type":"ConceptScheme"},"PrefLabel":{"En":"ApplicationPeriodStartDate"},"Id":"9a2f914c-6745-4b0b-b17f-3ffe14f02828","Type":"Concept"}},{"NoteLiteral":"20","Subject":{"InScheme":{"Id":"urn:eciu:note","Type":"ConceptScheme"},"PrefLabel":{"En":"MaximumNumberOfSeats"},"Id":"9a2f914c-6745-4b0b-b17f-3ffe14f02828","Type":"Concept"}},{"NoteLiteral":"False","Subject":{"InScheme":{"Id":"urn:eciu:note","Type":"ConceptScheme"},"PrefLabel":{"En":"ECIULMSENabled"},"Id":"9a2f914c-6745-4b0b-b17f-3ffe14f02828","Type":"Concept"}},{"NoteLiteral":"","Subject":{"InScheme":{"Id":"urn:eciu:note","Type":"ConceptScheme"},"PrefLabel":{"En":"LMSUrl"},"Id":"9a2f914c-6745-4b0b-b17f-3ffe14f02828","Type":"Concept"}},{"NoteLiteral":"","Subject":{"InScheme":{"Id":"urn:eciu:note","Type":"ConceptScheme"},"PrefLabel":{"En":"TeamAccessDate"},"Id":"9a2f914c-6745-4b0b-b17f-3ffe14f02828","Type":"Concept"}},{"NoteLiteral":"false","Subject":{"InScheme":{"Id":"urn:eciu:note","Type":"ConceptScheme"},"PrefLabel":{"En":"SelfPaced"},"Id":"9a2f914c-6745-4b0b-b17f-3ffe14f02828","Type":"Concept"}},{"NoteLiteral":"25","Subject":{"InScheme":{"Id":"urn:eciu:note","Type":"ConceptScheme"},"PrefLabel":{"En":"Pace"},"Id":"9a2f914c-6745-4b0b-b17f-3ffe14f02828","Type":"Concept"}},{"NoteLiteral":"Standard","Subject":{"InScheme":{"Id":"urn:eciu:note","Type":"ConceptScheme"},"PrefLabel":{"En":"Scope"},"Id":"9a2f914c-6745-4b0b-b17f-3ffe14f02828","Type":"Concept"}}],"Id":"urn:eciu:learningOpportunity:9a2f914c-6745-4b0b-b17f-3ffe14f02828","Type":"LearningOpportunity"}