{"Mode":{"InScheme":{"Id":"http://data.europa.eu/snb/learning-assessment/25831c2","Type":"ConceptScheme"},"PrefLabel":{"En":"Online"},"Id":"http://data.europa.eu/snb/learning-assessment/920fbb3cbe","Type":"Concept"},"DcType":null,"Title":{"En":"Data Representation Fundamentals"},"AdmissionsProcedure":null,"ApplicationDeadline":"2024-08-16","Description":{"En":"This course is aimed at computing and engineering professionals who have an interest in the area of Machine Learning and wish to gain practical skills with sufficient theory to have a grasp of the principles behind the algorithms. This course assumes a knowledge of computer programming in Python, statistics, basic calculus and linear algebra.\n\n- In this course, we will examine\u00A0 fundamental data types which lend themselves particularly well to certain well-known machine learning tasks.\n- We will look at\u00A0 feature sets - which are particularly useful and incredibly important for effective machine learning.\n- We will develop solid foundations for understanding data and look at some real world examples.\n- Upon completion of this course, you will be able to Apply a range of concepts to explore different representations of data. Understand the limits and breadth of Machine Learning capabilities and Evaluate different representations of data for different purposes."},"LearningAchievementSpecification":{"EQFLevel":{"InScheme":{"Id":"http://data.europa.eu/snb/eqf/25831c2","Type":"ConceptScheme"},"PrefLabel":{"En":"Level 7"},"Id":"http://data.europa.eu/snb/eqf/7","Type":"Concept"},"CreditPoint":{"Framework":{"InScheme":{"Id":"http://data.europa.eu/snb/education-credit/25831c2","Type":"ConceptScheme"},"PrefLabel":{"En":"European Credit Transfer System"},"Id":"http://data.europa.eu/snb/education-credit/6fcec5c5af","Type":"Concept"},"Point":"0,0","Id":"urn:epass:creditPoint:7825dc4d-cbb7-4637-a29b-d887def23536","Type":"CreditPoint"},"LearningOutcome":[{"Title":{"En":"L01"},"RelatedESCOSkill":[{"Notation":"Skill","InScheme":{"Id":"http://data.europa.eu/esco/concept-scheme/skills","Type":"ConceptScheme"},"PrefLabel":{"En":"analyse big data"},"Id":"http://data.europa.eu/esco/skill/47a49cd6-097d-457a-9f7b-c290c14930d5","Type":"Concept"}],"AdditionalNote":{"NoteLiteral":{"En":"Upon completion of the ELO, the learner will be able to apply a range of concepts to explore different representations of data;"},"Id":"urn:eciu:note:6189c545-3011-ef11-9f89-0022488b0cca","Type":"Note"},"Id":"urn:epass:learningOutcome:7825dc4d-cbb7-4637-a29b-d887def23536-1","Type":"LearningOutcome"},{"Title":{"En":"L02"},"RelatedESCOSkill":[{"Notation":"Skill","InScheme":{"Id":"http://data.europa.eu/esco/concept-scheme/skills","Type":"ConceptScheme"},"PrefLabel":{"En":"utiliser des strat\u00E9gies d\u2019apprentissage"},"Id":"http://data.europa.eu/esco/skill/a44c0ed6-68b1-457a-9c6d-ea8487bdfeb2","Type":"Concept"}],"AdditionalNote":{"NoteLiteral":{"En":"Upon completion of the ELO, the learner will understand the limits and breadth of Machine Learning capabilities"},"Id":"urn:eciu:note:b8357e14-3111-ef11-9f89-0022488b0cca","Type":"Note"},"Id":"urn:epass:learningOutcome:7825dc4d-cbb7-4637-a29b-d887def23536-2","Type":"LearningOutcome"},{"Title":{"En":"L03"},"RelatedESCOSkill":[{"Notation":"Skill","InScheme":{"Id":"http://data.europa.eu/esco/concept-scheme/skills","Type":"ConceptScheme"},"PrefLabel":{"En":"Identify statistical patterns"},"Id":"http://data.europa.eu/esco/skill/06670261-ea6b-4b52-a915-c7d4ff837f74","Type":"Concept"}],"AdditionalNote":{"NoteLiteral":{"En":"LO3\tUpon completion of the ELO, the learner will be able to evaluate different representations of data for different purposes."},"Id":"urn:eciu:note:535a3d7b-3711-ef11-9f89-0022488b0cca","Type":"Note"},"Id":"urn:epass:learningOutcome:7825dc4d-cbb7-4637-a29b-d887def23536-3","Type":"LearningOutcome"}],"LearningSetting":null,"Mode":null,"Title":{"En":"Data Representation Fundamentals"},"DcType":null,"HomePage":null,"VolumeOfLearning":"PT4H","Id":"urn:eciu:qualification:7825dc4d-cbb7-4637-a29b-d887def23536","Type":"Qualification"},"IsPartOf":{"Mode":null,"DcType":null,"Title":{"En":"Data Representation Fundamentals"},"AdmissionsProcedure":null,"ApplicationDeadline":null,"Description":null,"LearningAchievementSpecification":null,"IsPartOf":null,"Temporal":null,"ProvidedBy":null,"LearningActivitySpecification":null,"BannerImage":null,"MoreInformation":[{"NoteLiteral":"CA684","Subject":{"InScheme":{"Id":"urn:eciu:note","Type":"ConceptScheme"},"PrefLabel":{"En":"EducationIdentifier"},"Id":"e4270af5-2f11-ef11-9f89-0022488b0cca","Type":"Concept"}}],"Id":"urn:eciu:learningOpportunity:e4270af5-2f11-ef11-9f89-0022488b0cca","Type":"LearningOpportunity"},"Temporal":{"EndDate":"2024-05-20T00:00:00Z","Name":{"En":"Temporal"},"StartDate":"2024-08-30T00:00:00Z"},"ProvidedBy":{"Location":null,"Logo":null,"LegalName":{"En":"DUBLIN CITY UNIVERSITY (DCU)"},"Registration":null,"Homepage":null,"Id":"urn:eciu:org:ee9c51fc-6954-ed11-bba2-6045bd886566","Type":"Organisation"},"LearningActivitySpecification":{"Mode":null,"DcType":null,"Title":{"En":""},"Description":null,"MoreInformation":[{"NoteLiteral":"- The course will become **accessible as of the 20th of May 2024**.\n- You can already register for it by **clicking this link:\u00A0[https://www.futurelearn.com/invitations/dcu/data-representation-fundamentals/qehhyn5tbe663e3sb9qm8l7b08et6zf](https://www.futurelearn.com/invitations/dcu/data-representation-fundamentals/qehhyn5tbe663e3sb9qm8l7b08et6zf)**\n- On clicking the link, you will be prompted to **set up an account with the FutureLearn**, which will be your Learning Environment for this course.\n- To gain access to the course in FutureLearn, **please use your Tampere City email address**when opening the account.\n- The course is asynchronous and provides you with the opportunity to comment on course content etc. with your peers during the course.","Subject":{"InScheme":{"Id":"urn:eciu:note","Type":"ConceptScheme"},"PrefLabel":{"En":"ParticipantInformation"},"Id":"7825dc4d-cbb7-4637-a29b-d887def23536","Type":"Concept"}}],"HasPart":null,"Id":"urn:eciu:learningActivitySpec:7825dc4d-cbb7-4637-a29b-d887def23536","Type":"LearningActivitySpecification"},"BannerImage":null,"MoreInformation":[{"NoteLiteral":"","Subject":{"InScheme":{"Id":"urn:eciu:note","Type":"ConceptScheme"},"PrefLabel":{"En":"SourceIdentifier"},"Id":"7825dc4d-cbb7-4637-a29b-d887def23536","Type":"Concept"}},{"NoteLiteral":"(Data Analytics)","Subject":{"InScheme":{"Id":"urn:eciu:note","Type":"ConceptScheme"},"PrefLabel":{"En":"SubTitle"},"Id":"7825dc4d-cbb7-4637-a29b-d887def23536","Type":"Concept"}},{"NoteLiteral":"For computer systems to learn from experience they need information from the outside world structured in a way that is better suited to how they learn. To do so effectively, we must explore different means of representing common types of information such as images, video, sensors and text. In this course, we will explore useful ways of doing exactly that.","Subject":{"InScheme":{"Id":"urn:eciu:note","Type":"ConceptScheme"},"PrefLabel":{"En":"Introduction"},"Id":"7825dc4d-cbb7-4637-a29b-d887def23536","Type":"Concept"}},{"NoteLiteral":"True","Subject":{"InScheme":{"Id":"urn:eciu:note","Type":"ConceptScheme"},"PrefLabel":{"En":"GenerateMicroCredentials"},"Id":"7825dc4d-cbb7-4637-a29b-d887def23536","Type":"Concept"}},{"NoteLiteral":"","Subject":{"InScheme":{"Id":"urn:eciu:note","Type":"ConceptScheme"},"PrefLabel":{"En":"AdmissionProcessInformation"},"Id":"7825dc4d-cbb7-4637-a29b-d887def23536","Type":"Concept"}},{"NoteLiteral":"True","Subject":{"InScheme":{"Id":"urn:eciu:note","Type":"ConceptScheme"},"PrefLabel":{"En":"SimplifiedAdmissionProcess"},"Id":"7825dc4d-cbb7-4637-a29b-d887def23536","Type":"Concept"}},{"NoteLiteral":"2024-05-13","Subject":{"InScheme":{"Id":"urn:eciu:note","Type":"ConceptScheme"},"PrefLabel":{"En":"ApplicationPeriodStartDate"},"Id":"7825dc4d-cbb7-4637-a29b-d887def23536","Type":"Concept"}},{"NoteLiteral":"30","Subject":{"InScheme":{"Id":"urn:eciu:note","Type":"ConceptScheme"},"PrefLabel":{"En":"MaximumNumberOfSeats"},"Id":"7825dc4d-cbb7-4637-a29b-d887def23536","Type":"Concept"}},{"NoteLiteral":"False","Subject":{"InScheme":{"Id":"urn:eciu:note","Type":"ConceptScheme"},"PrefLabel":{"En":"ECIULMSENabled"},"Id":"7825dc4d-cbb7-4637-a29b-d887def23536","Type":"Concept"}},{"NoteLiteral":"https://www.futurelearn.com/invitations/dcu/data-representation-fundamentals/qehhyn5tbe663e3sb9qm8l7b08et6zf","Subject":{"InScheme":{"Id":"urn:eciu:note","Type":"ConceptScheme"},"PrefLabel":{"En":"LMSUrl"},"Id":"7825dc4d-cbb7-4637-a29b-d887def23536","Type":"Concept"}},{"NoteLiteral":"","Subject":{"InScheme":{"Id":"urn:eciu:note","Type":"ConceptScheme"},"PrefLabel":{"En":"TeamAccessDate"},"Id":"7825dc4d-cbb7-4637-a29b-d887def23536","Type":"Concept"}},{"NoteLiteral":"false","Subject":{"InScheme":{"Id":"urn:eciu:note","Type":"ConceptScheme"},"PrefLabel":{"En":"SelfPaced"},"Id":"7825dc4d-cbb7-4637-a29b-d887def23536","Type":"Concept"}},{"NoteLiteral":"0","Subject":{"InScheme":{"Id":"urn:eciu:note","Type":"ConceptScheme"},"PrefLabel":{"En":"Pace"},"Id":"7825dc4d-cbb7-4637-a29b-d887def23536","Type":"Concept"}},{"NoteLiteral":"Standard","Subject":{"InScheme":{"Id":"urn:eciu:note","Type":"ConceptScheme"},"PrefLabel":{"En":"Scope"},"Id":"7825dc4d-cbb7-4637-a29b-d887def23536","Type":"Concept"}}],"Id":"urn:eciu:learningOpportunity:7825dc4d-cbb7-4637-a29b-d887def23536","Type":"LearningOpportunity"}