{"Mode":{"InScheme":{"Id":"http://data.europa.eu/snb/learning-assessment/25831c2","Type":"ConceptScheme"},"PrefLabel":{"En":"Online"},"Id":"http://data.europa.eu/snb/learning-assessment/920fbb3cbe","Type":"Concept"},"DcType":null,"Title":{"En":"Responding to the metacrisis"},"AdmissionsProcedure":null,"ApplicationDeadline":"2025-01-08","Description":{"En":"The module introduces the concept of the metacrisis as a denominator for the Anthropocene, the climate crisis, the mass extinction of life and loss of trust and social cohesion in society. It introduces how value systems and identities relate to our responses to these crises around us, and explores how the understanding of values, and thinking in terms of interconnected complex systems can help us chart relevant paths ahead as professionals, members of communities and collaborators in ecosystems."},"LearningAchievementSpecification":{"EQFLevel":{"InScheme":{"Id":"http://data.europa.eu/snb/eqf/25831c2","Type":"ConceptScheme"},"PrefLabel":{"En":"Level 6"},"Id":"http://data.europa.eu/snb/eqf/6","Type":"Concept"},"CreditPoint":{"Framework":{"InScheme":{"Id":"http://data.europa.eu/snb/education-credit/25831c2","Type":"ConceptScheme"},"PrefLabel":{"En":"European Credit Transfer System"},"Id":"http://data.europa.eu/snb/education-credit/6fcec5c5af","Type":"Concept"},"Point":"2,0","Id":"urn:epass:creditPoint:35486463-e0f2-4ef4-b408-9e3f8345b385","Type":"CreditPoint"},"LearningOutcome":[{"Title":{"En":"Attitudes"},"RelatedESCOSkill":[{"Notation":"Skill","InScheme":{"Id":"http://data.europa.eu/esco/concept-scheme/skills","Type":"ConceptScheme"},"PrefLabel":{"En":"exercise self-reflection"},"Id":"http://data.europa.eu/esco/skill/409a0245-0e6c-4aac-ba16-0920ecb76a8d","Type":"Concept"}],"AdditionalNote":{"NoteLiteral":{"En":"Ability to self-reflect on professional responses given the predicaments of the metacrisis."},"Id":"urn:eciu:note:6c7e160f-b49a-ef11-8a6a-000d3a234020","Type":"Note"},"Id":"urn:epass:learningOutcome:35486463-e0f2-4ef4-b408-9e3f8345b385-1","Type":"LearningOutcome"},{"Title":{"En":"Knowledge and understanding"},"RelatedESCOSkill":[{"Notation":"Skill","InScheme":{"Id":"http://data.europa.eu/esco/concept-scheme/skills","Type":"ConceptScheme"},"PrefLabel":{"En":"apply strategic thinking"},"Id":"http://data.europa.eu/esco/skill/6c870993-9341-438b-91c0-c7fe4f96d8f5","Type":"Concept"}],"AdditionalNote":{"NoteLiteral":{"En":"Ability to think holistically about the current metacrisis in society, the drivers behind it and symptoms such as climate change, social tensions and ecocide."},"Id":"urn:eciu:note:b216c77a-b49a-ef11-8a6a-000d3a234020","Type":"Note"},"Id":"urn:epass:learningOutcome:35486463-e0f2-4ef4-b408-9e3f8345b385-2","Type":"LearningOutcome"}],"LearningSetting":null,"Mode":null,"Title":{"En":"Responding to the metacrisis"},"DcType":null,"HomePage":null,"VolumeOfLearning":null,"Id":"urn:eciu:qualification:35486463-e0f2-4ef4-b408-9e3f8345b385","Type":"Qualification"},"IsPartOf":{"Mode":null,"DcType":null,"Title":{"En":"Responding to the metacrisis"},"AdmissionsProcedure":null,"ApplicationDeadline":null,"Description":null,"LearningAchievementSpecification":null,"IsPartOf":null,"Temporal":null,"ProvidedBy":null,"LearningActivitySpecification":null,"BannerImage":null,"MoreInformation":null,"Id":"urn:eciu:learningOpportunity:a94a2f8c-bfb3-ee11-a569-6045bd886f79","Type":"LearningOpportunity"},"Temporal":{"EndDate":"2025-01-17T00:00:00Z","Name":{"En":"Temporal"},"StartDate":"2025-03-31T00:00:00Z"},"ProvidedBy":{"Location":null,"Logo":null,"LegalName":{"En":"LINKOPINGS UNIVERSITET (LIU)"},"Registration":null,"Homepage":null,"Id":"urn:eciu:org:f1122d1d-6a54-ed11-bba2-6045bd886566","Type":"Organisation"},"LearningActivitySpecification":{"Mode":null,"DcType":null,"Title":{"En":""},"Description":null,"MoreInformation":[{"NoteLiteral":"The module consists of preparations before and participation in online seminars.  \n\n**Seminar 1: 24 January 2025 10:15-12:00 CET**\n\nThe first seminar introduces the concept of the metacrisis and structural frameworks for reasoning about drivers behind global symptoms of the metacrisis such as climate change, social tensions and ecocide.\n\n**Seminar 2: 24 February 2025 10:15-12:00 CET**\n\nThe second seminar explores values in our current dominant culture as a core driver of the metacrisis, how they operate and affect us as individuals in responding to events that unfold, and what it means to understand and build a set of core values and act in accordance with them (normative competency).  \n\n**Seminar 3: 24 March 2025 10:15-12:00 CET**\n\nThe third seminar introduces the concept of systems thinking, which is a holistic approach towards reasoning about complexity in diverse environments, as well as acting in such systems. Finally, participants will get to explore what it means to act professionally in complex systems.  \n\nPreparation for each seminar consists of approximately 15h of work and includes combinations of readings/video material as preparations, activities that relate to the topic of the seminar and providing feedback to other module\u00B4s participants\u2019 submissions.\n\n**Assessment**\n\nThe assessment comprises submissions in preparation for, and participation in each of the three seminars of the module.\n\n**Grading scale**\n\nThe module awards Pass/Fail grades.","Subject":{"InScheme":{"Id":"urn:eciu:note","Type":"ConceptScheme"},"PrefLabel":{"En":"ParticipantInformation"},"Id":"35486463-e0f2-4ef4-b408-9e3f8345b385","Type":"Concept"}}],"HasPart":null,"Id":"urn:eciu:learningActivitySpec:35486463-e0f2-4ef4-b408-9e3f8345b385","Type":"LearningActivitySpecification"},"BannerImage":null,"MoreInformation":[{"NoteLiteral":"","Subject":{"InScheme":{"Id":"urn:eciu:note","Type":"ConceptScheme"},"PrefLabel":{"En":"SourceIdentifier"},"Id":"35486463-e0f2-4ef4-b408-9e3f8345b385","Type":"Concept"}},{"NoteLiteral":"Untangling myths and values to help us navigate our future","Subject":{"InScheme":{"Id":"urn:eciu:note","Type":"ConceptScheme"},"PrefLabel":{"En":"SubTitle"},"Id":"35486463-e0f2-4ef4-b408-9e3f8345b385","Type":"Concept"}},{"NoteLiteral":"As the world stumbles from crisis to crisis, we are trying to make sense of the causes and figure out ways to deal with them. \nThis module employs concepts such as values systems, normative competency and systems thinking to unpack the drivers behind the metacrisis to help formulate more coherent individual and collective responses.","Subject":{"InScheme":{"Id":"urn:eciu:note","Type":"ConceptScheme"},"PrefLabel":{"En":"Introduction"},"Id":"35486463-e0f2-4ef4-b408-9e3f8345b385","Type":"Concept"}},{"NoteLiteral":"True","Subject":{"InScheme":{"Id":"urn:eciu:note","Type":"ConceptScheme"},"PrefLabel":{"En":"GenerateMicroCredentials"},"Id":"35486463-e0f2-4ef4-b408-9e3f8345b385","Type":"Concept"}},{"NoteLiteral":"**Deadline for applications**: 08 January 2025\n\n**Entry requirements**:\u00A0\n\n1. 90 ECTS credits passed\u00A0in one or more of the main field of studies:\n\n- Economics\n- Social sciences\n- Natural sciences\n- Engineering and technology\n- Design\n- Other relevant main field of study\n\n2. English B2\n\n**Supporting documentation**\n\nAll applicants are required to submit a transcript of records.\n\nTo process your application we will need the following infromation:\n\n- Name\n- Surname\n- Legal sex (female/male)\n- Date of birth\n- Valid home address\n- Phone number\n\nThis is necessary for the activation of your account at Link\u00F6ping University and to get access to the study material and the learning management system. Please fill in the above information in your profile on the ECIU engage platform, it will make the process much easier and faster for everyone.\n\nYou will receive a results notification within 2 days from the application deadline. If you are admitted, you will be contacted by the host university regarding the next steps in the process.","Subject":{"InScheme":{"Id":"urn:eciu:note","Type":"ConceptScheme"},"PrefLabel":{"En":"AdmissionProcessInformation"},"Id":"35486463-e0f2-4ef4-b408-9e3f8345b385","Type":"Concept"}},{"NoteLiteral":"False","Subject":{"InScheme":{"Id":"urn:eciu:note","Type":"ConceptScheme"},"PrefLabel":{"En":"SimplifiedAdmissionProcess"},"Id":"35486463-e0f2-4ef4-b408-9e3f8345b385","Type":"Concept"}},{"NoteLiteral":"2024-11-06","Subject":{"InScheme":{"Id":"urn:eciu:note","Type":"ConceptScheme"},"PrefLabel":{"En":"ApplicationPeriodStartDate"},"Id":"35486463-e0f2-4ef4-b408-9e3f8345b385","Type":"Concept"}},{"NoteLiteral":"10","Subject":{"InScheme":{"Id":"urn:eciu:note","Type":"ConceptScheme"},"PrefLabel":{"En":"MaximumNumberOfSeats"},"Id":"35486463-e0f2-4ef4-b408-9e3f8345b385","Type":"Concept"}},{"NoteLiteral":"False","Subject":{"InScheme":{"Id":"urn:eciu:note","Type":"ConceptScheme"},"PrefLabel":{"En":"ECIULMSENabled"},"Id":"35486463-e0f2-4ef4-b408-9e3f8345b385","Type":"Concept"}},{"NoteLiteral":"","Subject":{"InScheme":{"Id":"urn:eciu:note","Type":"ConceptScheme"},"PrefLabel":{"En":"LMSUrl"},"Id":"35486463-e0f2-4ef4-b408-9e3f8345b385","Type":"Concept"}},{"NoteLiteral":"","Subject":{"InScheme":{"Id":"urn:eciu:note","Type":"ConceptScheme"},"PrefLabel":{"En":"TeamAccessDate"},"Id":"35486463-e0f2-4ef4-b408-9e3f8345b385","Type":"Concept"}},{"NoteLiteral":"false","Subject":{"InScheme":{"Id":"urn:eciu:note","Type":"ConceptScheme"},"PrefLabel":{"En":"SelfPaced"},"Id":"35486463-e0f2-4ef4-b408-9e3f8345b385","Type":"Concept"}},{"NoteLiteral":"25","Subject":{"InScheme":{"Id":"urn:eciu:note","Type":"ConceptScheme"},"PrefLabel":{"En":"Pace"},"Id":"35486463-e0f2-4ef4-b408-9e3f8345b385","Type":"Concept"}},{"NoteLiteral":"Standard","Subject":{"InScheme":{"Id":"urn:eciu:note","Type":"ConceptScheme"},"PrefLabel":{"En":"Scope"},"Id":"35486463-e0f2-4ef4-b408-9e3f8345b385","Type":"Concept"}}],"Id":"urn:eciu:learningOpportunity:35486463-e0f2-4ef4-b408-9e3f8345b385","Type":"LearningOpportunity"}