{"Mode":{"InScheme":{"Id":"http://data.europa.eu/snb/learning-assessment/25831c2","Type":"ConceptScheme"},"PrefLabel":{"En":"Online"},"Id":"http://data.europa.eu/snb/learning-assessment/920fbb3cbe","Type":"Concept"},"DcType":null,"Title":{"En":"Technology and Innovation in Business Sustainability"},"AdmissionsProcedure":null,"ApplicationDeadline":"2024-09-26","Description":{"En":"Companies can build competitive advantages and resilience by developing more sustainable business models (e.g. the sharing economy) and using new technologies (e.g. internet of things or AI).\n\nWe will have an overview of what sustainability in business means and entails, analyse and debate more in depth a couple of sectors, and work in groups to explore business opportunities in sustainability.\n\nThe course will have In this 6 modules and a short individual post assignment:\n\n- Introduction: sustainability in business\n- Analysis of an example sector (1): mobility\n- Regulation, technology and the responsible consumer\n- Analysis of an example sector (2): health\n- Team work:\n- Choose and analyse sector\n- Groups presentations:\n- Identify and describe a sustainable startup business opportunity\n- driven by technology\n- Post assignment: individual work"},"LearningAchievementSpecification":{"EQFLevel":{"InScheme":{"Id":"http://data.europa.eu/snb/eqf/25831c2","Type":"ConceptScheme"},"PrefLabel":{"En":"Level 6"},"Id":"http://data.europa.eu/snb/eqf/6","Type":"Concept"},"CreditPoint":{"Framework":{"InScheme":{"Id":"http://data.europa.eu/snb/education-credit/25831c2","Type":"ConceptScheme"},"PrefLabel":{"En":"European Credit Transfer System"},"Id":"http://data.europa.eu/snb/education-credit/6fcec5c5af","Type":"Concept"},"Point":"1,0","Id":"urn:epass:creditPoint:937b4d29-d6f3-457f-b2fd-5479e4471e8e","Type":"CreditPoint"},"LearningOutcome":[{"Title":{"En":"Business Sustainability"},"RelatedESCOSkill":[{"Notation":"Skill","InScheme":{"Id":"http://data.europa.eu/esco/concept-scheme/skills","Type":"ConceptScheme"},"PrefLabel":{"En":"follow environmentally-sustainable work practices"},"Id":"http://data.europa.eu/esco/skill/a992f345-7c06-4982-8fc9-5fab55e316af","Type":"Concept"},{"Notation":"Skill","InScheme":{"Id":"http://data.europa.eu/esco/concept-scheme/skills","Type":"ConceptScheme"},"PrefLabel":{"En":"minimise environmental impact on the surrounding area"},"Id":"http://data.europa.eu/esco/skill/44493977-83c4-49e0-88b2-28435da57cd0","Type":"Concept"}],"AdditionalNote":{"NoteLiteral":{"En":"A company\u0027s strategy and actions to reduce adverse environmental and social impacts."},"Id":"urn:eciu:note:f24bea8f-0049-ef11-bfe2-000d3abbcf8b","Type":"Note"},"Id":"urn:epass:learningOutcome:937b4d29-d6f3-457f-b2fd-5479e4471e8e-1","Type":"LearningOutcome"},{"Title":{"En":"Innovative Business Models"},"RelatedESCOSkill":[{"Notation":"Skill","InScheme":{"Id":"http://data.europa.eu/esco/concept-scheme/skills","Type":"ConceptScheme"},"PrefLabel":{"En":"business knowledge"},"Id":"http://data.europa.eu/esco/skill/fcb2b5f4-3a64-42f2-987a-073bea986104","Type":"Concept"}],"AdditionalNote":{"NoteLiteral":{"En":"Creating, modifying, or defining the fundamental structure and components of a business model to create new value propositions, capture new market opportunities, and gain a competitive advantage."},"Id":"urn:eciu:note:cf8034d8-0049-ef11-bfe2-000d3abbcf8b","Type":"Note"},"Id":"urn:epass:learningOutcome:937b4d29-d6f3-457f-b2fd-5479e4471e8e-2","Type":"LearningOutcome"}],"LearningSetting":null,"Mode":null,"Title":{"En":"Technology and Innovation in Business Sustainability"},"DcType":null,"HomePage":null,"VolumeOfLearning":null,"Id":"urn:eciu:qualification:937b4d29-d6f3-457f-b2fd-5479e4471e8e","Type":"Qualification"},"IsPartOf":{"Mode":null,"DcType":null,"Title":{"En":"Technology and Innovation in Business Sustainability"},"AdmissionsProcedure":null,"ApplicationDeadline":null,"Description":null,"LearningAchievementSpecification":null,"IsPartOf":null,"Temporal":null,"ProvidedBy":null,"LearningActivitySpecification":null,"BannerImage":null,"MoreInformation":null,"Id":"urn:eciu:learningOpportunity:fc3bb94b-ff48-ef11-bfe2-000d3abbcf8b","Type":"LearningOpportunity"},"Temporal":{"EndDate":"2024-10-07T00:00:00Z","Name":{"En":"Temporal"},"StartDate":"2024-12-20T00:00:00Z"},"ProvidedBy":{"Location":null,"Logo":null,"LegalName":{"En":"UNIVERSITA DEGLI STUDI DI TRENTO (UNITN)"},"Registration":null,"Homepage":null,"Id":"urn:eciu:org:c7bc8551-6a54-ed11-bba2-6045bd886566","Type":"Organisation"},"LearningActivitySpecification":{"Mode":null,"DcType":null,"Title":{"En":""},"Description":null,"MoreInformation":[{"NoteLiteral":"All the information [HERE](https://www.soi.unitn.it/courses/soi-115-technology-and-innovation-in-business-sustainability/).","Subject":{"InScheme":{"Id":"urn:eciu:note","Type":"ConceptScheme"},"PrefLabel":{"En":"ParticipantInformation"},"Id":"937b4d29-d6f3-457f-b2fd-5479e4471e8e","Type":"Concept"}}],"HasPart":null,"Id":"urn:eciu:learningActivitySpec:937b4d29-d6f3-457f-b2fd-5479e4471e8e","Type":"LearningActivitySpecification"},"BannerImage":null,"MoreInformation":[{"NoteLiteral":"","Subject":{"InScheme":{"Id":"urn:eciu:note","Type":"ConceptScheme"},"PrefLabel":{"En":"SourceIdentifier"},"Id":"937b4d29-d6f3-457f-b2fd-5479e4471e8e","Type":"Concept"}},{"NoteLiteral":"","Subject":{"InScheme":{"Id":"urn:eciu:note","Type":"ConceptScheme"},"PrefLabel":{"En":"SubTitle"},"Id":"937b4d29-d6f3-457f-b2fd-5479e4471e8e","Type":"Concept"}},{"NoteLiteral":"The idea that a business becoming more responsible and sustainable might result into lower profits is quickly becoming obsolete.\n\nThis course will show students how both new and established companies can develop innovative business models and use new technologies to build competitive advantages, as they become more sustainable, resilient and ultimately, successful.","Subject":{"InScheme":{"Id":"urn:eciu:note","Type":"ConceptScheme"},"PrefLabel":{"En":"Introduction"},"Id":"937b4d29-d6f3-457f-b2fd-5479e4471e8e","Type":"Concept"}},{"NoteLiteral":"True","Subject":{"InScheme":{"Id":"urn:eciu:note","Type":"ConceptScheme"},"PrefLabel":{"En":"GenerateMicroCredentials"},"Id":"937b4d29-d6f3-457f-b2fd-5479e4471e8e","Type":"Concept"}},{"NoteLiteral":"**To apply, please upload:**\n\n- your CV in English;\n- if available, the English language certification\n- a brief motivational letter (1.000 characters) OR a motivational video (max 40\u2019\u2019, preferably youtube link) where you explain WHY you are interested in THIS learning opportunity.\n- Transcript of records\n\nPlease identify your Applicant status:\n\n1-UniTrento PhD or Student\n\n\u00A02-ECIU student\n\n\u00A03-Erasmus\u002B or Bilateral agreement student (in Trento for the whole semester)\n\n4-Student enrolled in Erasmus\u002B (non ECIU) partner University, applying for a challenge or BIP-Blended Intensive Program in Trento\n\n5-Other (extra fees may apply)\n\nStatus 1, 2 and 3 applicants need to submit two applications (similar documents, same deadline on 25 September):\n\n[SOI Admission Apply](https://webapps.unitn.it/Apply/it/MyUnitn/Home/334102/serv-studenti/Sel_SoI_2024_1)\n\n[ECIU Admission application](https://engage.eciu.eu/browse?universityIds=c7bc8551-6a54-ed11-bba2-6045bd886566\u0026amp;learningOppStatuses=1)\n\nStatus 4 and 5 applicants only submit their application in the [SOI Admission Apply](https://webapps.unitn.it/Apply/it/MyUnitn/Home/334102/serv-studenti/Sel_SoI_2024_1)\n\n[Here](https://docs.google.com/document/d/1p_7yzGdwBz1VL5Tq86o03TM7zG47B7yT/edit?usp=sharing\u0026amp;ouid=117641408050668552988\u0026amp;rtpof=true\u0026amp;sd=true)\u00A0you can find guidelines on the application process.","Subject":{"InScheme":{"Id":"urn:eciu:note","Type":"ConceptScheme"},"PrefLabel":{"En":"AdmissionProcessInformation"},"Id":"937b4d29-d6f3-457f-b2fd-5479e4471e8e","Type":"Concept"}},{"NoteLiteral":"False","Subject":{"InScheme":{"Id":"urn:eciu:note","Type":"ConceptScheme"},"PrefLabel":{"En":"SimplifiedAdmissionProcess"},"Id":"937b4d29-d6f3-457f-b2fd-5479e4471e8e","Type":"Concept"}},{"NoteLiteral":"2024-07-23","Subject":{"InScheme":{"Id":"urn:eciu:note","Type":"ConceptScheme"},"PrefLabel":{"En":"ApplicationPeriodStartDate"},"Id":"937b4d29-d6f3-457f-b2fd-5479e4471e8e","Type":"Concept"}},{"NoteLiteral":"100","Subject":{"InScheme":{"Id":"urn:eciu:note","Type":"ConceptScheme"},"PrefLabel":{"En":"MaximumNumberOfSeats"},"Id":"937b4d29-d6f3-457f-b2fd-5479e4471e8e","Type":"Concept"}},{"NoteLiteral":"False","Subject":{"InScheme":{"Id":"urn:eciu:note","Type":"ConceptScheme"},"PrefLabel":{"En":"ECIULMSENabled"},"Id":"937b4d29-d6f3-457f-b2fd-5479e4471e8e","Type":"Concept"}},{"NoteLiteral":"","Subject":{"InScheme":{"Id":"urn:eciu:note","Type":"ConceptScheme"},"PrefLabel":{"En":"LMSUrl"},"Id":"937b4d29-d6f3-457f-b2fd-5479e4471e8e","Type":"Concept"}},{"NoteLiteral":"","Subject":{"InScheme":{"Id":"urn:eciu:note","Type":"ConceptScheme"},"PrefLabel":{"En":"TeamAccessDate"},"Id":"937b4d29-d6f3-457f-b2fd-5479e4471e8e","Type":"Concept"}},{"NoteLiteral":"false","Subject":{"InScheme":{"Id":"urn:eciu:note","Type":"ConceptScheme"},"PrefLabel":{"En":"SelfPaced"},"Id":"937b4d29-d6f3-457f-b2fd-5479e4471e8e","Type":"Concept"}},{"NoteLiteral":"0","Subject":{"InScheme":{"Id":"urn:eciu:note","Type":"ConceptScheme"},"PrefLabel":{"En":"Pace"},"Id":"937b4d29-d6f3-457f-b2fd-5479e4471e8e","Type":"Concept"}},{"NoteLiteral":"Standard","Subject":{"InScheme":{"Id":"urn:eciu:note","Type":"ConceptScheme"},"PrefLabel":{"En":"Scope"},"Id":"937b4d29-d6f3-457f-b2fd-5479e4471e8e","Type":"Concept"}}],"Id":"urn:eciu:learningOpportunity:937b4d29-d6f3-457f-b2fd-5479e4471e8e","Type":"LearningOpportunity"}