{"Mode":{"InScheme":{"Id":"http://data.europa.eu/snb/learning-assessment/25831c2","Type":"ConceptScheme"},"PrefLabel":{"En":"Online"},"Id":"http://data.europa.eu/snb/learning-assessment/920fbb3cbe","Type":"Concept"},"DcType":null,"Title":{"En":"Trends in Accessibility Research"},"AdmissionsProcedure":null,"ApplicationDeadline":"2025-05-31","Description":{"En":"From designing for disability, to designing for abilities and for augmenting human capabilities, this thematic module takes a broader look at the trends in research on accessibility with a focus on ideas, designs, prototypes, and products for the 21st century. The module will introduce ongoing research on Cyborgs, artificial limbs and augmentations, brain-computer interactions, AI, etc., through published research in HCI and accessibility, and other venues. The module discusses how our understanding of human abilities is changing, and the different research trajectories from where we are today"},"LearningAchievementSpecification":{"EQFLevel":{"InScheme":{"Id":"http://data.europa.eu/snb/eqf/25831c2","Type":"ConceptScheme"},"PrefLabel":{"En":"Level 7"},"Id":"http://data.europa.eu/snb/eqf/7","Type":"Concept"},"CreditPoint":{"Framework":{"InScheme":{"Id":"http://data.europa.eu/snb/education-credit/25831c2","Type":"ConceptScheme"},"PrefLabel":{"En":"European Credit Transfer System"},"Id":"http://data.europa.eu/snb/education-credit/6fcec5c5af","Type":"Concept"},"Point":"1,0","Id":"urn:epass:creditPoint:43015d6f-9ad1-ef11-a72e-7c1e52510959","Type":"CreditPoint"},"LearningOutcome":[{"Title":{"En":"Analyzing research papers"},"RelatedESCOSkill":[{"Notation":"Skill","InScheme":{"Id":"http://data.europa.eu/esco/concept-scheme/skills","Type":"ConceptScheme"},"PrefLabel":{"En":"evaluate data, information and digital content"},"Id":"http://data.europa.eu/esco/skill/1d6c7de4-350e-4868-a47b-333b4b0d9650","Type":"Concept"},{"Notation":"Skill","InScheme":{"Id":"http://data.europa.eu/esco/concept-scheme/skills","Type":"ConceptScheme"},"PrefLabel":{"En":"human-computer interaction"},"Id":"http://data.europa.eu/esco/skill/9136cbf1-7916-4f1c-bc9a-0318ee1d6016","Type":"Concept"}],"AdditionalNote":{"NoteLiteral":{"En":"The student will learn how to read and critically analyze research papers in HCI and Accessibility."},"Id":"urn:eciu:note:cb78106d-9ad1-ef11-a72e-000d3a2e6935","Type":"Note"},"Id":"urn:epass:learningOutcome:43015d6f-9ad1-ef11-a72e-7c1e52510959-1","Type":"LearningOutcome"},{"Title":{"En":"Current and future research trends in accessibility"},"RelatedESCOSkill":[{"Notation":"Skill","InScheme":{"Id":"http://data.europa.eu/esco/concept-scheme/skills","Type":"ConceptScheme"},"PrefLabel":{"En":"Conduct scientific research"},"Id":"http://data.europa.eu/esco/skill/4fabca9a-7435-4f33-b1da-3cdb00340fdc","Type":"Concept"},{"Notation":"Skill","InScheme":{"Id":"http://data.europa.eu/esco/concept-scheme/skills","Type":"ConceptScheme"},"PrefLabel":{"En":"ICT accessibility standards"},"Id":"http://data.europa.eu/esco/skill/3e23db60-0c3d-498a-a6ac-ffbed0ecb033","Type":"Concept"}],"AdditionalNote":{"NoteLiteral":{"En":"The student will be familiar with current and future research trends in accessibility, including those that are on the cusp of becoming mainstream in the 21st century to those that are at the edge and/or controversial."},"Id":"urn:eciu:note:1a5e7475-9ad1-ef11-a72e-7c1e52510959","Type":"Note"},"Id":"urn:epass:learningOutcome:43015d6f-9ad1-ef11-a72e-7c1e52510959-2","Type":"LearningOutcome"}],"LearningSetting":null,"Mode":null,"Title":{"En":"Trends in Accessibility Research"},"DcType":null,"HomePage":null,"VolumeOfLearning":null,"Id":"urn:eciu:qualification:43015d6f-9ad1-ef11-a72e-7c1e52510959","Type":"Qualification"},"IsPartOf":{"Mode":null,"DcType":null,"Title":{"En":"Trends in Accessibility Research"},"AdmissionsProcedure":null,"ApplicationDeadline":null,"Description":null,"LearningAchievementSpecification":null,"IsPartOf":null,"Temporal":null,"ProvidedBy":null,"LearningActivitySpecification":null,"BannerImage":null,"MoreInformation":[{"NoteLiteral":"ACC.220","Subject":{"InScheme":{"Id":"urn:eciu:note","Type":"ConceptScheme"},"PrefLabel":{"En":"EducationIdentifier"},"Id":"af8ba09f-8c14-ee11-8f6d-6045bd886fac","Type":"Concept"}}],"Id":"urn:eciu:learningOpportunity:af8ba09f-8c14-ee11-8f6d-6045bd886fac","Type":"LearningOpportunity"},"Temporal":{"EndDate":"2025-01-27T00:00:00Z","Name":{"En":"Temporal"},"StartDate":"2025-07-31T00:00:00Z"},"ProvidedBy":{"Location":null,"Logo":null,"LegalName":{"En":"TAMPEREEN KORKEAKOULUSAATIO SR (TAU)"},"Registration":null,"Homepage":null,"Id":"urn:eciu:org:8f142831-6a54-ed11-bba2-6045bd886566","Type":"Organisation"},"LearningActivitySpecification":{"Mode":null,"DcType":null,"Title":{"En":""},"Description":null,"MoreInformation":[{"NoteLiteral":"This is a nonstoop MOOC (Massive Open Online course). This means the course is fully online and you can take it at your own pace according to your own schedule.  \n  \nThis MOOC is offered by Tampere University on the DigiCampus platform. Once you have your TUNI credentials, log in to DigiCampus by using the choice \u0022Login with HAKA Account\u0022, select \u0022Tampere Universities\u0022and use your tuni.fi account. In DigiCampus, head over the the course \u0022Methods and technologies for accessibility and their evaluation\u0022.\u00A0The enrolment key is \u002220methods21\u0022. From this module, select the course you applied for.  \n  \nLink to DigiCampus: digicampus.fi/?lang=en  \nDirect link to the course: digicampus.fi/course/view.php?id=1193","Subject":{"InScheme":{"Id":"urn:eciu:note","Type":"ConceptScheme"},"PrefLabel":{"En":"ParticipantInformation"},"Id":"43015d6f-9ad1-ef11-a72e-7c1e52510959","Type":"Concept"}}],"HasPart":null,"Id":"urn:eciu:learningActivitySpec:43015d6f-9ad1-ef11-a72e-7c1e52510959","Type":"LearningActivitySpecification"},"BannerImage":null,"MoreInformation":[{"NoteLiteral":"","Subject":{"InScheme":{"Id":"urn:eciu:note","Type":"ConceptScheme"},"PrefLabel":{"En":"SourceIdentifier"},"Id":"43015d6f-9ad1-ef11-a72e-7c1e52510959","Type":"Concept"}},{"NoteLiteral":"Nonstop MOOC on methods and technologies for accessibility","Subject":{"InScheme":{"Id":"urn:eciu:note","Type":"ConceptScheme"},"PrefLabel":{"En":"SubTitle"},"Id":"43015d6f-9ad1-ef11-a72e-7c1e52510959","Type":"Concept"}},{"NoteLiteral":"This course is part of the larger module \u0022Methods and technologies for accessibility and their evaluation\u0022 which consists of over 25 modules (1 ECT each). If you want to become an expert at creating digitally accessible services, make sure to check them out.","Subject":{"InScheme":{"Id":"urn:eciu:note","Type":"ConceptScheme"},"PrefLabel":{"En":"Introduction"},"Id":"43015d6f-9ad1-ef11-a72e-7c1e52510959","Type":"Concept"}},{"NoteLiteral":"True","Subject":{"InScheme":{"Id":"urn:eciu:note","Type":"ConceptScheme"},"PrefLabel":{"En":"GenerateMicroCredentials"},"Id":"43015d6f-9ad1-ef11-a72e-7c1e52510959","Type":"Concept"}},{"NoteLiteral":"This micromodule is open to all ECIU students and there is no specific admissions process, rather all interested students will have the change to take the course.\u00A0However, the course is mainly targeted to master\u0027s level students. Notice that the course is self-paced and you need to reserve time in your timetable for finishing it.","Subject":{"InScheme":{"Id":"urn:eciu:note","Type":"ConceptScheme"},"PrefLabel":{"En":"AdmissionProcessInformation"},"Id":"43015d6f-9ad1-ef11-a72e-7c1e52510959","Type":"Concept"}},{"NoteLiteral":"True","Subject":{"InScheme":{"Id":"urn:eciu:note","Type":"ConceptScheme"},"PrefLabel":{"En":"SimplifiedAdmissionProcess"},"Id":"43015d6f-9ad1-ef11-a72e-7c1e52510959","Type":"Concept"}},{"NoteLiteral":"2025-01-27","Subject":{"InScheme":{"Id":"urn:eciu:note","Type":"ConceptScheme"},"PrefLabel":{"En":"ApplicationPeriodStartDate"},"Id":"43015d6f-9ad1-ef11-a72e-7c1e52510959","Type":"Concept"}},{"NoteLiteral":"100","Subject":{"InScheme":{"Id":"urn:eciu:note","Type":"ConceptScheme"},"PrefLabel":{"En":"MaximumNumberOfSeats"},"Id":"43015d6f-9ad1-ef11-a72e-7c1e52510959","Type":"Concept"}},{"NoteLiteral":"False","Subject":{"InScheme":{"Id":"urn:eciu:note","Type":"ConceptScheme"},"PrefLabel":{"En":"ECIULMSENabled"},"Id":"43015d6f-9ad1-ef11-a72e-7c1e52510959","Type":"Concept"}},{"NoteLiteral":"","Subject":{"InScheme":{"Id":"urn:eciu:note","Type":"ConceptScheme"},"PrefLabel":{"En":"LMSUrl"},"Id":"43015d6f-9ad1-ef11-a72e-7c1e52510959","Type":"Concept"}},{"NoteLiteral":"","Subject":{"InScheme":{"Id":"urn:eciu:note","Type":"ConceptScheme"},"PrefLabel":{"En":"TeamAccessDate"},"Id":"43015d6f-9ad1-ef11-a72e-7c1e52510959","Type":"Concept"}},{"NoteLiteral":"false","Subject":{"InScheme":{"Id":"urn:eciu:note","Type":"ConceptScheme"},"PrefLabel":{"En":"SelfPaced"},"Id":"43015d6f-9ad1-ef11-a72e-7c1e52510959","Type":"Concept"}},{"NoteLiteral":"10","Subject":{"InScheme":{"Id":"urn:eciu:note","Type":"ConceptScheme"},"PrefLabel":{"En":"Pace"},"Id":"43015d6f-9ad1-ef11-a72e-7c1e52510959","Type":"Concept"}},{"NoteLiteral":"Standard","Subject":{"InScheme":{"Id":"urn:eciu:note","Type":"ConceptScheme"},"PrefLabel":{"En":"Scope"},"Id":"43015d6f-9ad1-ef11-a72e-7c1e52510959","Type":"Concept"}}],"Id":"urn:eciu:learningOpportunity:43015d6f-9ad1-ef11-a72e-7c1e52510959","Type":"LearningOpportunity"}