{"Mode":{"InScheme":{"Id":"http://data.europa.eu/snb/learning-assessment/25831c2","Type":"ConceptScheme"},"PrefLabel":{"En":"Online"},"Id":"http://data.europa.eu/snb/learning-assessment/920fbb3cbe","Type":"Concept"},"DcType":null,"Title":{"En":"Energy in transportation"},"AdmissionsProcedure":null,"ApplicationDeadline":"2024-10-01","Description":{"En":"Energy has become an increasingly important factor in recent years. We have transitioned from a world where energy was cheap and readily available to one where it is becoming more difficult to obtain. Furthermore,\u00A0**energy consumption has dramatic consequences for the environment,** as its use leads to an increase in CO2 concentration and subsequently,\u00A0**global warming**. Understanding this factor and being able to manage it quantitatively is becoming increasingly necessary for the next generation.\n\nIn this course, we will be studying**transportation and analyzing it in terms of energy**. We will learn how to\u00A0**calculate the impact of our transportation systems**in terms of energy, and explore the best strategies to reduce their impact."},"LearningAchievementSpecification":{"EQFLevel":{"InScheme":{"Id":"http://data.europa.eu/snb/eqf/25831c2","Type":"ConceptScheme"},"PrefLabel":{"En":"Level 7"},"Id":"http://data.europa.eu/snb/eqf/7","Type":"Concept"},"CreditPoint":{"Framework":{"InScheme":{"Id":"http://data.europa.eu/snb/education-credit/25831c2","Type":"ConceptScheme"},"PrefLabel":{"En":"European Credit Transfer System"},"Id":"http://data.europa.eu/snb/education-credit/6fcec5c5af","Type":"Concept"},"Point":"1,0","Id":"urn:epass:creditPoint:ce8806b2-3044-ef11-a316-000d3a44e78d","Type":"CreditPoint"},"LearningOutcome":[{"Title":{"En":"Energy requirements of transportation modes"},"RelatedESCOSkill":[{"Notation":"Skill","InScheme":{"Id":"http://data.europa.eu/esco/concept-scheme/skills","Type":"ConceptScheme"},"PrefLabel":{"En":"apply road transport environmental measures"},"Id":"http://data.europa.eu/esco/skill/cb21f7c2-6bf6-46b5-a638-ad494e95ffbf","Type":"Concept"}],"AdditionalNote":{"NoteLiteral":{"En":"Analyze and evaluate the energy requirements of different transportation modes, assessing their environmental impact in terms of greenhouse gas emissions and air pollution."},"Id":"urn:eciu:note:eb8806b2-3044-ef11-a316-000d3a44e78d","Type":"Note"},"Id":"urn:epass:learningOutcome:ce8806b2-3044-ef11-a316-000d3a44e78d-1","Type":"LearningOutcome"},{"Title":{"En":"Attain proficiency in sustainable energy sources for optimal transportation power solutions."},"RelatedESCOSkill":[{"Notation":"Skill","InScheme":{"Id":"http://data.europa.eu/esco/concept-scheme/skills","Type":"ConceptScheme"},"PrefLabel":{"En":"transportation sector policies"},"Id":"http://data.europa.eu/esco/skill/2f573172-298a-4345-bddb-a619df747709","Type":"Concept"}],"AdditionalNote":{"NoteLiteral":{"En":"Acquire knowledge about available sustainable energy sources to meet the specific energy and power requirements of the most commonly used transportation systems."},"Id":"urn:eciu:note:df467fb6-3044-ef11-a316-000d3aad3e56","Type":"Note"},"Id":"urn:epass:learningOutcome:ce8806b2-3044-ef11-a316-000d3a44e78d-2","Type":"LearningOutcome"},{"Title":{"En":"Make informed decisions that promote sustainable practices."},"RelatedESCOSkill":[{"Notation":"Skill","InScheme":{"Id":"http://data.europa.eu/esco/concept-scheme/skills","Type":"ConceptScheme"},"PrefLabel":{"En":"promote public transport"},"Id":"http://data.europa.eu/esco/skill/0c67b0dd-8cbf-43e4-a9d7-0c4c2e7a6236","Type":"Concept"},{"Notation":"Skill","InScheme":{"Id":"http://data.europa.eu/esco/concept-scheme/skills","Type":"ConceptScheme"},"PrefLabel":{"En":"social entreprise"},"Id":"http://data.europa.eu/esco/skill/2f4cdc7e-d98d-4e6c-9811-3dc28255c7ff","Type":"Concept"}],"AdditionalNote":{"NoteLiteral":{"En":"Identify technologies capable of carrying the necessary energy and power for transportation, such as electricity, hydrogen, and biofuels, while considering their limitations in terms of land use and material accessibility. Use this knowledge to make informed decisions that promote sustainable practices."},"Id":"urn:eciu:note:756b90b9-3044-ef11-a316-000d3aafbfd2","Type":"Note"},"Id":"urn:epass:learningOutcome:ce8806b2-3044-ef11-a316-000d3a44e78d-3","Type":"LearningOutcome"},{"Title":{"En":"State of the art of sustainable modes of transportation."},"RelatedESCOSkill":[{"Notation":"Skill","InScheme":{"Id":"http://data.europa.eu/esco/concept-scheme/skills","Type":"ConceptScheme"},"PrefLabel":{"En":"Identify statistical patterns"},"Id":"http://data.europa.eu/esco/skill/06670261-ea6b-4b52-a915-c7d4ff837f74","Type":"Concept"}],"AdditionalNote":{"NoteLiteral":{"En":"Stay updated on research advancements and initiatives aimed at mitigating the environmental impact of transportation, evaluate the level of implementation of these initiatives, and make informed decisions about more sustainable transportation practices to minimize the global impact on the planet."},"Id":"urn:eciu:note:7c6c15be-3044-ef11-a316-00224882b2f6","Type":"Note"},"Id":"urn:epass:learningOutcome:ce8806b2-3044-ef11-a316-000d3a44e78d-4","Type":"LearningOutcome"},{"Title":{"En":"Understand the current dependence on fossil fuels in various modes of transportation."},"RelatedESCOSkill":[{"Notation":"Skill","InScheme":{"Id":"http://data.europa.eu/esco/concept-scheme/skills","Type":"ConceptScheme"},"PrefLabel":{"En":"monitor environmental parameters"},"Id":"http://data.europa.eu/esco/skill/3d69b305-4051-4c1d-ba1e-d8c5b35e22db","Type":"Concept"}],"AdditionalNote":{"NoteLiteral":{"En":"Be able to make a comparative analysis of fossil fuel consumption with other alternative energy sources for each mode."},"Id":"urn:eciu:note:f3217bb4-3044-ef11-a316-6045bd874b0a","Type":"Note"},"Id":"urn:epass:learningOutcome:ce8806b2-3044-ef11-a316-000d3a44e78d-5","Type":"LearningOutcome"}],"LearningSetting":null,"Mode":null,"Title":{"En":"Energy in transportation"},"DcType":null,"HomePage":null,"VolumeOfLearning":null,"Id":"urn:eciu:qualification:ce8806b2-3044-ef11-a316-000d3a44e78d","Type":"Qualification"},"IsPartOf":{"Mode":null,"DcType":null,"Title":{"En":"Energy in transportation"},"AdmissionsProcedure":null,"ApplicationDeadline":null,"Description":null,"LearningAchievementSpecification":null,"IsPartOf":null,"Temporal":null,"ProvidedBy":null,"LearningActivitySpecification":null,"BannerImage":null,"MoreInformation":null,"Id":"urn:eciu:learningOpportunity:9da18aac-cf05-ee11-8f6e-6045bd886f79","Type":"LearningOpportunity"},"Temporal":{"EndDate":"2024-10-14T00:00:00Z","Name":{"En":"Temporal"},"StartDate":"2025-01-13T00:00:00Z"},"ProvidedBy":{"Location":null,"Logo":null,"LegalName":{"En":"UNIVERSIDAD AUTONOMA DE BARCELONA (UAB)"},"Registration":null,"Homepage":null,"Id":"urn:eciu:org:e73e6837-6a54-ed11-bba2-6045bd886566","Type":"Organisation"},"LearningActivitySpecification":{"Mode":null,"DcType":null,"Title":{"En":""},"Description":null,"MoreInformation":[{"NoteLiteral":"The course consists in **8 digital recordings**, in English, created by UAB professor Xavier Alvarez, expert in the field of Energy.\n\nAt the end of each module, a test will give the learner the opportunity to assess his/her learning outcome, and at the end of the course, the learner will prepare a\u00A0**final project**\u00A0about what was teached during the course. The teacher will evaluate this final essay.\n\nSince this is an open online course, you have the flexibility to progress through the material at your own pace.\n\n**1 online session with the teamcher**\u00A0will be scheduled at the beggining of the course to present and review the content of the micro-module and to address any doubts you might have. Assistance to this session is not mandatory but it is highly encouraged.","Subject":{"InScheme":{"Id":"urn:eciu:note","Type":"ConceptScheme"},"PrefLabel":{"En":"ParticipantInformation"},"Id":"ce8806b2-3044-ef11-a316-000d3a44e78d","Type":"Concept"}}],"HasPart":null,"Id":"urn:eciu:learningActivitySpec:ce8806b2-3044-ef11-a316-000d3a44e78d","Type":"LearningActivitySpecification"},"BannerImage":null,"MoreInformation":[{"NoteLiteral":"","Subject":{"InScheme":{"Id":"urn:eciu:note","Type":"ConceptScheme"},"PrefLabel":{"En":"SourceIdentifier"},"Id":"ce8806b2-3044-ef11-a316-000d3a44e78d","Type":"Concept"}},{"NoteLiteral":"3rd Edition","Subject":{"InScheme":{"Id":"urn:eciu:note","Type":"ConceptScheme"},"PrefLabel":{"En":"SubTitle"},"Id":"ce8806b2-3044-ef11-a316-000d3a44e78d","Type":"Concept"}},{"NoteLiteral":"In this course, we will be studying transportation and analyzing it in terms of energy. We will learn how to calculate the impact of our transportation systems in terms of energy, and explore the best strategies to reduce their impact.","Subject":{"InScheme":{"Id":"urn:eciu:note","Type":"ConceptScheme"},"PrefLabel":{"En":"Introduction"},"Id":"ce8806b2-3044-ef11-a316-000d3a44e78d","Type":"Concept"}},{"NoteLiteral":"True","Subject":{"InScheme":{"Id":"urn:eciu:note","Type":"ConceptScheme"},"PrefLabel":{"En":"GenerateMicroCredentials"},"Id":"ce8806b2-3044-ef11-a316-000d3a44e78d","Type":"Concept"}},{"NoteLiteral":"Applicants will be notified of their admission results within five days following the application deadline\n\n**Entry requirements**:\n\n- being affiliated with one of the 13\u00A0ECIU university members\n- B2 level of English language proficiency.\n\n**Documents to be submitted**:\n\n- Curriculum Vitae (CV)\n- Document with the following information and a copy (or picture) of your passport/ID card\n    - Name\n    - Last Name\n    - Nationality\n    - Date of birth\n    - City of birth\n    - Current address\n    - Email\n    - Telephone\n\nIf you have any other questions please contact us at **eciu.admissions@uab.cat**","Subject":{"InScheme":{"Id":"urn:eciu:note","Type":"ConceptScheme"},"PrefLabel":{"En":"AdmissionProcessInformation"},"Id":"ce8806b2-3044-ef11-a316-000d3a44e78d","Type":"Concept"}},{"NoteLiteral":"False","Subject":{"InScheme":{"Id":"urn:eciu:note","Type":"ConceptScheme"},"PrefLabel":{"En":"SimplifiedAdmissionProcess"},"Id":"ce8806b2-3044-ef11-a316-000d3a44e78d","Type":"Concept"}},{"NoteLiteral":"2024-08-14","Subject":{"InScheme":{"Id":"urn:eciu:note","Type":"ConceptScheme"},"PrefLabel":{"En":"ApplicationPeriodStartDate"},"Id":"ce8806b2-3044-ef11-a316-000d3a44e78d","Type":"Concept"}},{"NoteLiteral":"25","Subject":{"InScheme":{"Id":"urn:eciu:note","Type":"ConceptScheme"},"PrefLabel":{"En":"MaximumNumberOfSeats"},"Id":"ce8806b2-3044-ef11-a316-000d3a44e78d","Type":"Concept"}},{"NoteLiteral":"True","Subject":{"InScheme":{"Id":"urn:eciu:note","Type":"ConceptScheme"},"PrefLabel":{"En":"ECIULMSENabled"},"Id":"ce8806b2-3044-ef11-a316-000d3a44e78d","Type":"Concept"}},{"NoteLiteral":"https://teams.microsoft.com/l/team/19%3ar_yEbVk3LtBB6jx9_mD64voZS8OY6nhGiSIy1tHDV-I1%40thread.tacv2/conversations?groupId=31d2f91d-458a-4f8a-8370-83fe735dcbee\u0026tenantId=ba2d854d-d630-4008-a546-d19abc67088c","Subject":{"InScheme":{"Id":"urn:eciu:note","Type":"ConceptScheme"},"PrefLabel":{"En":"LMSUrl"},"Id":"ce8806b2-3044-ef11-a316-000d3a44e78d","Type":"Concept"}},{"NoteLiteral":"2024-10-07","Subject":{"InScheme":{"Id":"urn:eciu:note","Type":"ConceptScheme"},"PrefLabel":{"En":"TeamAccessDate"},"Id":"ce8806b2-3044-ef11-a316-000d3a44e78d","Type":"Concept"}},{"NoteLiteral":"false","Subject":{"InScheme":{"Id":"urn:eciu:note","Type":"ConceptScheme"},"PrefLabel":{"En":"SelfPaced"},"Id":"ce8806b2-3044-ef11-a316-000d3a44e78d","Type":"Concept"}},{"NoteLiteral":"25","Subject":{"InScheme":{"Id":"urn:eciu:note","Type":"ConceptScheme"},"PrefLabel":{"En":"Pace"},"Id":"ce8806b2-3044-ef11-a316-000d3a44e78d","Type":"Concept"}},{"NoteLiteral":"Nano","Subject":{"InScheme":{"Id":"urn:eciu:note","Type":"ConceptScheme"},"PrefLabel":{"En":"Scope"},"Id":"ce8806b2-3044-ef11-a316-000d3a44e78d","Type":"Concept"}}],"Id":"urn:eciu:learningOpportunity:ce8806b2-3044-ef11-a316-000d3a44e78d","Type":"LearningOpportunity"}