{"Mode":{"InScheme":{"Id":"http://data.europa.eu/snb/learning-assessment/25831c2","Type":"ConceptScheme"},"PrefLabel":{"En":"Online"},"Id":"http://data.europa.eu/snb/learning-assessment/920fbb3cbe","Type":"Concept"},"DcType":null,"Title":{"En":"Picture Communication"},"AdmissionsProcedure":null,"ApplicationDeadline":"2025-05-31","Description":{"En":"This thematic module introduces the student to\u00A0aided\u00A0augmentative and\u00A0alternative\u00A0communication (AAC) techniques\u00A0such as the use of\u00A0pictures\u00A0or symbols.\u00A0Lectures focus on\u00A0strategies\u00A0(such as PECS,\u00A0first-then boards)\u00A0and\u00A0the use of\u00A0different systems\u00A0(such as\u00A0ARASAAC, Mulberry or Sclera)\u00A0in different situations.\u00A0Technologies, culture and the environment are also briefly discussed"},"LearningAchievementSpecification":{"EQFLevel":{"InScheme":{"Id":"http://data.europa.eu/snb/eqf/25831c2","Type":"ConceptScheme"},"PrefLabel":{"En":"Level 7"},"Id":"http://data.europa.eu/snb/eqf/7","Type":"Concept"},"CreditPoint":{"Framework":{"InScheme":{"Id":"http://data.europa.eu/snb/education-credit/25831c2","Type":"ConceptScheme"},"PrefLabel":{"En":"European Credit Transfer System"},"Id":"http://data.europa.eu/snb/education-credit/6fcec5c5af","Type":"Concept"},"Point":"1,0","Id":"urn:epass:creditPoint:fb2ed9f5-98d1-ef11-a72e-0022488b6cff","Type":"CreditPoint"},"LearningOutcome":[{"Title":{"En":"Naming visual communication strategies"},"RelatedESCOSkill":[{"Notation":"Skill","InScheme":{"Id":"http://data.europa.eu/esco/concept-scheme/skills","Type":"ConceptScheme"},"PrefLabel":{"En":"manage visual communications"},"Id":"http://data.europa.eu/esco/skill/50b96d21-f2eb-4f35-a8d3-77eee15ef51f","Type":"Concept"},{"Notation":"Skill","InScheme":{"Id":"http://data.europa.eu/esco/concept-scheme/skills","Type":"ConceptScheme"},"PrefLabel":{"En":"determine visual concepts"},"Id":"http://data.europa.eu/esco/skill/8a18f41b-70e2-4a03-986f-95b52d2ca39c","Type":"Concept"}],"AdditionalNote":{"NoteLiteral":{"En":"The student is able to name different visual communication strategies understanding different use cases."},"Id":"urn:eciu:note:aa0070fb-98d1-ef11-a72e-000d3a22dc2e","Type":"Note"},"Id":"urn:epass:learningOutcome:fb2ed9f5-98d1-ef11-a72e-0022488b6cff-1","Type":"LearningOutcome"},{"Title":{"En":"Basic communication with images or symbols"},"RelatedESCOSkill":[{"Notation":"Skill","InScheme":{"Id":"http://data.europa.eu/esco/concept-scheme/skills","Type":"ConceptScheme"},"PrefLabel":{"En":"use different communication channels"},"Id":"http://data.europa.eu/esco/skill/415abd43-e8e5-4643-b5da-5f11307af57a","Type":"Concept"},{"Notation":"Skill","InScheme":{"Id":"http://data.europa.eu/esco/concept-scheme/skills","Type":"ConceptScheme"},"PrefLabel":{"En":"interact through digital technologies"},"Id":"http://data.europa.eu/esco/skill/a12057b4-6d11-4a12-ab8e-15a028ef0a6d","Type":"Concept"}],"AdditionalNote":{"NoteLiteral":{"En":"The student is able to produce basic communication with images or symbols"},"Id":"urn:eciu:note:122fd9f5-98d1-ef11-a72e-0022488b6cff","Type":"Note"},"Id":"urn:epass:learningOutcome:fb2ed9f5-98d1-ef11-a72e-0022488b6cff-2","Type":"LearningOutcome"},{"Title":{"En":"Difference between augmentative and\u00A0alternative\u00A0communication  systems"},"RelatedESCOSkill":[{"Notation":"Skill","InScheme":{"Id":"http://data.europa.eu/esco/concept-scheme/skills","Type":"ConceptScheme"},"PrefLabel":{"En":"think analytically"},"Id":"http://data.europa.eu/esco/skill/4707da90-9cfc-46ca-8de0-38a0b7bfb137","Type":"Concept"},{"Notation":"Skill","InScheme":{"Id":"http://data.europa.eu/esco/concept-scheme/skills","Type":"ConceptScheme"},"PrefLabel":{"En":"interact through digital technologies"},"Id":"http://data.europa.eu/esco/skill/a12057b4-6d11-4a12-ab8e-15a028ef0a6d","Type":"Concept"}],"AdditionalNote":{"NoteLiteral":{"En":"The student is able to describe the difference between augmentative and\u00A0alternative\u00A0communication  systems."},"Id":"urn:eciu:note:7ec9cbfc-98d1-ef11-a72e-0022488b6cff","Type":"Note"},"Id":"urn:epass:learningOutcome:fb2ed9f5-98d1-ef11-a72e-0022488b6cff-3","Type":"LearningOutcome"}],"LearningSetting":null,"Mode":null,"Title":{"En":"Picture Communication"},"DcType":null,"HomePage":null,"VolumeOfLearning":null,"Id":"urn:eciu:qualification:fb2ed9f5-98d1-ef11-a72e-0022488b6cff","Type":"Qualification"},"IsPartOf":{"Mode":null,"DcType":null,"Title":{"En":"Picture Communication"},"AdmissionsProcedure":null,"ApplicationDeadline":null,"Description":null,"LearningAchievementSpecification":null,"IsPartOf":null,"Temporal":null,"ProvidedBy":null,"LearningActivitySpecification":null,"BannerImage":null,"MoreInformation":[{"NoteLiteral":"ACC.040","Subject":{"InScheme":{"Id":"urn:eciu:note","Type":"ConceptScheme"},"PrefLabel":{"En":"EducationIdentifier"},"Id":"c93bbd00-9bd3-ed11-a7c7-6045bd886fac","Type":"Concept"}}],"Id":"urn:eciu:learningOpportunity:c93bbd00-9bd3-ed11-a7c7-6045bd886fac","Type":"LearningOpportunity"},"Temporal":{"EndDate":"2025-01-21T00:00:00Z","Name":{"En":"Temporal"},"StartDate":"2025-07-31T00:00:00Z"},"ProvidedBy":{"Location":null,"Logo":null,"LegalName":{"En":"TAMPEREEN KORKEAKOULUSAATIO SR (TAU)"},"Registration":null,"Homepage":null,"Id":"urn:eciu:org:8f142831-6a54-ed11-bba2-6045bd886566","Type":"Organisation"},"LearningActivitySpecification":{"Mode":null,"DcType":null,"Title":{"En":""},"Description":null,"MoreInformation":[{"NoteLiteral":"This MOOC (Massive Open Online Course) is offered by Tampere University in the DigiCampus platform. Once you have your TUNI credentials, log in to DigiCampus by using the choice \u0022Login with HAKA Account\u0022, select \u0022Tampere Universities\u0022and use your tuni.fi account. In DigiCampus, head over the the course \u0022Methods and technologies for accessibility and their evaluation\u0022.\u00A0The enrolment key is \u002220methods21\u0022. From this module, select the course you applied for.  \n  \nLink to DigiCampus: digicampus.fi/?lang=en  \nDirect link to the course: digicampus.fi/course/view.php?id=1193","Subject":{"InScheme":{"Id":"urn:eciu:note","Type":"ConceptScheme"},"PrefLabel":{"En":"ParticipantInformation"},"Id":"fb2ed9f5-98d1-ef11-a72e-0022488b6cff","Type":"Concept"}}],"HasPart":null,"Id":"urn:eciu:learningActivitySpec:fb2ed9f5-98d1-ef11-a72e-0022488b6cff","Type":"LearningActivitySpecification"},"BannerImage":null,"MoreInformation":[{"NoteLiteral":"","Subject":{"InScheme":{"Id":"urn:eciu:note","Type":"ConceptScheme"},"PrefLabel":{"En":"SourceIdentifier"},"Id":"fb2ed9f5-98d1-ef11-a72e-0022488b6cff","Type":"Concept"}},{"NoteLiteral":"Nonstop MOOC on methods and technologies for accessibility","Subject":{"InScheme":{"Id":"urn:eciu:note","Type":"ConceptScheme"},"PrefLabel":{"En":"SubTitle"},"Id":"fb2ed9f5-98d1-ef11-a72e-0022488b6cff","Type":"Concept"}},{"NoteLiteral":"This course is part of the larger module \u0022Methods and technologies for accessibility and their evaluation\u0022 which consists of over 25 modules (1 ECT each). If you want to become an expert at creating digitally accessible services, make sure to check them out.","Subject":{"InScheme":{"Id":"urn:eciu:note","Type":"ConceptScheme"},"PrefLabel":{"En":"Introduction"},"Id":"fb2ed9f5-98d1-ef11-a72e-0022488b6cff","Type":"Concept"}},{"NoteLiteral":"True","Subject":{"InScheme":{"Id":"urn:eciu:note","Type":"ConceptScheme"},"PrefLabel":{"En":"GenerateMicroCredentials"},"Id":"fb2ed9f5-98d1-ef11-a72e-0022488b6cff","Type":"Concept"}},{"NoteLiteral":"This Micromodule is open to all ECIU students and there is no specific admissions process, rather all interested students will have the change to take the course.\u00A0However, the course is mainly targeted to master\u0027s level students. Notice that the course is self-paced and you need to reserve time in your timetable for finishing it.","Subject":{"InScheme":{"Id":"urn:eciu:note","Type":"ConceptScheme"},"PrefLabel":{"En":"AdmissionProcessInformation"},"Id":"fb2ed9f5-98d1-ef11-a72e-0022488b6cff","Type":"Concept"}},{"NoteLiteral":"True","Subject":{"InScheme":{"Id":"urn:eciu:note","Type":"ConceptScheme"},"PrefLabel":{"En":"SimplifiedAdmissionProcess"},"Id":"fb2ed9f5-98d1-ef11-a72e-0022488b6cff","Type":"Concept"}},{"NoteLiteral":"2025-01-21","Subject":{"InScheme":{"Id":"urn:eciu:note","Type":"ConceptScheme"},"PrefLabel":{"En":"ApplicationPeriodStartDate"},"Id":"fb2ed9f5-98d1-ef11-a72e-0022488b6cff","Type":"Concept"}},{"NoteLiteral":"100","Subject":{"InScheme":{"Id":"urn:eciu:note","Type":"ConceptScheme"},"PrefLabel":{"En":"MaximumNumberOfSeats"},"Id":"fb2ed9f5-98d1-ef11-a72e-0022488b6cff","Type":"Concept"}},{"NoteLiteral":"False","Subject":{"InScheme":{"Id":"urn:eciu:note","Type":"ConceptScheme"},"PrefLabel":{"En":"ECIULMSENabled"},"Id":"fb2ed9f5-98d1-ef11-a72e-0022488b6cff","Type":"Concept"}},{"NoteLiteral":"","Subject":{"InScheme":{"Id":"urn:eciu:note","Type":"ConceptScheme"},"PrefLabel":{"En":"LMSUrl"},"Id":"fb2ed9f5-98d1-ef11-a72e-0022488b6cff","Type":"Concept"}},{"NoteLiteral":"","Subject":{"InScheme":{"Id":"urn:eciu:note","Type":"ConceptScheme"},"PrefLabel":{"En":"TeamAccessDate"},"Id":"fb2ed9f5-98d1-ef11-a72e-0022488b6cff","Type":"Concept"}},{"NoteLiteral":"false","Subject":{"InScheme":{"Id":"urn:eciu:note","Type":"ConceptScheme"},"PrefLabel":{"En":"SelfPaced"},"Id":"fb2ed9f5-98d1-ef11-a72e-0022488b6cff","Type":"Concept"}},{"NoteLiteral":"10","Subject":{"InScheme":{"Id":"urn:eciu:note","Type":"ConceptScheme"},"PrefLabel":{"En":"Pace"},"Id":"fb2ed9f5-98d1-ef11-a72e-0022488b6cff","Type":"Concept"}},{"NoteLiteral":"Standard","Subject":{"InScheme":{"Id":"urn:eciu:note","Type":"ConceptScheme"},"PrefLabel":{"En":"Scope"},"Id":"fb2ed9f5-98d1-ef11-a72e-0022488b6cff","Type":"Concept"}}],"Id":"urn:eciu:learningOpportunity:fb2ed9f5-98d1-ef11-a72e-0022488b6cff","Type":"LearningOpportunity"}