{"Mode":{"InScheme":{"Id":"http://data.europa.eu/snb/learning-assessment/25831c2","Type":"ConceptScheme"},"PrefLabel":{"En":"Blended"},"Id":"http://data.europa.eu/snb/learning-assessment/e92d221e4d","Type":"Concept"},"DcType":null,"Title":{"En":"Art-based Research Methods in Intercultural Competence and Multilingualism"},"AdmissionsProcedure":{"NoteLiteral":{"En":"For whom?\nThis course is open for MA and PhD students. The students should be currently enrolled in an MA or PhD program, and have completed a BA (180 ECTS) in any of these: Humanities, Social Sciences, Teacher Education.\u00A0\n\nAdmission requirements\nYou must upload an official English copy of your bachelor transcript of records.\nYou must upload a document showing your enrolment in a MA or PhD program.\nYou must fill in all the information in the form linked under the section \u0022application process\u0022. This information is required to complete the admission process at University of Stavanger.\n\nAdmission process\nWe process applications toward the end of the application period. If your application is accepted, you will receive an offer sent to your ECIU email address. Please remember to check your ECIU email and spam folder regularly, and note that you have 7 days to accept the offer."},"Id":"urn:eciu:note:7faacf56-47cf-42a4-8b63-d204da0183b6","Type":"Note"},"ApplicationDeadline":"2025-02-14","Description":{"En":"Intercultural skills have been recognized as the top-valued skills for not only employers in various industries but for education from the earliest age. Multilingualism goes hand in hand with intercultural competencies, and is already a stated goal for EU-education and a need in increasingly diverse working and living contexts. Therefore, the aim of the course is to explore and critically evaluate the key issues in research on intercultural competence and multilingualism, especially from the standpoint of teacher education and foreign language teaching."},"LearningAchievementSpecification":{"EQFLevel":{"InScheme":{"Id":"http://data.europa.eu/snb/eqf/25831c2","Type":"ConceptScheme"},"PrefLabel":{"En":"Level 8"},"Id":"http://data.europa.eu/snb/eqf/8","Type":"Concept"},"CreditPoint":{"Framework":{"InScheme":{"Id":"http://data.europa.eu/snb/education-credit/25831c2","Type":"ConceptScheme"},"PrefLabel":{"En":"European Credit Transfer System"},"Id":"http://data.europa.eu/snb/education-credit/6fcec5c5af","Type":"Concept"},"Point":"5,0","Id":"urn:epass:creditPoint:7faacf56-47cf-42a4-8b63-d204da0183b6","Type":"CreditPoint"},"LearningOutcome":[{"Title":{"En":"Knowledge"},"RelatedESCOSkill":[{"Notation":"Skill","InScheme":{"Id":"http://data.europa.eu/esco/concept-scheme/skills","Type":"ConceptScheme"},"PrefLabel":{"En":"create new concepts"},"Id":"http://data.europa.eu/esco/skill/f08e2bd6-0366-4948-a670-1f03f130126f","Type":"Concept"},{"Notation":"Skill","InScheme":{"Id":"http://data.europa.eu/esco/concept-scheme/skills","Type":"ConceptScheme"},"PrefLabel":{"En":"demonstrate intercultural competence"},"Id":"http://data.europa.eu/esco/skill/c10d5d87-36cf-42f5-8a12-e560fb5f4af8","Type":"Concept"}],"AdditionalNote":{"NoteLiteral":{"En":"By the end of the course, students will have expert knowledge of the scholarly theories within and specialized insights into intercultural competence (ICC) and multilingualism, e.g. approaches and methods in the study of multilingualism; central aspects of individual and/or societal multilingualism. They will be able to evaluate the feasibility and application of different methods and processes in research and scholarly projects related to ICC and multilingualism, e.g. evaluate differences in application and appropriateness of the techniques for different contexts. They can contribute to the development of new knowledge, methods, and interpretations related to the fields of ICC and multilingualism, e.g. design and analyse different art-based data elicitation techniques."},"Id":"urn:eciu:note:25929e38-948b-ef11-ac21-000d3aa85bba","Type":"Note"},"Id":"urn:epass:learningOutcome:7faacf56-47cf-42a4-8b63-d204da0183b6-1","Type":"LearningOutcome"},{"Title":{"En":"Skills"},"RelatedESCOSkill":[{"Notation":"Skill","InScheme":{"Id":"http://data.europa.eu/esco/concept-scheme/skills","Type":"ConceptScheme"},"PrefLabel":{"En":"solve problems"},"Id":"http://data.europa.eu/esco/skill/adc6dc11-3376-467b-96c5-9b0a21edc869","Type":"Concept"},{"Notation":"Skill","InScheme":{"Id":"http://data.europa.eu/esco/concept-scheme/skills","Type":"ConceptScheme"},"PrefLabel":{"En":"think creatively"},"Id":"http://data.europa.eu/esco/skill/c624c6a3-b0ba-4a31-a296-0d433fe47e41","Type":"Concept"}],"AdditionalNote":{"NoteLiteral":{"En":"By the end of the course, the students can analyze and deal critically with various sources of information, and analyze existing theories, methods and interpretations in the field of ICC and multilingualism and work independently on practical and theoretical problems. They can formulate problems, plan and carry out research and scholarly development work, and handle complex academic issues and critically evaluate established knowledge and practice in the field of ICC and multilingualism."},"Id":"urn:eciu:note:17654b2d-958b-ef11-ac21-000d3aa85bba","Type":"Note"},"Id":"urn:epass:learningOutcome:7faacf56-47cf-42a4-8b63-d204da0183b6-2","Type":"LearningOutcome"},{"Title":{"En":"General competences"},"RelatedESCOSkill":[{"Notation":"Skill","InScheme":{"Id":"http://data.europa.eu/esco/concept-scheme/skills","Type":"ConceptScheme"},"PrefLabel":{"En":"think innovately"},"Id":"http://data.europa.eu/esco/skill/c2a0c52c-0b4b-4180-a918-92650ea3b458","Type":"Concept"},{"Notation":"Skill","InScheme":{"Id":"http://data.europa.eu/esco/concept-scheme/skills","Type":"ConceptScheme"},"PrefLabel":{"En":"respect the diversity of cultural values and norms"},"Id":"http://data.europa.eu/esco/skill/5ca953f7-541d-4f67-bc55-7721348366cf","Type":"Concept"},{"Notation":"Skill","InScheme":{"Id":"http://data.europa.eu/esco/concept-scheme/skills","Type":"ConceptScheme"},"PrefLabel":{"En":"work in teams"},"Id":"http://data.europa.eu/esco/skill/60c78287-22eb-4103-9c8c-28deaa460da0","Type":"Concept"},{"Notation":"Skill","InScheme":{"Id":"http://data.europa.eu/esco/concept-scheme/skills","Type":"ConceptScheme"},"PrefLabel":{"En":"demonstrate consideration"},"Id":"http://data.europa.eu/esco/skill/9d75743b-317a-4bc4-b93f-c72e3ceba377","Type":"Concept"}],"AdditionalNote":{"NoteLiteral":{"En":"By the end of the course, students can: analyze relevant academic, professional and research ethical problems; apply their knowledge and skills in new areas in order to carry out research with scholarly integrity; communicate extensive independent work and master language and terminology of the academic field; manage complex interdisciplinary assignments and projects; participate in debates in the field of ICC and multilingualism in international forums"},"Id":"urn:eciu:note:e2495167-958b-ef11-ac21-000d3aa85bba","Type":"Note"},"Id":"urn:epass:learningOutcome:7faacf56-47cf-42a4-8b63-d204da0183b6-3","Type":"LearningOutcome"}],"LearningSetting":null,"Mode":null,"Title":{"En":"Art-based Research Methods in Intercultural Competence and Multilingualism"},"DcType":null,"HomePage":null,"VolumeOfLearning":null,"Id":"urn:eciu:qualification:7faacf56-47cf-42a4-8b63-d204da0183b6","Type":"Qualification"},"IsPartOf":{"Mode":null,"DcType":null,"Title":{"En":"Art-based Research Methods in Intercultural Competence and Multilingualism"},"AdmissionsProcedure":null,"ApplicationDeadline":null,"Description":null,"LearningAchievementSpecification":null,"IsPartOf":null,"Temporal":null,"ProvidedBy":null,"LearningActivitySpecification":null,"BannerImage":null,"MoreInformation":null,"Id":"urn:eciu:learningOpportunity:715fdf08-6985-ef11-ac20-6045bd9c4a71","Type":"LearningOpportunity"},"Temporal":{"EndDate":"2025-05-12T00:00:00Z","Name":{"En":"Temporal"},"StartDate":"2025-06-02T00:00:00Z"},"ProvidedBy":{"Location":null,"Logo":null,"LegalName":{"En":"UNIVERSITETET I STAVANGER (UiS)"},"Registration":null,"Homepage":null,"Id":"urn:eciu:org:8586884b-6a54-ed11-bba2-6045bd886566","Type":"Organisation"},"LearningActivitySpecification":{"Mode":null,"DcType":null,"Title":{"En":""},"Description":{"En":"**Suggested reading:**\n\n- Deardorff, Darla K. \u0026 Arasaratnam-Smith, Lily (2017). International approaches, assessment and application. SAGE. (selected chapters)\n\n- Gass, S., J. Behney and L. Plonsky (2020). Second Language Acquisition. An Introductory Course. (5th edition). (selected chapters)\n\n- Hickey-Moody, A., Horn, C., Willcox, M., Florence, E. (2021). Arts-Based Methods for Research with Children. Springer.\n\n- Kara, H., Lemon, N., Mannay, D., McPherson, M. (2021). Creative Research Methods in Education: Principles and Practices. Bristol University Press.\n\n- Krulatz, A., Dahl, A., \u0026 Flogenfeldt, M.E. (2018). Enacting Multilingualism. From Research to Teaching Practice in the English Classroom. Oslo: Cappelen Damm Akademisk. (selected chapters)\n\n- Leavy, Patricia (2020). Method meets art. Arts-based research practice. Guilford Press. ISBN: 9781462538973\n\n- Lorenz E., A. Krulatz \u0026 Torgersen, E. (2021). Embracing linguistic and cultural diversity in multilingual EAL classrooms: The impact of professional development on teacher beliefs and practice. Teaching and Teacher Education 105, 1-14 https://doi.org/10.1016/j.tate.2021.103428\n\n- Mulvihill, T. M., \u0026 Swaminathan, R. (2019). Arts-Based Educational Research and Qualitative Inquiry. Walking the Path. Routledge.\n\n- Polinsky M., Scontras G. (2020). Understanding heritage languages. Bilingualism: Language and Cognition 23, 4\u201320. https://doi.org/10.1017/S1366728919000245\n\n- Roiha, A., \u0026 Wiseman, E. (2021). Teaching and Learning in International Schools (1st ed.). Critical Publishing. (selected chapters)\n\n- Welch, A. G., \u0026 Areepattamannil, S. (2016). Dispositions in Teacher Education\u202F: A Global Perspective (1st ed. 2016.). SensePublishers\u202F: Imprint: SensePublishers. (selected chapters)"},"MoreInformation":[{"NoteLiteral":"**For whom?**\n\nThe course is on a PhD level but both MA and PhD students can apply. The students should be currently enrolled in an MA or PhD program, and have completed a BA in any of these: Humanities, Social Sciences, Teacher Education.\u00A0\n\n**Format**\n\nThe course is blended. The first meeting will be online, and will take place 3 weeks before the 5-day in-person course at UiS. The last session will be online, a week after the in-person course finishes. Attendance at both online sessions and physical course is mandatory.\n\n**When?**\n\n- First online session: 12.05.2025\n- Last online session: 02.06.2025\n- 5 day physical course in Stavanger: 19-23.05.2025\n\nThe physical course is done in a workshop format. The activities take place every day from 9am until 5pm.\u00A0A 15-minute presentation is obligatory as well as 90% attendance.\u00A0The final exam is a portfolio compiled and reflection note of 1000 words (\u002B/-10%) based on in-class activities and discussions: to be submitted upon the end of the course.\u00A0\n\nFinal exam: 02.06.2025\n\n**Funding to travel?**\n\nPlease contact your local/home university to check out the possibility to apply for funding for the travel and stay (mobility support). There might be an early deadline for this, so check this out as soon as you can.\n\n**Housing and travel**\n\nDue to the difficult housing situation in Stavanger, UiS cannot provide accommodation for shortterm international students. Therefore, you will have to find housing on the private market.\n\nPlease note that you are responsible for organizing your own travel.","Subject":{"InScheme":{"Id":"urn:eciu:note","Type":"ConceptScheme"},"PrefLabel":{"En":"ParticipantInformation"},"Id":"7faacf56-47cf-42a4-8b63-d204da0183b6","Type":"Concept"}}],"HasPart":null,"Id":"urn:eciu:learningActivitySpec:7faacf56-47cf-42a4-8b63-d204da0183b6","Type":"LearningActivitySpecification"},"BannerImage":null,"MoreInformation":[{"NoteLiteral":"","Subject":{"InScheme":{"Id":"urn:eciu:note","Type":"ConceptScheme"},"PrefLabel":{"En":"SourceIdentifier"},"Id":"7faacf56-47cf-42a4-8b63-d204da0183b6","Type":"Concept"}},{"NoteLiteral":"Exploring, analyzing, and using various research methods","Subject":{"InScheme":{"Id":"urn:eciu:note","Type":"ConceptScheme"},"PrefLabel":{"En":"SubTitle"},"Id":"7faacf56-47cf-42a4-8b63-d204da0183b6","Type":"Concept"}},{"NoteLiteral":"Intercultural skills have been recognized as the top-valued skills for not only employers in various industries but for education from the earliest age. Multilingualism goes hand in hand with intercultural competencies, and is already a stated goal for EU-education and a need in increasingly diverse working and living contexts. Therefore, the aim of the course is to explore and critically evaluate the key issues in research on intercultural competence and multilingualism, especially from the standpoint of teacher education and foreign language teaching.","Subject":{"InScheme":{"Id":"urn:eciu:note","Type":"ConceptScheme"},"PrefLabel":{"En":"Introduction"},"Id":"7faacf56-47cf-42a4-8b63-d204da0183b6","Type":"Concept"}},{"NoteLiteral":"True","Subject":{"InScheme":{"Id":"urn:eciu:note","Type":"ConceptScheme"},"PrefLabel":{"En":"GenerateMicroCredentials"},"Id":"7faacf56-47cf-42a4-8b63-d204da0183b6","Type":"Concept"}},{"NoteLiteral":"**For whom?**\n\nThis course is open for MA and PhD students. The students should be currently enrolled in an MA or PhD program, and have completed a BA (180 ECTS) in any of these: Humanities, Social Sciences, Teacher Education.\u00A0\n\n**Admission requirements**\n\n- You must upload an official English copy of your bachelor transcript of records.\n- You must upload a document showing your enrolment in a MA or PhD program.\n- You must fill inn all the fields in this form: [Link to Personal Information registration form](https://forms.office.com/e/NWYzspN06j). This information is required to complete the admission process at University of Stavanger.\n\n**Admission process**\n\nWe process applications toward the end of the application period. If your application is accepted, you will receive an offer sent to your ECIU email address.\n\nPlease remember to check your ECIU email and spam folder regularly, and note that you have 7 days to accept the offer.","Subject":{"InScheme":{"Id":"urn:eciu:note","Type":"ConceptScheme"},"PrefLabel":{"En":"AdmissionProcessInformation"},"Id":"7faacf56-47cf-42a4-8b63-d204da0183b6","Type":"Concept"}},{"NoteLiteral":"False","Subject":{"InScheme":{"Id":"urn:eciu:note","Type":"ConceptScheme"},"PrefLabel":{"En":"SimplifiedAdmissionProcess"},"Id":"7faacf56-47cf-42a4-8b63-d204da0183b6","Type":"Concept"}},{"NoteLiteral":"2024-11-04","Subject":{"InScheme":{"Id":"urn:eciu:note","Type":"ConceptScheme"},"PrefLabel":{"En":"ApplicationPeriodStartDate"},"Id":"7faacf56-47cf-42a4-8b63-d204da0183b6","Type":"Concept"}},{"NoteLiteral":"30","Subject":{"InScheme":{"Id":"urn:eciu:note","Type":"ConceptScheme"},"PrefLabel":{"En":"MaximumNumberOfSeats"},"Id":"7faacf56-47cf-42a4-8b63-d204da0183b6","Type":"Concept"}},{"NoteLiteral":"False","Subject":{"InScheme":{"Id":"urn:eciu:note","Type":"ConceptScheme"},"PrefLabel":{"En":"ECIULMSENabled"},"Id":"7faacf56-47cf-42a4-8b63-d204da0183b6","Type":"Concept"}},{"NoteLiteral":"","Subject":{"InScheme":{"Id":"urn:eciu:note","Type":"ConceptScheme"},"PrefLabel":{"En":"LMSUrl"},"Id":"7faacf56-47cf-42a4-8b63-d204da0183b6","Type":"Concept"}},{"NoteLiteral":"","Subject":{"InScheme":{"Id":"urn:eciu:note","Type":"ConceptScheme"},"PrefLabel":{"En":"TeamAccessDate"},"Id":"7faacf56-47cf-42a4-8b63-d204da0183b6","Type":"Concept"}},{"NoteLiteral":"false","Subject":{"InScheme":{"Id":"urn:eciu:note","Type":"ConceptScheme"},"PrefLabel":{"En":"SelfPaced"},"Id":"7faacf56-47cf-42a4-8b63-d204da0183b6","Type":"Concept"}},{"NoteLiteral":"50","Subject":{"InScheme":{"Id":"urn:eciu:note","Type":"ConceptScheme"},"PrefLabel":{"En":"Pace"},"Id":"7faacf56-47cf-42a4-8b63-d204da0183b6","Type":"Concept"}},{"NoteLiteral":"Standard","Subject":{"InScheme":{"Id":"urn:eciu:note","Type":"ConceptScheme"},"PrefLabel":{"En":"Scope"},"Id":"7faacf56-47cf-42a4-8b63-d204da0183b6","Type":"Concept"}}],"Id":"urn:eciu:learningOpportunity:7faacf56-47cf-42a4-8b63-d204da0183b6","Type":"LearningOpportunity"}