{"Mode":{"InScheme":{"Id":"http://data.europa.eu/snb/learning-assessment/25831c2","Type":"ConceptScheme"},"PrefLabel":{"En":"Online"},"Id":"http://data.europa.eu/snb/learning-assessment/920fbb3cbe","Type":"Concept"},"DcType":null,"Title":{"En":"Elements of AI"},"AdmissionsProcedure":null,"ApplicationDeadline":"2025-01-12","Description":{"En":"Elements of AI is an online module that you can do at any time and in any pace at [https://www.elementsofai.com/.](https://www.elementsofai.com/)\u00A0The module is a self study module of the online material and is examined through self correcting and peer reviewed exercises. When you have completed Elements of AI you can register to this module to get your results validated. To verify that you have really taken the online course, you have to upload your certificate from Elements of AI and do a validation test with questions similar to the ones in the online module. For more information see the following website:\u00A0[ETE318 Elements of AI - Course Information.](https://www.ida.liu.se/~ETE318/info/courseinfo.en.shtml)"},"LearningAchievementSpecification":{"EQFLevel":{"InScheme":{"Id":"http://data.europa.eu/snb/eqf/25831c2","Type":"ConceptScheme"},"PrefLabel":{"En":"Level 6"},"Id":"http://data.europa.eu/snb/eqf/6","Type":"Concept"},"CreditPoint":{"Framework":{"InScheme":{"Id":"http://data.europa.eu/snb/education-credit/25831c2","Type":"ConceptScheme"},"PrefLabel":{"En":"European Credit Transfer System"},"Id":"http://data.europa.eu/snb/education-credit/6fcec5c5af","Type":"Concept"},"Point":"2,0","Id":"urn:epass:creditPoint:0fb06c9f-9f03-ef11-9f89-000d3a398ca7","Type":"CreditPoint"},"LearningOutcome":[{"Title":{"En":"Formulate a research problem"},"RelatedESCOSkill":[{"Notation":"Skill","InScheme":{"Id":"http://data.europa.eu/esco/concept-scheme/skills","Type":"ConceptScheme"},"PrefLabel":{"En":"digital competencies"},"Id":"http://data.europa.eu/esco/skill/aeecc330-0be9-419f-bddb-5218de926004","Type":"Concept"}],"AdditionalNote":{"NoteLiteral":{"En":"Formulate a simple real-world problem as a search problem."},"Id":"urn:eciu:note:22405faa-9f03-ef11-9f89-000d3a292483","Type":"Note"},"Id":"urn:epass:learningOutcome:0fb06c9f-9f03-ef11-9f89-000d3a398ca7-1","Type":"LearningOutcome"},{"Title":{"En":"Bayesian reasoning"},"RelatedESCOSkill":[{"Notation":"Skill","InScheme":{"Id":"http://data.europa.eu/esco/concept-scheme/skills","Type":"ConceptScheme"},"PrefLabel":{"En":"solving problems"},"Id":"http://data.europa.eu/esco/skill/S1.9","Type":"Concept"}],"AdditionalNote":{"NoteLiteral":{"En":"Explain the base-rate fallacy and how to avoid it by applying Bayesian reasoning."},"Id":"urn:eciu:note:8f8ab7b2-9f03-ef11-9f89-000d3a292483","Type":"Note"},"Id":"urn:epass:learningOutcome:0fb06c9f-9f03-ef11-9f89-000d3a398ca7-2","Type":"LearningOutcome"},{"Title":{"En":"Basic programming"},"RelatedESCOSkill":[{"Notation":"Skill","InScheme":{"Id":"http://data.europa.eu/esco/concept-scheme/skills","Type":"ConceptScheme"},"PrefLabel":{"En":"computer programming"},"Id":"http://data.europa.eu/esco/skill/21d2f96d-35f7-4e3f-9745-c533d2dd6e97","Type":"Concept"}],"AdditionalNote":{"NoteLiteral":{"En":"Understand the technical methods that underpin neural networks."},"Id":"urn:eciu:note:fe6e51bf-9f03-ef11-9f89-000d3a292483","Type":"Note"},"Id":"urn:epass:learningOutcome:0fb06c9f-9f03-ef11-9f89-000d3a398ca7-3","Type":"LearningOutcome"},{"Title":{"En":"Basic knowledge about AI"},"RelatedESCOSkill":[{"Notation":"Skill","InScheme":{"Id":"http://data.europa.eu/esco/concept-scheme/skills","Type":"ConceptScheme"},"PrefLabel":{"En":"think creatively"},"Id":"http://data.europa.eu/esco/skill/c624c6a3-b0ba-4a31-a296-0d433fe47e41","Type":"Concept"}],"AdditionalNote":{"NoteLiteral":{"En":"Distinguish between realistic and unrealistic AI (science fiction vs. real life)."},"Id":"urn:eciu:note:048b6ea5-9f03-ef11-9f89-000d3a398ca7","Type":"Note"},"Id":"urn:epass:learningOutcome:0fb06c9f-9f03-ef11-9f89-000d3a398ca7-4","Type":"LearningOutcome"},{"Title":{"En":"Machine learning techniques"},"RelatedESCOSkill":[{"Notation":"Skill","InScheme":{"Id":"http://data.europa.eu/esco/concept-scheme/skills","Type":"ConceptScheme"},"PrefLabel":{"En":"use ICT systems"},"Id":"http://data.europa.eu/esco/skill/31d35d3d-2bf2-49aa-9c20-92566ef80277","Type":"Concept"}],"AdditionalNote":{"NoteLiteral":{"En":"Explain why machine learning techniques are used."},"Id":"urn:eciu:note:fa3068b7-9f03-ef11-9f89-000d3a398ca7","Type":"Note"},"Id":"urn:epass:learningOutcome:0fb06c9f-9f03-ef11-9f89-000d3a398ca7-5","Type":"LearningOutcome"},{"Title":{"En":"Classification methods"},"RelatedESCOSkill":[{"Notation":"Skill","InScheme":{"Id":"http://data.europa.eu/esco/concept-scheme/skills","Type":"ConceptScheme"},"PrefLabel":{"En":"Identify statistical patterns"},"Id":"http://data.europa.eu/esco/skill/06670261-ea6b-4b52-a915-c7d4ff837f74","Type":"Concept"}],"AdditionalNote":{"NoteLiteral":{"En":"Explain the principles of some supervised classification methods."},"Id":"urn:eciu:note:34e562bd-9f03-ef11-9f89-000d3a398ca7","Type":"Note"},"Id":"urn:epass:learningOutcome:0fb06c9f-9f03-ef11-9f89-000d3a398ca7-6","Type":"LearningOutcome"},{"Title":{"En":"Ability to evaluate"},"RelatedESCOSkill":[{"Notation":"Skill","InScheme":{"Id":"http://data.europa.eu/esco/concept-scheme/skills","Type":"ConceptScheme"},"PrefLabel":{"En":"evaluate data, information and digital content"},"Id":"http://data.europa.eu/esco/skill/1d6c7de4-350e-4868-a47b-333b4b0d9650","Type":"Concept"}],"AdditionalNote":{"NoteLiteral":{"En":"Understand the difficulty in predicting the future and be able to better evaluate the claims made about AI."},"Id":"urn:eciu:note:94e76bc3-9f03-ef11-9f89-000d3a398ca7","Type":"Note"},"Id":"urn:epass:learningOutcome:0fb06c9f-9f03-ef11-9f89-000d3a398ca7-7","Type":"LearningOutcome"},{"Title":{"En":"Societal implications"},"RelatedESCOSkill":[{"Notation":"Skill","InScheme":{"Id":"http://data.europa.eu/esco/concept-scheme/skills","Type":"ConceptScheme"},"PrefLabel":{"En":"think creatively"},"Id":"http://data.europa.eu/esco/skill/c624c6a3-b0ba-4a31-a296-0d433fe47e41","Type":"Concept"}],"AdditionalNote":{"NoteLiteral":{"En":"Identify some of the major societal implications of AI."},"Id":"urn:eciu:note:50606bc9-9f03-ef11-9f89-000d3a398ca7","Type":"Note"},"Id":"urn:epass:learningOutcome:0fb06c9f-9f03-ef11-9f89-000d3a398ca7-8","Type":"LearningOutcome"},{"Title":{"En":"Bayes rule"},"RelatedESCOSkill":[{"Notation":"Skill","InScheme":{"Id":"http://data.europa.eu/esco/concept-scheme/skills","Type":"ConceptScheme"},"PrefLabel":{"En":"Identify statistical patterns"},"Id":"http://data.europa.eu/esco/skill/06670261-ea6b-4b52-a915-c7d4ff837f74","Type":"Concept"}],"AdditionalNote":{"NoteLiteral":{"En":"Apply the Bayes rule to infer risks in simple scenarios."},"Id":"urn:eciu:note:cd8a7aad-9f03-ef11-9f89-0022487fecad","Type":"Note"},"Id":"urn:epass:learningOutcome:0fb06c9f-9f03-ef11-9f89-000d3a398ca7-9","Type":"LearningOutcome"},{"Title":{"En":"Machine learning scenarios"},"RelatedESCOSkill":[{"Notation":"Skill","InScheme":{"Id":"http://data.europa.eu/esco/concept-scheme/skills","Type":"ConceptScheme"},"PrefLabel":{"En":"use IT tools"},"Id":"http://data.europa.eu/esco/skill/f632251a-4078-4546-b19f-7ef528d08325","Type":"Concept"}],"AdditionalNote":{"NoteLiteral":{"En":"Distinguish between unsupervised and supervised machine learning scenarios."},"Id":"urn:eciu:note:cde379b6-9f03-ef11-9f89-0022487fecad","Type":"Note"},"Id":"urn:epass:learningOutcome:0fb06c9f-9f03-ef11-9f89-000d3a398ca7-10","Type":"LearningOutcome"},{"Title":{"En":"Neutral networks"},"RelatedESCOSkill":[{"Notation":"Skill","InScheme":{"Id":"http://data.europa.eu/esco/concept-scheme/skills","Type":"ConceptScheme"},"PrefLabel":{"En":"use ICT systems"},"Id":"http://data.europa.eu/esco/skill/31d35d3d-2bf2-49aa-9c20-92566ef80277","Type":"Concept"}],"AdditionalNote":{"NoteLiteral":{"En":"Explain what a neural network is and where they are being successfully used."},"Id":"urn:eciu:note:b80a3dbd-9f03-ef11-9f89-0022487fecad","Type":"Note"},"Id":"urn:epass:learningOutcome:0fb06c9f-9f03-ef11-9f89-000d3a398ca7-11","Type":"LearningOutcome"},{"Title":{"En":"Critical thinking"},"RelatedESCOSkill":[{"Notation":"Skill","InScheme":{"Id":"http://data.europa.eu/esco/concept-scheme/skills","Type":"ConceptScheme"},"PrefLabel":{"En":"think creatively"},"Id":"http://data.europa.eu/esco/skill/c624c6a3-b0ba-4a31-a296-0d433fe47e41","Type":"Concept"}],"AdditionalNote":{"NoteLiteral":{"En":"Express some basic philosophical problems related to AI."},"Id":"urn:eciu:note:ac3eeaa7-9f03-ef11-9f89-0022488b0cca","Type":"Note"},"Id":"urn:epass:learningOutcome:0fb06c9f-9f03-ef11-9f89-000d3a398ca7-12","Type":"LearningOutcome"}],"LearningSetting":null,"Mode":null,"Title":{"En":"Elements of AI"},"DcType":null,"HomePage":null,"VolumeOfLearning":null,"Id":"urn:eciu:qualification:0fb06c9f-9f03-ef11-9f89-000d3a398ca7","Type":"Qualification"},"IsPartOf":{"Mode":null,"DcType":null,"Title":{"En":"Elements of AI"},"AdmissionsProcedure":null,"ApplicationDeadline":null,"Description":null,"LearningAchievementSpecification":null,"IsPartOf":null,"Temporal":null,"ProvidedBy":null,"LearningActivitySpecification":null,"BannerImage":null,"MoreInformation":null,"Id":"urn:eciu:learningOpportunity:4e50e31d-b70a-ee11-8f6e-6045bd8865c3","Type":"LearningOpportunity"},"Temporal":{"EndDate":"2024-08-19T00:00:00Z","Name":{"En":"Temporal"},"StartDate":"2025-01-19T00:00:00Z"},"ProvidedBy":{"Location":null,"Logo":null,"LegalName":{"En":"LINKOPINGS UNIVERSITET (LIU)"},"Registration":null,"Homepage":null,"Id":"urn:eciu:org:f1122d1d-6a54-ed11-bba2-6045bd886566","Type":"Organisation"},"LearningActivitySpecification":{"Mode":null,"DcType":null,"Title":{"En":""},"Description":{"En":""},"MoreInformation":[{"NoteLiteral":"You can start\u00A0the course almost\u00A0anytime you want as the course is an online course with flexible admission.\n\nRecommended self-study hours: 53 h\n\n**Course content**\n\nThe material is divided in six chapters which are:\n\n1. What is AI?\n\n- Definitions of AI\n- Autonomy and adaptivity\n- Philosophical problems related to AI including the Turing test and the Chinese room thought experiment\n\n2. AI problem solving\n\n- Formulate a simple game (such as tic-tac-toe) as a game tree\n- Use the minimax principle to find optimal moves in a limited-size game tree\n\n3. Real world AI\n\n- Expressing probabilities in terms of natural frequencies\n- Bayes rule to infer risks in simple scenarios\n- The base-rate fallacy and how to avoid it by applying Bayesian reasoning\n\n4. Machine learning\n\n- Why use machine learning\n- Unsupervised and supervised machine learning scenarios\n- Supervised classification methods: the nearest neighbour method, linear regression, and logistic regression\n\n5. Neural networks\n\n- What is a neural network is and where are they being successfully used\n- The technical methods that underpin neural networks\n\n6. Implications\n\n- Major societal implications of AI including algorithmic bias, AI-generated content, privacy, and work\n- The difficulty of predicting the future and how to evaluate claims made about AI\n\nFor the syllabus of the module, please see [here](https://studieinfo.liu.se/en/kurs/ETE318/ht-2024#syllabus).","Subject":{"InScheme":{"Id":"urn:eciu:note","Type":"ConceptScheme"},"PrefLabel":{"En":"ParticipantInformation"},"Id":"0fb06c9f-9f03-ef11-9f89-000d3a398ca7","Type":"Concept"}}],"HasPart":null,"Id":"urn:eciu:learningActivitySpec:0fb06c9f-9f03-ef11-9f89-000d3a398ca7","Type":"LearningActivitySpecification"},"BannerImage":null,"MoreInformation":[{"NoteLiteral":"","Subject":{"InScheme":{"Id":"urn:eciu:note","Type":"ConceptScheme"},"PrefLabel":{"En":"SourceIdentifier"},"Id":"0fb06c9f-9f03-ef11-9f89-000d3a398ca7","Type":"Concept"}},{"NoteLiteral":"What is AI? Learn more about the basics and core concepts of artificial intelligence.","Subject":{"InScheme":{"Id":"urn:eciu:note","Type":"ConceptScheme"},"PrefLabel":{"En":"SubTitle"},"Id":"0fb06c9f-9f03-ef11-9f89-000d3a398ca7","Type":"Concept"}},{"NoteLiteral":"The module aims to give an introduction and overview of artificial intelligence. The focus is on basic and important components of AI: problem solving, neural network, AI techniques such as search and machine learning as well as consequences of AI on society.","Subject":{"InScheme":{"Id":"urn:eciu:note","Type":"ConceptScheme"},"PrefLabel":{"En":"Introduction"},"Id":"0fb06c9f-9f03-ef11-9f89-000d3a398ca7","Type":"Concept"}},{"NoteLiteral":"True","Subject":{"InScheme":{"Id":"urn:eciu:note","Type":"ConceptScheme"},"PrefLabel":{"En":"GenerateMicroCredentials"},"Id":"0fb06c9f-9f03-ef11-9f89-000d3a398ca7","Type":"Concept"}},{"NoteLiteral":"**Flexible admission**\n\n**Entry requirements**:\u00A0admitted to studies at university level.\n\nApplicants will be required to submit a transcript of records during the application process.\n\nApplications will be continuously processed during the application period. Submitted applications will be assessed every Monday and the applicants will receive a results notification shortly after that.\n\nIf admitted, the student will receive further instructions regarding the next steps in the process by the host university.","Subject":{"InScheme":{"Id":"urn:eciu:note","Type":"ConceptScheme"},"PrefLabel":{"En":"AdmissionProcessInformation"},"Id":"0fb06c9f-9f03-ef11-9f89-000d3a398ca7","Type":"Concept"}},{"NoteLiteral":"False","Subject":{"InScheme":{"Id":"urn:eciu:note","Type":"ConceptScheme"},"PrefLabel":{"En":"SimplifiedAdmissionProcess"},"Id":"0fb06c9f-9f03-ef11-9f89-000d3a398ca7","Type":"Concept"}},{"NoteLiteral":"2024-08-01","Subject":{"InScheme":{"Id":"urn:eciu:note","Type":"ConceptScheme"},"PrefLabel":{"En":"ApplicationPeriodStartDate"},"Id":"0fb06c9f-9f03-ef11-9f89-000d3a398ca7","Type":"Concept"}},{"NoteLiteral":"50","Subject":{"InScheme":{"Id":"urn:eciu:note","Type":"ConceptScheme"},"PrefLabel":{"En":"MaximumNumberOfSeats"},"Id":"0fb06c9f-9f03-ef11-9f89-000d3a398ca7","Type":"Concept"}},{"NoteLiteral":"False","Subject":{"InScheme":{"Id":"urn:eciu:note","Type":"ConceptScheme"},"PrefLabel":{"En":"ECIULMSENabled"},"Id":"0fb06c9f-9f03-ef11-9f89-000d3a398ca7","Type":"Concept"}},{"NoteLiteral":"","Subject":{"InScheme":{"Id":"urn:eciu:note","Type":"ConceptScheme"},"PrefLabel":{"En":"LMSUrl"},"Id":"0fb06c9f-9f03-ef11-9f89-000d3a398ca7","Type":"Concept"}},{"NoteLiteral":"","Subject":{"InScheme":{"Id":"urn:eciu:note","Type":"ConceptScheme"},"PrefLabel":{"En":"TeamAccessDate"},"Id":"0fb06c9f-9f03-ef11-9f89-000d3a398ca7","Type":"Concept"}},{"NoteLiteral":"false","Subject":{"InScheme":{"Id":"urn:eciu:note","Type":"ConceptScheme"},"PrefLabel":{"En":"SelfPaced"},"Id":"0fb06c9f-9f03-ef11-9f89-000d3a398ca7","Type":"Concept"}},{"NoteLiteral":"0","Subject":{"InScheme":{"Id":"urn:eciu:note","Type":"ConceptScheme"},"PrefLabel":{"En":"Pace"},"Id":"0fb06c9f-9f03-ef11-9f89-000d3a398ca7","Type":"Concept"}},{"NoteLiteral":"Standard","Subject":{"InScheme":{"Id":"urn:eciu:note","Type":"ConceptScheme"},"PrefLabel":{"En":"Scope"},"Id":"0fb06c9f-9f03-ef11-9f89-000d3a398ca7","Type":"Concept"}}],"Id":"urn:eciu:learningOpportunity:0fb06c9f-9f03-ef11-9f89-000d3a398ca7","Type":"LearningOpportunity"}