{"Mode":{"InScheme":{"Id":"http://data.europa.eu/snb/learning-assessment/25831c2","Type":"ConceptScheme"},"PrefLabel":{"En":"Online"},"Id":"http://data.europa.eu/snb/learning-assessment/920fbb3cbe","Type":"Concept"},"DcType":null,"Title":{"En":"Haptics and Gestures (Gesture-based Interfaces)"},"AdmissionsProcedure":null,"ApplicationDeadline":"2025-05-31","Description":{"En":"Technology overall, provides a safe, controlled, predictable environment for individuals with developmental disabilities, and using gestures and haptic interaction allows input mechanisms that do not rely on traditional keyboards and mouse interfaces. In this module, several different applications of gestures-based and haptic interaction will be presented and the limitation and benefits of each will be discussed. Example applications will be a combination of those that are commercially available and those that are developed in various research projects across the world."},"LearningAchievementSpecification":{"EQFLevel":{"InScheme":{"Id":"http://data.europa.eu/snb/eqf/25831c2","Type":"ConceptScheme"},"PrefLabel":{"En":"Level 7"},"Id":"http://data.europa.eu/snb/eqf/7","Type":"Concept"},"CreditPoint":{"Framework":{"InScheme":{"Id":"http://data.europa.eu/snb/education-credit/25831c2","Type":"ConceptScheme"},"PrefLabel":{"En":"European Credit Transfer System"},"Id":"http://data.europa.eu/snb/education-credit/6fcec5c5af","Type":"Concept"},"Point":"1,0","Id":"urn:epass:creditPoint:f752ecfe-98d1-ef11-a72e-000d3a2e6935","Type":"CreditPoint"},"LearningOutcome":[{"Title":{"En":"Making commercial applications accessible"},"RelatedESCOSkill":[{"Notation":"Skill","InScheme":{"Id":"http://data.europa.eu/esco/concept-scheme/skills","Type":"ConceptScheme"},"PrefLabel":{"En":"demonstrate willingness to learn"},"Id":"http://data.europa.eu/esco/skill/A1.8.0","Type":"Concept"},{"Notation":"Skill","InScheme":{"Id":"http://data.europa.eu/esco/concept-scheme/skills","Type":"ConceptScheme"},"PrefLabel":{"En":"show entrepreneurial spirit"},"Id":"http://data.europa.eu/esco/skill/bdcf429c-5ccf-4c3d-bb61-4c987573a35e","Type":"Concept"},{"Notation":"Skill","InScheme":{"Id":"http://data.europa.eu/esco/concept-scheme/skills","Type":"ConceptScheme"},"PrefLabel":{"En":"business knowledge"},"Id":"http://data.europa.eu/esco/skill/fcb2b5f4-3a64-42f2-987a-073bea986104","Type":"Concept"}],"AdditionalNote":{"NoteLiteral":{"En":"The student will be able to consider how commercial applications ought to be made accessible through non-traditional input mechanisms."},"Id":"urn:eciu:note:79a3e601-99d1-ef11-a72e-000d3a22dc2e","Type":"Note"},"Id":"urn:epass:learningOutcome:f752ecfe-98d1-ef11-a72e-000d3a2e6935-1","Type":"LearningOutcome"},{"Title":{"En":"Designing accessible applications"},"RelatedESCOSkill":[{"Notation":"Skill","InScheme":{"Id":"http://data.europa.eu/esco/concept-scheme/skills","Type":"ConceptScheme"},"PrefLabel":{"En":"use IT tools"},"Id":"http://data.europa.eu/esco/skill/f632251a-4078-4546-b19f-7ef528d08325","Type":"Concept"},{"Notation":"Skill","InScheme":{"Id":"http://data.europa.eu/esco/concept-scheme/skills","Type":"ConceptScheme"},"PrefLabel":{"En":"digital competencies"},"Id":"http://data.europa.eu/esco/skill/aeecc330-0be9-419f-bddb-5218de926004","Type":"Concept"},{"Notation":"Skill","InScheme":{"Id":"http://data.europa.eu/esco/concept-scheme/skills","Type":"ConceptScheme"},"PrefLabel":{"En":"computer programming"},"Id":"http://data.europa.eu/esco/skill/21d2f96d-35f7-4e3f-9745-c533d2dd6e97","Type":"Concept"}],"AdditionalNote":{"NoteLiteral":{"En":"The student will be able to design accessible applications."},"Id":"urn:eciu:note:9fa3e601-99d1-ef11-a72e-000d3a22dc2e","Type":"Note"},"Id":"urn:epass:learningOutcome:f752ecfe-98d1-ef11-a72e-000d3a2e6935-2","Type":"LearningOutcome"},{"Title":{"En":"Novel interaction mechanism"},"RelatedESCOSkill":[{"Notation":"Skill","InScheme":{"Id":"http://data.europa.eu/esco/concept-scheme/skills","Type":"ConceptScheme"},"PrefLabel":{"En":"think analytically"},"Id":"http://data.europa.eu/esco/skill/4707da90-9cfc-46ca-8de0-38a0b7bfb137","Type":"Concept"},{"Notation":"Skill","InScheme":{"Id":"http://data.europa.eu/esco/concept-scheme/skills","Type":"ConceptScheme"},"PrefLabel":{"En":"use IT tools"},"Id":"http://data.europa.eu/esco/skill/f632251a-4078-4546-b19f-7ef528d08325","Type":"Concept"},{"Notation":"Skill","InScheme":{"Id":"http://data.europa.eu/esco/concept-scheme/skills","Type":"ConceptScheme"},"PrefLabel":{"En":"use ICT systems"},"Id":"http://data.europa.eu/esco/skill/31d35d3d-2bf2-49aa-9c20-92566ef80277","Type":"Concept"}],"AdditionalNote":{"NoteLiteral":{"En":"The student is able to understand the benefits of novel interaction mechanism for individuals with developmental disabilities."},"Id":"urn:eciu:note:1b53ecfe-98d1-ef11-a72e-000d3a2e6935","Type":"Note"},"Id":"urn:epass:learningOutcome:f752ecfe-98d1-ef11-a72e-000d3a2e6935-3","Type":"LearningOutcome"}],"LearningSetting":null,"Mode":null,"Title":{"En":"Haptics and Gestures (Gesture-based Interfaces)"},"DcType":null,"HomePage":null,"VolumeOfLearning":null,"Id":"urn:eciu:qualification:f752ecfe-98d1-ef11-a72e-000d3a2e6935","Type":"Qualification"},"IsPartOf":{"Mode":null,"DcType":null,"Title":{"En":"Haptics and Gestures (Gesture-based Interfaces)"},"AdmissionsProcedure":null,"ApplicationDeadline":null,"Description":null,"LearningAchievementSpecification":null,"IsPartOf":null,"Temporal":null,"ProvidedBy":null,"LearningActivitySpecification":null,"BannerImage":null,"MoreInformation":[{"NoteLiteral":"ACC.130","Subject":{"InScheme":{"Id":"urn:eciu:note","Type":"ConceptScheme"},"PrefLabel":{"En":"EducationIdentifier"},"Id":"1249c794-47d5-ed11-a7c7-6045bd886fac","Type":"Concept"}}],"Id":"urn:eciu:learningOpportunity:1249c794-47d5-ed11-a7c7-6045bd886fac","Type":"LearningOpportunity"},"Temporal":{"EndDate":"2025-01-21T00:00:00Z","Name":{"En":"Temporal"},"StartDate":"2025-07-31T00:00:00Z"},"ProvidedBy":{"Location":null,"Logo":null,"LegalName":{"En":"TAMPEREEN KORKEAKOULUSAATIO SR (TAU)"},"Registration":null,"Homepage":null,"Id":"urn:eciu:org:8f142831-6a54-ed11-bba2-6045bd886566","Type":"Organisation"},"LearningActivitySpecification":{"Mode":null,"DcType":null,"Title":{"En":""},"Description":null,"MoreInformation":[{"NoteLiteral":"This is a nonstoop MOOC (Massive Open Online course). This means the course is fully online and you can take it at your own pace according to your own schedule.  \n  \nThis MOOC is offered by Tampere University on the DigiCampus platform. Once you have your TUNI credentials, log in to DigiCampus by using the choice \u0022Login with HAKA Account\u0022, select \u0022Tampere Universities\u0022and use your tuni.fi account. In DigiCampus, head over the the course \u0022Methods and technologies for accessibility and their evaluation\u0022.\u00A0The enrolment key is \u002220methods21\u0022. From this module, select the course you applied for.  \n  \nLink to DigiCampus: digicampus.fi/?lang=en  \nDirect link to the course: digicampus.fi/course/view.php?id=1193","Subject":{"InScheme":{"Id":"urn:eciu:note","Type":"ConceptScheme"},"PrefLabel":{"En":"ParticipantInformation"},"Id":"f752ecfe-98d1-ef11-a72e-000d3a2e6935","Type":"Concept"}}],"HasPart":null,"Id":"urn:eciu:learningActivitySpec:f752ecfe-98d1-ef11-a72e-000d3a2e6935","Type":"LearningActivitySpecification"},"BannerImage":null,"MoreInformation":[{"NoteLiteral":"","Subject":{"InScheme":{"Id":"urn:eciu:note","Type":"ConceptScheme"},"PrefLabel":{"En":"SourceIdentifier"},"Id":"f752ecfe-98d1-ef11-a72e-000d3a2e6935","Type":"Concept"}},{"NoteLiteral":"Nonstop MOOC on methods and technologies for accessibility","Subject":{"InScheme":{"Id":"urn:eciu:note","Type":"ConceptScheme"},"PrefLabel":{"En":"SubTitle"},"Id":"f752ecfe-98d1-ef11-a72e-000d3a2e6935","Type":"Concept"}},{"NoteLiteral":"This course is part of the larger module \u0022Methods and technologies for accessibility and their evaluation\u0022 which consists of over 25 modules (1 ECT each). If you want to become an expert at creating digitally accessible services, make sure to check them out.","Subject":{"InScheme":{"Id":"urn:eciu:note","Type":"ConceptScheme"},"PrefLabel":{"En":"Introduction"},"Id":"f752ecfe-98d1-ef11-a72e-000d3a2e6935","Type":"Concept"}},{"NoteLiteral":"True","Subject":{"InScheme":{"Id":"urn:eciu:note","Type":"ConceptScheme"},"PrefLabel":{"En":"GenerateMicroCredentials"},"Id":"f752ecfe-98d1-ef11-a72e-000d3a2e6935","Type":"Concept"}},{"NoteLiteral":"This micromodule is open to all ECIU students and there is no specific admissions process, rather all interested students will have the change to take the course.\u00A0However, the course is mainly targeted to master\u0027s level students. Notice that the course is self-paced and you need to reserve time in your timetable for finishing it.","Subject":{"InScheme":{"Id":"urn:eciu:note","Type":"ConceptScheme"},"PrefLabel":{"En":"AdmissionProcessInformation"},"Id":"f752ecfe-98d1-ef11-a72e-000d3a2e6935","Type":"Concept"}},{"NoteLiteral":"True","Subject":{"InScheme":{"Id":"urn:eciu:note","Type":"ConceptScheme"},"PrefLabel":{"En":"SimplifiedAdmissionProcess"},"Id":"f752ecfe-98d1-ef11-a72e-000d3a2e6935","Type":"Concept"}},{"NoteLiteral":"2025-01-21","Subject":{"InScheme":{"Id":"urn:eciu:note","Type":"ConceptScheme"},"PrefLabel":{"En":"ApplicationPeriodStartDate"},"Id":"f752ecfe-98d1-ef11-a72e-000d3a2e6935","Type":"Concept"}},{"NoteLiteral":"100","Subject":{"InScheme":{"Id":"urn:eciu:note","Type":"ConceptScheme"},"PrefLabel":{"En":"MaximumNumberOfSeats"},"Id":"f752ecfe-98d1-ef11-a72e-000d3a2e6935","Type":"Concept"}},{"NoteLiteral":"False","Subject":{"InScheme":{"Id":"urn:eciu:note","Type":"ConceptScheme"},"PrefLabel":{"En":"ECIULMSENabled"},"Id":"f752ecfe-98d1-ef11-a72e-000d3a2e6935","Type":"Concept"}},{"NoteLiteral":"","Subject":{"InScheme":{"Id":"urn:eciu:note","Type":"ConceptScheme"},"PrefLabel":{"En":"LMSUrl"},"Id":"f752ecfe-98d1-ef11-a72e-000d3a2e6935","Type":"Concept"}},{"NoteLiteral":"","Subject":{"InScheme":{"Id":"urn:eciu:note","Type":"ConceptScheme"},"PrefLabel":{"En":"TeamAccessDate"},"Id":"f752ecfe-98d1-ef11-a72e-000d3a2e6935","Type":"Concept"}},{"NoteLiteral":"false","Subject":{"InScheme":{"Id":"urn:eciu:note","Type":"ConceptScheme"},"PrefLabel":{"En":"SelfPaced"},"Id":"f752ecfe-98d1-ef11-a72e-000d3a2e6935","Type":"Concept"}},{"NoteLiteral":"10","Subject":{"InScheme":{"Id":"urn:eciu:note","Type":"ConceptScheme"},"PrefLabel":{"En":"Pace"},"Id":"f752ecfe-98d1-ef11-a72e-000d3a2e6935","Type":"Concept"}},{"NoteLiteral":"Standard","Subject":{"InScheme":{"Id":"urn:eciu:note","Type":"ConceptScheme"},"PrefLabel":{"En":"Scope"},"Id":"f752ecfe-98d1-ef11-a72e-000d3a2e6935","Type":"Concept"}}],"Id":"urn:eciu:learningOpportunity:f752ecfe-98d1-ef11-a72e-000d3a2e6935","Type":"LearningOpportunity"}