{"Mode":{"InScheme":{"Id":"http://data.europa.eu/snb/learning-assessment/25831c2","Type":"ConceptScheme"},"PrefLabel":{"En":"Online"},"Id":"http://data.europa.eu/snb/learning-assessment/920fbb3cbe","Type":"Concept"},"DcType":null,"Title":{"En":"Creativity and Collective Creativity in Organizations"},"AdmissionsProcedure":null,"ApplicationDeadline":"2025-01-28","Description":{"En":"One of the primary objectives of this module is to shift the narrative from the conventional understanding of creativity as an individual endeavor to a more nuanced perspective that recognizes the power and potential of collaborative efforts. By doing so, participants will develop a profound understanding of how group dynamics, team interactions, and shared perspectives contribute to the emergence of innovative ideas and solutions.\n\nContent summary:\n\n- Introduction to the creative process\n- Team and collective creativity\n- Organisational mechanisms to support collective creativity\n- Leading for creativity"},"LearningAchievementSpecification":{"EQFLevel":{"InScheme":{"Id":"http://data.europa.eu/snb/eqf/25831c2","Type":"ConceptScheme"},"PrefLabel":{"En":"Level 7"},"Id":"http://data.europa.eu/snb/eqf/7","Type":"Concept"},"CreditPoint":{"Framework":{"InScheme":{"Id":"http://data.europa.eu/snb/education-credit/25831c2","Type":"ConceptScheme"},"PrefLabel":{"En":"European Credit Transfer System"},"Id":"http://data.europa.eu/snb/education-credit/6fcec5c5af","Type":"Concept"},"Point":"2,0","Id":"urn:epass:creditPoint:738f8a3f-c0b3-ef11-b8e8-7c1e525dc572","Type":"CreditPoint"},"LearningOutcome":[{"Title":{"En":"Social Interactions"},"RelatedESCOSkill":[{"Notation":"Skill","InScheme":{"Id":"http://data.europa.eu/esco/concept-scheme/skills","Type":"ConceptScheme"},"PrefLabel":{"En":"work in teams"},"Id":"http://data.europa.eu/esco/skill/60c78287-22eb-4103-9c8c-28deaa460da0","Type":"Concept"}],"AdditionalNote":{"NoteLiteral":{"En":"Learning the process of reciprocal influence exercised by individuals over one another during social encounters."},"Id":"urn:eciu:note:8586d942-c0b3-ef11-b8e8-6045bd89e10e","Type":"Note"},"Id":"urn:epass:learningOutcome:738f8a3f-c0b3-ef11-b8e8-7c1e525dc572-1","Type":"LearningOutcome"},{"Title":{"En":"Creativity"},"RelatedESCOSkill":[{"Notation":"Skill","InScheme":{"Id":"http://data.europa.eu/esco/concept-scheme/skills","Type":"ConceptScheme"},"PrefLabel":{"En":"think creatively"},"Id":"http://data.europa.eu/esco/skill/c624c6a3-b0ba-4a31-a296-0d433fe47e41","Type":"Concept"}],"AdditionalNote":{"NoteLiteral":{"En":"Using imagination or original ideas to create change."},"Id":"urn:eciu:note:b6961642-c0b3-ef11-b8e8-6045bd8e221f","Type":"Note"},"Id":"urn:epass:learningOutcome:738f8a3f-c0b3-ef11-b8e8-7c1e525dc572-2","Type":"LearningOutcome"}],"LearningSetting":null,"Mode":null,"Title":{"En":"Creativity and Collective Creativity in Organizations"},"DcType":null,"HomePage":null,"VolumeOfLearning":null,"Id":"urn:eciu:qualification:738f8a3f-c0b3-ef11-b8e8-7c1e525dc572","Type":"Qualification"},"IsPartOf":{"Mode":null,"DcType":null,"Title":{"En":"Creativity and Collective Creativity in Organizations"},"AdmissionsProcedure":null,"ApplicationDeadline":null,"Description":null,"LearningAchievementSpecification":null,"IsPartOf":null,"Temporal":null,"ProvidedBy":null,"LearningActivitySpecification":null,"BannerImage":null,"MoreInformation":null,"Id":"urn:eciu:learningOpportunity:f2133d3c-5194-ee11-be37-6045bd886fac","Type":"LearningOpportunity"},"Temporal":{"EndDate":"2025-02-17T00:00:00Z","Name":{"En":"Temporal"},"StartDate":"2025-05-30T00:00:00Z"},"ProvidedBy":{"Location":null,"Logo":null,"LegalName":{"En":"UNIVERSITA DEGLI STUDI DI TRENTO (UNITN)"},"Registration":null,"Homepage":null,"Id":"urn:eciu:org:c7bc8551-6a54-ed11-bba2-6045bd886566","Type":"Organisation"},"LearningActivitySpecification":{"Mode":null,"DcType":null,"Title":{"En":""},"Description":{"En":""},"MoreInformation":[{"NoteLiteral":"check calendar here:[https://www.soi.unitn.it/courses/creativity-and-collective-creativity-in-organizations/](https://www.soi.unitn.it/courses/creativity-and-collective-creativity-in-organizations/)","Subject":{"InScheme":{"Id":"urn:eciu:note","Type":"ConceptScheme"},"PrefLabel":{"En":"ParticipantInformation"},"Id":"738f8a3f-c0b3-ef11-b8e8-7c1e525dc572","Type":"Concept"}}],"HasPart":null,"Id":"urn:eciu:learningActivitySpec:738f8a3f-c0b3-ef11-b8e8-7c1e525dc572","Type":"LearningActivitySpecification"},"BannerImage":null,"MoreInformation":[{"NoteLiteral":"","Subject":{"InScheme":{"Id":"urn:eciu:note","Type":"ConceptScheme"},"PrefLabel":{"En":"SourceIdentifier"},"Id":"738f8a3f-c0b3-ef11-b8e8-7c1e525dc572","Type":"Concept"}},{"NoteLiteral":"","Subject":{"InScheme":{"Id":"urn:eciu:note","Type":"ConceptScheme"},"PrefLabel":{"En":"SubTitle"},"Id":"738f8a3f-c0b3-ef11-b8e8-7c1e525dc572","Type":"Concept"}},{"NoteLiteral":"This course is designed to explore the characteristics and challenges of creativity and collective creativity at work. In particular, the module encourages to move the main focus from individual creativity to forms of collective creativity (group or team creativity).\n\nUsing different case studies, the course also aims to explore the mechanisms that can support collective creativity by design.","Subject":{"InScheme":{"Id":"urn:eciu:note","Type":"ConceptScheme"},"PrefLabel":{"En":"Introduction"},"Id":"738f8a3f-c0b3-ef11-b8e8-7c1e525dc572","Type":"Concept"}},{"NoteLiteral":"True","Subject":{"InScheme":{"Id":"urn:eciu:note","Type":"ConceptScheme"},"PrefLabel":{"En":"GenerateMicroCredentials"},"Id":"738f8a3f-c0b3-ef11-b8e8-7c1e525dc572","Type":"Concept"}},{"NoteLiteral":"To apply, please upload:\n\n- your CV in English;\n- if available, the English language certification\n- a brief motivational letter (1.000 characters) OR a motivational video (max 40\u2019\u2019, preferably youtube link) where you explain WHY you are interested in THIS learning opportunity.\n- Transcript of records\n\nPlease identify your\u00A0Applicant status:\n\n1. UniTrento PhD or Student\n2. ECIU student\n3. Erasmus\u002B or Bilateral agreement student (in Trento for the whole semester)\n4. Student enrolled in Erasmus\u002B (non ECIU) partner University, applying for a challenge or BIP-Blended Intensive Program in Trento\n5. Other (extra fees may apply)\n\nStatus 1, 2 and 3 applicants need to\u00A0submit two applications\u00A0(similar documents, same deadline on 25 September):  \n\n[SOI admission apply 2024/25 - S2](https://webapps.unitn.it/Apply/it/Web/GoHome/serv-studenti/Sel_SoI_2024_2)  \n\n[ECIU Admission application](https://engage.eciu.eu/browse?universityIds=c7bc8551-6a54-ed11-bba2-6045bd886566\u0026amp;learningOppStatuses=1)\n\nStatus 4 and 5 applicants\u00A0only submit their application\u00A0in the [SOI admission apply 2024/25 - S2](https://webapps.unitn.it/Apply/it/Web/GoHome/serv-studenti/Sel_SoI_2024_2)\n\n[Here](https://www.soi.unitn.it/wp-content/uploads/2024/06/Applying_to_SOI_ECIU_activities.docx.pdf)you can find\u00A0guidelines\u00A0on the application process.","Subject":{"InScheme":{"Id":"urn:eciu:note","Type":"ConceptScheme"},"PrefLabel":{"En":"AdmissionProcessInformation"},"Id":"738f8a3f-c0b3-ef11-b8e8-7c1e525dc572","Type":"Concept"}},{"NoteLiteral":"False","Subject":{"InScheme":{"Id":"urn:eciu:note","Type":"ConceptScheme"},"PrefLabel":{"En":"SimplifiedAdmissionProcess"},"Id":"738f8a3f-c0b3-ef11-b8e8-7c1e525dc572","Type":"Concept"}},{"NoteLiteral":"2024-12-19","Subject":{"InScheme":{"Id":"urn:eciu:note","Type":"ConceptScheme"},"PrefLabel":{"En":"ApplicationPeriodStartDate"},"Id":"738f8a3f-c0b3-ef11-b8e8-7c1e525dc572","Type":"Concept"}},{"NoteLiteral":"100","Subject":{"InScheme":{"Id":"urn:eciu:note","Type":"ConceptScheme"},"PrefLabel":{"En":"MaximumNumberOfSeats"},"Id":"738f8a3f-c0b3-ef11-b8e8-7c1e525dc572","Type":"Concept"}},{"NoteLiteral":"False","Subject":{"InScheme":{"Id":"urn:eciu:note","Type":"ConceptScheme"},"PrefLabel":{"En":"ECIULMSENabled"},"Id":"738f8a3f-c0b3-ef11-b8e8-7c1e525dc572","Type":"Concept"}},{"NoteLiteral":"","Subject":{"InScheme":{"Id":"urn:eciu:note","Type":"ConceptScheme"},"PrefLabel":{"En":"LMSUrl"},"Id":"738f8a3f-c0b3-ef11-b8e8-7c1e525dc572","Type":"Concept"}},{"NoteLiteral":"","Subject":{"InScheme":{"Id":"urn:eciu:note","Type":"ConceptScheme"},"PrefLabel":{"En":"TeamAccessDate"},"Id":"738f8a3f-c0b3-ef11-b8e8-7c1e525dc572","Type":"Concept"}},{"NoteLiteral":"false","Subject":{"InScheme":{"Id":"urn:eciu:note","Type":"ConceptScheme"},"PrefLabel":{"En":"SelfPaced"},"Id":"738f8a3f-c0b3-ef11-b8e8-7c1e525dc572","Type":"Concept"}},{"NoteLiteral":"0","Subject":{"InScheme":{"Id":"urn:eciu:note","Type":"ConceptScheme"},"PrefLabel":{"En":"Pace"},"Id":"738f8a3f-c0b3-ef11-b8e8-7c1e525dc572","Type":"Concept"}},{"NoteLiteral":"Standard","Subject":{"InScheme":{"Id":"urn:eciu:note","Type":"ConceptScheme"},"PrefLabel":{"En":"Scope"},"Id":"738f8a3f-c0b3-ef11-b8e8-7c1e525dc572","Type":"Concept"}}],"Id":"urn:eciu:learningOpportunity:738f8a3f-c0b3-ef11-b8e8-7c1e525dc572","Type":"LearningOpportunity"}