{"Mode":{"InScheme":{"Id":"http://data.europa.eu/snb/learning-assessment/25831c2","Type":"ConceptScheme"},"PrefLabel":{"En":"Online"},"Id":"http://data.europa.eu/snb/learning-assessment/920fbb3cbe","Type":"Concept"},"DcType":null,"Title":{"En":"Exploring the diversity of alcoholic beverages in the world SS24_25"},"AdmissionsProcedure":null,"ApplicationDeadline":"2025-05-31","Description":{"En":"This micromodule presents theoretical knowledge and supports the development of practical skills in the field of alcohol production, with particular emphasis on alcoholic beverages and their global socio-economical relevance, influence of the raw materials and production technology on beer flavour, sensory evaluation techniques in beer flavour assessment, the influence of grape varieties, yeast type, and maturation techniques on wine diversity, exploring wine regions, finding wine flaws.\n\nIt contains sections specifically devoted to the topic of: beer production and styles; white wine, red wine, and orange wine production technology, as well as vodka, tequila, and whisky technologies."},"LearningAchievementSpecification":{"EQFLevel":{"InScheme":{"Id":"http://data.europa.eu/snb/eqf/25831c2","Type":"ConceptScheme"},"PrefLabel":{"En":"Level 6"},"Id":"http://data.europa.eu/snb/eqf/6","Type":"Concept"},"CreditPoint":{"Framework":{"InScheme":{"Id":"http://data.europa.eu/snb/education-credit/25831c2","Type":"ConceptScheme"},"PrefLabel":{"En":"European Credit Transfer System"},"Id":"http://data.europa.eu/snb/education-credit/6fcec5c5af","Type":"Concept"},"Point":"2,0","Id":"urn:epass:creditPoint:a815ecf7-df46-4bbf-81d5-5a3dea541e3b","Type":"CreditPoint"},"LearningOutcome":[{"Title":{"En":"Learning Outcome 1"},"RelatedESCOSkill":[{"Notation":"Skill","InScheme":{"Id":"http://data.europa.eu/esco/concept-scheme/skills","Type":"ConceptScheme"},"PrefLabel":{"En":"plan"},"Id":"http://data.europa.eu/esco/skill/e49f4158-9d4c-425d-bf32-dfe89b19840a","Type":"Concept"},{"Notation":"Skill","InScheme":{"Id":"http://data.europa.eu/esco/concept-scheme/skills","Type":"ConceptScheme"},"PrefLabel":{"En":"solving problems"},"Id":"http://data.europa.eu/esco/skill/S1.9","Type":"Concept"},{"Notation":"Skill","InScheme":{"Id":"http://data.europa.eu/esco/concept-scheme/skills","Type":"ConceptScheme"},"PrefLabel":{"En":"promote responsible consumer behaviour"},"Id":"http://data.europa.eu/esco/skill/e1da04bb-4de8-4d17-af8a-75ea893fe36a","Type":"Concept"}],"AdditionalNote":{"NoteLiteral":{"En":"Identify diverse types of alcoholic beverages accorting to their geographical origin and production method."},"Id":"urn:eciu:note:57db7330-a1a1-ef11-8a6a-000d3a234020","Type":"Note"},"Id":"urn:epass:learningOutcome:a815ecf7-df46-4bbf-81d5-5a3dea541e3b-1","Type":"LearningOutcome"},{"Title":{"En":"Learning Outcome 2"},"RelatedESCOSkill":[{"Notation":"Skill","InScheme":{"Id":"http://data.europa.eu/esco/concept-scheme/skills","Type":"ConceptScheme"},"PrefLabel":{"En":"promote responsible consumer behaviour"},"Id":"http://data.europa.eu/esco/skill/e1da04bb-4de8-4d17-af8a-75ea893fe36a","Type":"Concept"},{"Notation":"Skill","InScheme":{"Id":"http://data.europa.eu/esco/concept-scheme/skills","Type":"ConceptScheme"},"PrefLabel":{"En":"follow environmentally-sustainable work practices"},"Id":"http://data.europa.eu/esco/skill/a992f345-7c06-4982-8fc9-5fab55e316af","Type":"Concept"},{"Notation":"Skill","InScheme":{"Id":"http://data.europa.eu/esco/concept-scheme/skills","Type":"ConceptScheme"},"PrefLabel":{"En":"plan"},"Id":"http://data.europa.eu/esco/skill/e49f4158-9d4c-425d-bf32-dfe89b19840a","Type":"Concept"}],"AdditionalNote":{"NoteLiteral":{"En":"Describe production methods used in beer, wine and spirit making."},"Id":"urn:eciu:note:215d52c0-a2a1-ef11-8a69-6045bd8aa3d9","Type":"Note"},"Id":"urn:epass:learningOutcome:a815ecf7-df46-4bbf-81d5-5a3dea541e3b-2","Type":"LearningOutcome"},{"Title":{"En":"Learning Outcome 3"},"RelatedESCOSkill":[{"Notation":"Skill","InScheme":{"Id":"http://data.europa.eu/esco/concept-scheme/skills","Type":"ConceptScheme"},"PrefLabel":{"En":"plan"},"Id":"http://data.europa.eu/esco/skill/e49f4158-9d4c-425d-bf32-dfe89b19840a","Type":"Concept"},{"Notation":"Skill","InScheme":{"Id":"http://data.europa.eu/esco/concept-scheme/skills","Type":"ConceptScheme"},"PrefLabel":{"En":"minimise environmental impact on the surrounding area"},"Id":"http://data.europa.eu/esco/skill/44493977-83c4-49e0-88b2-28435da57cd0","Type":"Concept"},{"Notation":"Skill","InScheme":{"Id":"http://data.europa.eu/esco/concept-scheme/skills","Type":"ConceptScheme"},"PrefLabel":{"En":"business knowledge"},"Id":"http://data.europa.eu/esco/skill/fcb2b5f4-3a64-42f2-987a-073bea986104","Type":"Concept"}],"AdditionalNote":{"NoteLiteral":{"En":"Briefly explain the science of the conversion of raw materials into final alcoholic products."},"Id":"urn:eciu:note:799bd474-a4a1-ef11-8a69-6045bd8aa3d9","Type":"Note"},"Id":"urn:epass:learningOutcome:a815ecf7-df46-4bbf-81d5-5a3dea541e3b-3","Type":"LearningOutcome"},{"Title":{"En":"Learning Outcome 4"},"RelatedESCOSkill":[{"Notation":"Skill","InScheme":{"Id":"http://data.europa.eu/esco/concept-scheme/skills","Type":"ConceptScheme"},"PrefLabel":{"En":"demonstrate enthusiasm"},"Id":"http://data.europa.eu/esco/skill/22b7d99d-252f-4572-8e3c-438ea87607eb","Type":"Concept"},{"Notation":"Skill","InScheme":{"Id":"http://data.europa.eu/esco/concept-scheme/skills","Type":"ConceptScheme"},"PrefLabel":{"En":"search for information online"},"Id":"http://data.europa.eu/esco/skill/698be2d3-8768-422d-a2d3-1cb701816089","Type":"Concept"},{"Notation":"Skill","InScheme":{"Id":"http://data.europa.eu/esco/concept-scheme/skills","Type":"ConceptScheme"},"PrefLabel":{"En":"apply strategic thinking"},"Id":"http://data.europa.eu/esco/skill/6c870993-9341-438b-91c0-c7fe4f96d8f5","Type":"Concept"}],"AdditionalNote":{"NoteLiteral":{"En":"List and explain sensory evaluation techniques used in beer, wine and spirit flavour assessment."},"Id":"urn:eciu:note:45bb5aec-a4a1-ef11-8a69-6045bd8aa3d9","Type":"Note"},"Id":"urn:epass:learningOutcome:a815ecf7-df46-4bbf-81d5-5a3dea541e3b-4","Type":"LearningOutcome"}],"LearningSetting":null,"Mode":null,"Title":{"En":"Exploring the diversity of alcoholic beverages in the world SS24_25"},"DcType":null,"HomePage":null,"VolumeOfLearning":null,"Id":"urn:eciu:qualification:a815ecf7-df46-4bbf-81d5-5a3dea541e3b","Type":"Qualification"},"IsPartOf":{"Mode":null,"DcType":null,"Title":{"En":"Exploring the diversity of alcoholic beverages in the world SS24_25"},"AdmissionsProcedure":null,"ApplicationDeadline":null,"Description":null,"LearningAchievementSpecification":null,"IsPartOf":null,"Temporal":null,"ProvidedBy":null,"LearningActivitySpecification":null,"BannerImage":null,"MoreInformation":null,"Id":"urn:eciu:learningOpportunity:89d0f725-9aa1-ef11-8a69-6045bd8ba580","Type":"LearningOpportunity"},"Temporal":{"EndDate":"2025-03-01T00:00:00Z","Name":{"En":"Temporal"},"StartDate":"2025-06-30T00:00:00Z"},"ProvidedBy":{"Location":null,"Logo":null,"LegalName":{"En":"POLITECHNIKA LODZKA (TUL)"},"Registration":null,"Homepage":null,"Id":"urn:eciu:org:71f04a2a-6a54-ed11-bba2-6045bd886566","Type":"Organisation"},"LearningActivitySpecification":{"Mode":null,"DcType":null,"Title":{"En":""},"Description":null,"MoreInformation":[{"NoteLiteral":"The Learning outcomes in this course are assessed through short online multiple-choice tests and cases with immediate feedback. Each case is followed by a few questions. Answers to these questions are provided and self-checked by the student.\n\nThe course consists of 10 modules, created by a team of TUL Biotechnology and Food Science Faculty Members.\u202FEach module contains video(s) and PPT(s) with the topic information. The video content is then recycled in the tests and case-study activities. As this is an online course, students can access the course any time during the whole summer semester of 2024/25 and have the possibility to complete it at their own pace.\n\nThe estimated overall time spent in this course is 45: 10 hours of lectures, 15 hours of assignments, and 20 hours of\u00A0 self-study. The learning environment is Lodz University of Technology Moodle Platform.","Subject":{"InScheme":{"Id":"urn:eciu:note","Type":"ConceptScheme"},"PrefLabel":{"En":"ParticipantInformation"},"Id":"a815ecf7-df46-4bbf-81d5-5a3dea541e3b","Type":"Concept"}}],"HasPart":null,"Id":"urn:eciu:learningActivitySpec:a815ecf7-df46-4bbf-81d5-5a3dea541e3b","Type":"LearningActivitySpecification"},"BannerImage":null,"MoreInformation":[{"NoteLiteral":"","Subject":{"InScheme":{"Id":"urn:eciu:note","Type":"ConceptScheme"},"PrefLabel":{"En":"SourceIdentifier"},"Id":"a815ecf7-df46-4bbf-81d5-5a3dea541e3b","Type":"Concept"}},{"NoteLiteral":"How not to get lost in the infinite diversity of alcoholic beverages in the world.","Subject":{"InScheme":{"Id":"urn:eciu:note","Type":"ConceptScheme"},"PrefLabel":{"En":"SubTitle"},"Id":"a815ecf7-df46-4bbf-81d5-5a3dea541e3b","Type":"Concept"}},{"NoteLiteral":"Are you into fermentation, distillation, alcohol sensory evaluation techniques, various technologies of alcohol production and other related issues? This micromodule will allow you to explore the profound diversity of alcoholic beverages across various geographical locations. It is divided into three main sections: 1) beer styles, 2) wine types, 3) spirits and other liquors \u2013 each focusing on the unique characteristics and flavour profiles of these three classes. A basic understanding of the role of raw materials and the different production processes will be explained. Both the traditional and the modern methods of production will be confronted. Particular attention will be drawn to the unique sensory attributes of the beverages for a given type/style and the geographical region of its origin.","Subject":{"InScheme":{"Id":"urn:eciu:note","Type":"ConceptScheme"},"PrefLabel":{"En":"Introduction"},"Id":"a815ecf7-df46-4bbf-81d5-5a3dea541e3b","Type":"Concept"}},{"NoteLiteral":"True","Subject":{"InScheme":{"Id":"urn:eciu:note","Type":"ConceptScheme"},"PrefLabel":{"En":"GenerateMicroCredentials"},"Id":"a815ecf7-df46-4bbf-81d5-5a3dea541e3b","Type":"Concept"}},{"NoteLiteral":"This is an online course. Submission is possible until May 31, 2025. All applicants are required to comply with Universal ECIU University Admission Criteria. All applicants must by above 18 years old. It is required to submit a one-page-CV and a short note explaining why a candidate decides to take this course.  \nYou can add this learning opportunity (micro-module) to your Flexible Learning Pathway (FLP). Flexible learning pathway (FLP) \u2013 personalised learning experience of different lengths and depths depending on what skills and competences the learner wants to acquire with the possibility of changing learning direction along the way. This micro-module can be included as part of FLP and can help develop domain, transversal or preparatory competencies.","Subject":{"InScheme":{"Id":"urn:eciu:note","Type":"ConceptScheme"},"PrefLabel":{"En":"AdmissionProcessInformation"},"Id":"a815ecf7-df46-4bbf-81d5-5a3dea541e3b","Type":"Concept"}},{"NoteLiteral":"False","Subject":{"InScheme":{"Id":"urn:eciu:note","Type":"ConceptScheme"},"PrefLabel":{"En":"SimplifiedAdmissionProcess"},"Id":"a815ecf7-df46-4bbf-81d5-5a3dea541e3b","Type":"Concept"}},{"NoteLiteral":"2025-01-31","Subject":{"InScheme":{"Id":"urn:eciu:note","Type":"ConceptScheme"},"PrefLabel":{"En":"ApplicationPeriodStartDate"},"Id":"a815ecf7-df46-4bbf-81d5-5a3dea541e3b","Type":"Concept"}},{"NoteLiteral":"50","Subject":{"InScheme":{"Id":"urn:eciu:note","Type":"ConceptScheme"},"PrefLabel":{"En":"MaximumNumberOfSeats"},"Id":"a815ecf7-df46-4bbf-81d5-5a3dea541e3b","Type":"Concept"}},{"NoteLiteral":"False","Subject":{"InScheme":{"Id":"urn:eciu:note","Type":"ConceptScheme"},"PrefLabel":{"En":"ECIULMSENabled"},"Id":"a815ecf7-df46-4bbf-81d5-5a3dea541e3b","Type":"Concept"}},{"NoteLiteral":"","Subject":{"InScheme":{"Id":"urn:eciu:note","Type":"ConceptScheme"},"PrefLabel":{"En":"LMSUrl"},"Id":"a815ecf7-df46-4bbf-81d5-5a3dea541e3b","Type":"Concept"}},{"NoteLiteral":"","Subject":{"InScheme":{"Id":"urn:eciu:note","Type":"ConceptScheme"},"PrefLabel":{"En":"TeamAccessDate"},"Id":"a815ecf7-df46-4bbf-81d5-5a3dea541e3b","Type":"Concept"}},{"NoteLiteral":"false","Subject":{"InScheme":{"Id":"urn:eciu:note","Type":"ConceptScheme"},"PrefLabel":{"En":"SelfPaced"},"Id":"a815ecf7-df46-4bbf-81d5-5a3dea541e3b","Type":"Concept"}},{"NoteLiteral":"25","Subject":{"InScheme":{"Id":"urn:eciu:note","Type":"ConceptScheme"},"PrefLabel":{"En":"Pace"},"Id":"a815ecf7-df46-4bbf-81d5-5a3dea541e3b","Type":"Concept"}},{"NoteLiteral":"Standard","Subject":{"InScheme":{"Id":"urn:eciu:note","Type":"ConceptScheme"},"PrefLabel":{"En":"Scope"},"Id":"a815ecf7-df46-4bbf-81d5-5a3dea541e3b","Type":"Concept"}}],"Id":"urn:eciu:learningOpportunity:a815ecf7-df46-4bbf-81d5-5a3dea541e3b","Type":"LearningOpportunity"}