{"Mode":{"InScheme":{"Id":"http://data.europa.eu/snb/learning-assessment/25831c2","Type":"ConceptScheme"},"PrefLabel":{"En":"Online"},"Id":"http://data.europa.eu/snb/learning-assessment/920fbb3cbe","Type":"Concept"},"DcType":null,"Title":{"En":"Teaching and Accessibility Legislation"},"AdmissionsProcedure":null,"ApplicationDeadline":"2025-05-31","Description":{"En":"This module introduces the student to the Finnish legislation regarding accessibility, teaching, and people with disabilities\u0027s right for assistance in the classroom. The student will learn about the education-specific accessibility legislations as well as more general legislation regarding the rights of the people with disabilities. The student will also reflect on these topics and think about how they relate to their own experiences and possible future plans in the field of education."},"LearningAchievementSpecification":{"EQFLevel":{"InScheme":{"Id":"http://data.europa.eu/snb/eqf/25831c2","Type":"ConceptScheme"},"PrefLabel":{"En":"Level 7"},"Id":"http://data.europa.eu/snb/eqf/7","Type":"Concept"},"CreditPoint":{"Framework":{"InScheme":{"Id":"http://data.europa.eu/snb/education-credit/25831c2","Type":"ConceptScheme"},"PrefLabel":{"En":"European Credit Transfer System"},"Id":"http://data.europa.eu/snb/education-credit/6fcec5c5af","Type":"Concept"},"Point":"1,0","Id":"urn:epass:creditPoint:a6d6ac71-5cd3-ef11-a72e-0022488b6cff","Type":"CreditPoint"},"LearningOutcome":[{"Title":{"En":"Legal rights in the classroom"},"RelatedESCOSkill":[{"Notation":"Skill","InScheme":{"Id":"http://data.europa.eu/esco/concept-scheme/skills","Type":"ConceptScheme"},"PrefLabel":{"En":"work within communities"},"Id":"http://data.europa.eu/esco/skill/28ca2f0b-9fb2-487a-9f10-9688e5191ec4","Type":"Concept"},{"Notation":"Skill","InScheme":{"Id":"http://data.europa.eu/esco/concept-scheme/skills","Type":"ConceptScheme"},"PrefLabel":{"En":"raise awareness on local community\u0027s priorities"},"Id":"http://data.europa.eu/esco/skill/7e13a05c-e40d-4970-b285-3d58ecfa627f","Type":"Concept"},{"Notation":"Skill","InScheme":{"Id":"http://data.europa.eu/esco/concept-scheme/skills","Type":"ConceptScheme"},"PrefLabel":{"En":"think analytically"},"Id":"http://data.europa.eu/esco/skill/4707da90-9cfc-46ca-8de0-38a0b7bfb137","Type":"Concept"}],"AdditionalNote":{"NoteLiteral":{"En":"The student will be able to reflect on how these laws have been followed in practice, and think about what they themselves could do in the future to make sure everyone\u0027s legal rights in the classroom are respected."},"Id":"urn:eciu:note:adba6483-5cd3-ef11-a72e-000d3a2e6935","Type":"Note"},"Id":"urn:epass:learningOutcome:a6d6ac71-5cd3-ef11-a72e-0022488b6cff-1","Type":"LearningOutcome"},{"Title":{"En":"Understanding the right to an education"},"RelatedESCOSkill":[{"Notation":"Skill","InScheme":{"Id":"http://data.europa.eu/esco/concept-scheme/skills","Type":"ConceptScheme"},"PrefLabel":{"En":"social entreprise"},"Id":"http://data.europa.eu/esco/skill/2f4cdc7e-d98d-4e6c-9811-3dc28255c7ff","Type":"Concept"},{"Notation":"Skill","InScheme":{"Id":"http://data.europa.eu/esco/concept-scheme/skills","Type":"ConceptScheme"},"PrefLabel":{"En":"demonstrate consideration"},"Id":"http://data.europa.eu/esco/skill/9d75743b-317a-4bc4-b93f-c72e3ceba377","Type":"Concept"},{"Notation":"Skill","InScheme":{"Id":"http://data.europa.eu/esco/concept-scheme/skills","Type":"ConceptScheme"},"PrefLabel":{"En":"education law"},"Id":"http://data.europa.eu/esco/skill/57beaad1-7c5e-4b17-a35f-31f49e1d7378","Type":"Concept"}],"AdditionalNote":{"NoteLiteral":{"En":"The student will have a basic understanding of the legislation that relates to ensuring everyone has the right to an education."},"Id":"urn:eciu:note:825a9f73-5cd3-ef11-a72e-6045bd90463d","Type":"Note"},"Id":"urn:epass:learningOutcome:a6d6ac71-5cd3-ef11-a72e-0022488b6cff-2","Type":"LearningOutcome"}],"LearningSetting":null,"Mode":null,"Title":{"En":"Teaching and Accessibility Legislation"},"DcType":null,"HomePage":null,"VolumeOfLearning":null,"Id":"urn:eciu:qualification:a6d6ac71-5cd3-ef11-a72e-0022488b6cff","Type":"Qualification"},"IsPartOf":{"Mode":null,"DcType":null,"Title":{"En":"Teaching and Accessibility Legislation"},"AdmissionsProcedure":null,"ApplicationDeadline":null,"Description":null,"LearningAchievementSpecification":null,"IsPartOf":null,"Temporal":null,"ProvidedBy":null,"LearningActivitySpecification":null,"BannerImage":null,"MoreInformation":[{"NoteLiteral":"ACC.280","Subject":{"InScheme":{"Id":"urn:eciu:note","Type":"ConceptScheme"},"PrefLabel":{"En":"EducationIdentifier"},"Id":"71be78d2-6415-ee11-8f6d-6045bd886f79","Type":"Concept"}}],"Id":"urn:eciu:learningOpportunity:71be78d2-6415-ee11-8f6d-6045bd886f79","Type":"LearningOpportunity"},"Temporal":{"EndDate":"2025-01-27T00:00:00Z","Name":{"En":"Temporal"},"StartDate":"2025-07-31T00:00:00Z"},"ProvidedBy":{"Location":null,"Logo":null,"LegalName":{"En":"TAMPEREEN KORKEAKOULUSAATIO SR (TAU)"},"Registration":null,"Homepage":null,"Id":"urn:eciu:org:8f142831-6a54-ed11-bba2-6045bd886566","Type":"Organisation"},"LearningActivitySpecification":{"Mode":null,"DcType":null,"Title":{"En":""},"Description":null,"MoreInformation":[{"NoteLiteral":"This is a nonstoop MOOC (Massive Open Online course). This means the course is fully online and you can take it at your own pace according to your own schedule.  \n  \nThis MOOC is offered by Tampere University on the DigiCampus platform. Once you have your TUNI credentials, log in to DigiCampus by using the choice \u0022Login with HAKA Account\u0022, select \u0022Tampere Universities\u0022and use your tuni.fi account. In DigiCampus, head over the the course \u0022Methods and technologies for accessibility and their evaluation\u0022.\u00A0The enrolment key is \u002220methods21\u0022. From this module, select the course you applied for.  \n  \nLink to DigiCampus: digicampus.fi/?lang=en  \nDirect link to the course: digicampus.fi/course/view.php?id=1193","Subject":{"InScheme":{"Id":"urn:eciu:note","Type":"ConceptScheme"},"PrefLabel":{"En":"ParticipantInformation"},"Id":"a6d6ac71-5cd3-ef11-a72e-0022488b6cff","Type":"Concept"}}],"HasPart":null,"Id":"urn:eciu:learningActivitySpec:a6d6ac71-5cd3-ef11-a72e-0022488b6cff","Type":"LearningActivitySpecification"},"BannerImage":null,"MoreInformation":[{"NoteLiteral":"","Subject":{"InScheme":{"Id":"urn:eciu:note","Type":"ConceptScheme"},"PrefLabel":{"En":"SourceIdentifier"},"Id":"a6d6ac71-5cd3-ef11-a72e-0022488b6cff","Type":"Concept"}},{"NoteLiteral":"Nonstop MOOC on methods and technologies for accessibility","Subject":{"InScheme":{"Id":"urn:eciu:note","Type":"ConceptScheme"},"PrefLabel":{"En":"SubTitle"},"Id":"a6d6ac71-5cd3-ef11-a72e-0022488b6cff","Type":"Concept"}},{"NoteLiteral":"This course is part of the larger module \u0022Methods and technologies for accessibility and their evaluation\u0022 which consists of over 25 modules (1 ECT each). If you want to become an expert at creating digitally accessible services, make sure to check them out.","Subject":{"InScheme":{"Id":"urn:eciu:note","Type":"ConceptScheme"},"PrefLabel":{"En":"Introduction"},"Id":"a6d6ac71-5cd3-ef11-a72e-0022488b6cff","Type":"Concept"}},{"NoteLiteral":"True","Subject":{"InScheme":{"Id":"urn:eciu:note","Type":"ConceptScheme"},"PrefLabel":{"En":"GenerateMicroCredentials"},"Id":"a6d6ac71-5cd3-ef11-a72e-0022488b6cff","Type":"Concept"}},{"NoteLiteral":"This micromodule is open to all ECIU students and there is no specific admissions process, rather all interested students will have the change to take the course.\u00A0However, the course is mainly targeted to master\u0027s level students. Notice that the course is self-paced and you need to reserve time in your timetable for finishing it.","Subject":{"InScheme":{"Id":"urn:eciu:note","Type":"ConceptScheme"},"PrefLabel":{"En":"AdmissionProcessInformation"},"Id":"a6d6ac71-5cd3-ef11-a72e-0022488b6cff","Type":"Concept"}},{"NoteLiteral":"True","Subject":{"InScheme":{"Id":"urn:eciu:note","Type":"ConceptScheme"},"PrefLabel":{"En":"SimplifiedAdmissionProcess"},"Id":"a6d6ac71-5cd3-ef11-a72e-0022488b6cff","Type":"Concept"}},{"NoteLiteral":"2025-01-27","Subject":{"InScheme":{"Id":"urn:eciu:note","Type":"ConceptScheme"},"PrefLabel":{"En":"ApplicationPeriodStartDate"},"Id":"a6d6ac71-5cd3-ef11-a72e-0022488b6cff","Type":"Concept"}},{"NoteLiteral":"100","Subject":{"InScheme":{"Id":"urn:eciu:note","Type":"ConceptScheme"},"PrefLabel":{"En":"MaximumNumberOfSeats"},"Id":"a6d6ac71-5cd3-ef11-a72e-0022488b6cff","Type":"Concept"}},{"NoteLiteral":"False","Subject":{"InScheme":{"Id":"urn:eciu:note","Type":"ConceptScheme"},"PrefLabel":{"En":"ECIULMSENabled"},"Id":"a6d6ac71-5cd3-ef11-a72e-0022488b6cff","Type":"Concept"}},{"NoteLiteral":"","Subject":{"InScheme":{"Id":"urn:eciu:note","Type":"ConceptScheme"},"PrefLabel":{"En":"LMSUrl"},"Id":"a6d6ac71-5cd3-ef11-a72e-0022488b6cff","Type":"Concept"}},{"NoteLiteral":"","Subject":{"InScheme":{"Id":"urn:eciu:note","Type":"ConceptScheme"},"PrefLabel":{"En":"TeamAccessDate"},"Id":"a6d6ac71-5cd3-ef11-a72e-0022488b6cff","Type":"Concept"}},{"NoteLiteral":"false","Subject":{"InScheme":{"Id":"urn:eciu:note","Type":"ConceptScheme"},"PrefLabel":{"En":"SelfPaced"},"Id":"a6d6ac71-5cd3-ef11-a72e-0022488b6cff","Type":"Concept"}},{"NoteLiteral":"10","Subject":{"InScheme":{"Id":"urn:eciu:note","Type":"ConceptScheme"},"PrefLabel":{"En":"Pace"},"Id":"a6d6ac71-5cd3-ef11-a72e-0022488b6cff","Type":"Concept"}},{"NoteLiteral":"Standard","Subject":{"InScheme":{"Id":"urn:eciu:note","Type":"ConceptScheme"},"PrefLabel":{"En":"Scope"},"Id":"a6d6ac71-5cd3-ef11-a72e-0022488b6cff","Type":"Concept"}}],"Id":"urn:eciu:learningOpportunity:a6d6ac71-5cd3-ef11-a72e-0022488b6cff","Type":"LearningOpportunity"}