{"Mode":{"InScheme":{"Id":"http://data.europa.eu/snb/learning-assessment/25831c2","Type":"ConceptScheme"},"PrefLabel":{"En":"Online"},"Id":"http://data.europa.eu/snb/learning-assessment/920fbb3cbe","Type":"Concept"},"DcType":null,"Title":{"En":"Data\u00A0Visualisation\u00A0and\u00A0Presentation\u200B"},"AdmissionsProcedure":{"NoteLiteral":{"En":"Entry requirements:\n\u2022\tStudent at any of the universities of the ECIU;\n\u2022\tB2 level of English language proficiency.\nApplicants need to attach a copy of ID card / passport (document issued by the country of origin) to enrol in the KTU virtual learning environment. This does not apply to KTU students (if you are a KTU student, you may attach a blank page).\nStudents, who are admitted and accepted the offered place in the micro-module, will be informed by email on the steps to take in order to gain access to the KTU virtual learning environment. Students will receive an email from the teacher of the micro-module on the first day of the start of module.\nStudents who have dropped out from the KTU micro-module(s) in the autumn 2024 are not eligible to enrol in the KTU micro-module(s) in the spring 2025."},"Id":"urn:eciu:note:7d62066b-2a2f-4ce0-8952-187206d343d7","Type":"Note"},"ApplicationDeadline":"2025-02-23","Description":{"En":"In the age of information, the ability to transform raw data into compelling visual stories is invaluable. The Data Visualisation and Presentation micromodule is designed to empower you with the skills and knowledge needed to communicate data effectively through visual representation. This micromodule combines theoretical foundations with practical applications.\n\nThe goal of this micromodule is to provide the fundamental concepts and techniques of data visualisation using the R package ggplot2 and to enable you to present and communicate with data visuals effectively.\n\nThroughout this micromodule, you will gain a deeper understanding of data visualisation principles and practical experience using the R package ggplot2. By the end of this micromodule, you can create customised visualisations that go beyond basic charts and graphs.\n\nIn the first half, you will learn about data analysis fundamentals and the appropriate use of various charts for different data types. This knowledge will help you enhance your visuals and avoid common mistakes. In the second half, you will create visualisations using the R package ggplot2.\n\nBy participating in this micromodule you will acquire skills to transform raw data into compelling visual stories, enabling them to make impactful presentations and decisions based on data-driven insights."},"LearningAchievementSpecification":{"EQFLevel":{"InScheme":{"Id":"http://data.europa.eu/snb/eqf/25831c2","Type":"ConceptScheme"},"PrefLabel":{"En":"Level 7"},"Id":"http://data.europa.eu/snb/eqf/7","Type":"Concept"},"CreditPoint":{"Framework":{"InScheme":{"Id":"http://data.europa.eu/snb/education-credit/25831c2","Type":"ConceptScheme"},"PrefLabel":{"En":"European Credit Transfer System"},"Id":"http://data.europa.eu/snb/education-credit/6fcec5c5af","Type":"Concept"},"Point":"2,0","Id":"urn:epass:creditPoint:7d62066b-2a2f-4ce0-8952-187206d343d7","Type":"CreditPoint"},"LearningOutcome":[{"Title":{"En":"Apply the basic principles and methods of data visualisation"},"RelatedESCOSkill":[{"Notation":"Skill","InScheme":{"Id":"http://data.europa.eu/esco/concept-scheme/skills","Type":"ConceptScheme"},"PrefLabel":{"En":"evaluate data, information and digital content"},"Id":"http://data.europa.eu/esco/skill/1d6c7de4-350e-4868-a47b-333b4b0d9650","Type":"Concept"},{"Notation":"Skill","InScheme":{"Id":"http://data.europa.eu/esco/concept-scheme/skills","Type":"ConceptScheme"},"PrefLabel":{"En":"Identify statistical patterns"},"Id":"http://data.europa.eu/esco/skill/06670261-ea6b-4b52-a915-c7d4ff837f74","Type":"Concept"}],"AdditionalNote":{"NoteLiteral":{"En":"The student gains a foundational understanding of data analysis techniques and methods for creating informative visualisations."},"Id":"urn:eciu:note:eafd8fe4-efbe-ef11-b8e8-7c1e52513c80","Type":"Note"},"Id":"urn:epass:learningOutcome:7d62066b-2a2f-4ce0-8952-187206d343d7-1","Type":"LearningOutcome"},{"Title":{"En":"Apply R programming language and ggplot2 package elements and tools for data visualisation"},"RelatedESCOSkill":[{"Notation":"Skill","InScheme":{"Id":"http://data.europa.eu/esco/concept-scheme/skills","Type":"ConceptScheme"},"PrefLabel":{"En":"use IT tools"},"Id":"http://data.europa.eu/esco/skill/f632251a-4078-4546-b19f-7ef528d08325","Type":"Concept"},{"Notation":"Skill","InScheme":{"Id":"http://data.europa.eu/esco/concept-scheme/skills","Type":"ConceptScheme"},"PrefLabel":{"En":"apply basic programming skills"},"Id":"http://data.europa.eu/esco/skill/bf4d884f-c848-402a-b130-69c266b04164","Type":"Concept"}],"AdditionalNote":{"NoteLiteral":{"En":"Students will develop proficiency in using R programming language and the ggplot2 package to create informative data visualisations."},"Id":"urn:eciu:note:e67ae96e-f0be-ef11-b8e8-7c1e52513c80","Type":"Note"},"Id":"urn:epass:learningOutcome:7d62066b-2a2f-4ce0-8952-187206d343d7-2","Type":"LearningOutcome"},{"Title":{"En":"Apply data presentation techniques to effectively present visual information"},"RelatedESCOSkill":[{"Notation":"Skill","InScheme":{"Id":"http://data.europa.eu/esco/concept-scheme/skills","Type":"ConceptScheme"},"PrefLabel":{"En":"think innovately"},"Id":"http://data.europa.eu/esco/skill/c2a0c52c-0b4b-4180-a918-92650ea3b458","Type":"Concept"},{"Notation":"Skill","InScheme":{"Id":"http://data.europa.eu/esco/concept-scheme/skills","Type":"ConceptScheme"},"PrefLabel":{"En":"solve problems"},"Id":"http://data.europa.eu/esco/skill/adc6dc11-3376-467b-96c5-9b0a21edc869","Type":"Concept"}],"AdditionalNote":{"NoteLiteral":{"En":"The student can apply data presentation and storytelling techniques to effectively communicate visual information from real-world databases."},"Id":"urn:eciu:note:3d7fcff9-f0be-ef11-b8e8-7c1e52513c80","Type":"Note"},"Id":"urn:epass:learningOutcome:7d62066b-2a2f-4ce0-8952-187206d343d7-3","Type":"LearningOutcome"}],"LearningSetting":null,"Mode":null,"Title":{"En":"Data\u00A0Visualisation\u00A0and\u00A0Presentation\u200B"},"DcType":null,"HomePage":null,"VolumeOfLearning":null,"Id":"urn:eciu:qualification:7d62066b-2a2f-4ce0-8952-187206d343d7","Type":"Qualification"},"IsPartOf":{"Mode":null,"DcType":null,"Title":{"En":"Data\u00A0Visualisation\u00A0and\u00A0Presentation\u200B"},"AdmissionsProcedure":null,"ApplicationDeadline":null,"Description":null,"LearningAchievementSpecification":null,"IsPartOf":null,"Temporal":null,"ProvidedBy":null,"LearningActivitySpecification":null,"BannerImage":null,"MoreInformation":null,"Id":"urn:eciu:learningOpportunity:f92354fa-1f1d-ef11-840a-000d3a2a7e23","Type":"LearningOpportunity"},"Temporal":{"EndDate":"2025-03-17T00:00:00Z","Name":{"En":"Temporal"},"StartDate":"2025-05-04T00:00:00Z"},"ProvidedBy":{"Location":null,"Logo":null,"LegalName":{"En":"KAUNO TECHNOLOGIJOS UNIVERSITETAS (KTU)"},"Registration":null,"Homepage":null,"Id":"urn:eciu:org:4cc1e316-6a54-ed11-bba2-6045bd886566","Type":"Organisation"},"LearningActivitySpecification":{"Mode":null,"DcType":null,"Title":{"En":""},"Description":{"En":"[https://uais.cr.ktu.lt/ktuis/stp_report_ects.mdl_ml?p_kodas=MM00M105\u0026p_year=2024\u0026p_lang=EN\u0026p_stp_id=](https://uais.cr.ktu.lt/ktuis/stp_report_ects.mdl_ml?p_kodas=MM00M117\u0026amp;p_year=2024\u0026amp;p_lang=EN\u0026amp;p_stp_id=)"},"MoreInformation":[{"NoteLiteral":"**Week 1:** Introduction to history, psychological and physical aspects of data visualisation. Students will watch video lectures, take self-assessment quizzes, and participate in discussions. This will help to understand the foundations of data visualisation.\n\n**Week 2:** Introduction to principles of data visualisation and R programming language package ggplot2.\u00A0 Students will watch video lectures, take self-assessment quizzes, and participate in discussions. These activities will help to understand the fundamental principles of data visualisation and how to create effective data visuals.\n\n**Week 3:** Continuing with principles of data visualisation and R programming language package ggplot2.\u00A0 Students will watch video lectures, take self-assessment quizzes, and participate in discussions. These activities will help to understand the fundamental principles of data visualisation and how to create effective data visuals.\n\n**Week 4:** Introduction to visual data storytelling principles using the R programming language package ggplot2.\u00A0 Students will watch video lectures, take self-assessment quizzes, and participate in discussions. These activities will help students to enhance the quality and effectiveness of data visuals.\n\nAt the beginning of Week 4, the graded quiz will be provided.\n\nAt the end of Week 5, the student competence portfolio will be evaluated.\n\nThe active participation in the discussions all over the course will be graded.\n\nFeedback on the presentation and their work as part of an ongoing exchange with the tutor will help students understand the difficulties and objectives of this module.\n\n[Syllabus of the micro-module](https://uais.cr.ktu.lt/ktuis/stp_report_ects.mdl_ml?p_kodas=MM00M105\u0026amp;p_year=2024\u0026amp;p_lang=EN\u0026amp;p_stp_id=)\n\nThe micro-module will be delivered in the KTU virtual learning environment. When a student is enrolled in KTU, s/he will be informed by email on how to gain access to the micro-module.  \n\nAfter the successful completion of the micro-module:\n\n- In two weeks, a student will receive an email with the link to download the ECIU University micro-credential.\n- In mid-June 2025, a student from other university than KTU will receive an email with the KTU Transcript of Records that might be presented for recognition of learning outcomes at the home university.","Subject":{"InScheme":{"Id":"urn:eciu:note","Type":"ConceptScheme"},"PrefLabel":{"En":"ParticipantInformation"},"Id":"7d62066b-2a2f-4ce0-8952-187206d343d7","Type":"Concept"}}],"HasPart":null,"Id":"urn:eciu:learningActivitySpec:7d62066b-2a2f-4ce0-8952-187206d343d7","Type":"LearningActivitySpecification"},"BannerImage":null,"MoreInformation":[{"NoteLiteral":"MM00M105","Subject":{"InScheme":{"Id":"urn:eciu:note","Type":"ConceptScheme"},"PrefLabel":{"En":"SourceIdentifier"},"Id":"7d62066b-2a2f-4ce0-8952-187206d343d7","Type":"Concept"}},{"NoteLiteral":"Improve your data visualisations","Subject":{"InScheme":{"Id":"urn:eciu:note","Type":"ConceptScheme"},"PrefLabel":{"En":"SubTitle"},"Id":"7d62066b-2a2f-4ce0-8952-187206d343d7","Type":"Concept"}},{"NoteLiteral":"Data Visualisation and Presentation micromodule aims to empower you to transform datasets into narratives through visual representation and equip you with the tools and knowledge to communicate data effectively. \n\nMost courses focus on either theory or practice and specialise in the principles of data visualisation, data storytelling, or practical visual creation and programming. \n\nThis micromodule combines theoretical data visualisation principles and practical experience using the R programming language package ggplot2 to create compelling visuals.  \n\nBy the end of this micromodule, you will be equipped to transform raw data into visual stories, allowing you to create impactful presentations and make informed decisions based on data-driven insights.","Subject":{"InScheme":{"Id":"urn:eciu:note","Type":"ConceptScheme"},"PrefLabel":{"En":"Introduction"},"Id":"7d62066b-2a2f-4ce0-8952-187206d343d7","Type":"Concept"}},{"NoteLiteral":"True","Subject":{"InScheme":{"Id":"urn:eciu:note","Type":"ConceptScheme"},"PrefLabel":{"En":"GenerateMicroCredentials"},"Id":"7d62066b-2a2f-4ce0-8952-187206d343d7","Type":"Concept"}},{"NoteLiteral":"Entry requirements:\n\n- Student at any of the universities of the ECIU;\n- B2 level of English language proficiency.\n\nApplicants need to attach a copy of ID card / passport (document issued by the country of origin) to enrol in the KTU virtual learning environment. This does not apply to KTU students (if you are a KTU student, you may attach a blank page).  \n\nStudents, who are admitted and accepted the offered place in the micro-module, will be informed by email on the steps to take in order to gain access to the KTU virtual learning environment. Students will receive an email from the teacher of the micro-module on the first day of the start of module.  \n\nStudents who have dropped out from the KTU micro-module(s) in the autumn 2024 are not eligible to enrol in the KTU micro-module(s) in the spring 2025.","Subject":{"InScheme":{"Id":"urn:eciu:note","Type":"ConceptScheme"},"PrefLabel":{"En":"AdmissionProcessInformation"},"Id":"7d62066b-2a2f-4ce0-8952-187206d343d7","Type":"Concept"}},{"NoteLiteral":"False","Subject":{"InScheme":{"Id":"urn:eciu:note","Type":"ConceptScheme"},"PrefLabel":{"En":"SimplifiedAdmissionProcess"},"Id":"7d62066b-2a2f-4ce0-8952-187206d343d7","Type":"Concept"}},{"NoteLiteral":"2024-12-23","Subject":{"InScheme":{"Id":"urn:eciu:note","Type":"ConceptScheme"},"PrefLabel":{"En":"ApplicationPeriodStartDate"},"Id":"7d62066b-2a2f-4ce0-8952-187206d343d7","Type":"Concept"}},{"NoteLiteral":"30","Subject":{"InScheme":{"Id":"urn:eciu:note","Type":"ConceptScheme"},"PrefLabel":{"En":"MaximumNumberOfSeats"},"Id":"7d62066b-2a2f-4ce0-8952-187206d343d7","Type":"Concept"}},{"NoteLiteral":"False","Subject":{"InScheme":{"Id":"urn:eciu:note","Type":"ConceptScheme"},"PrefLabel":{"En":"ECIULMSENabled"},"Id":"7d62066b-2a2f-4ce0-8952-187206d343d7","Type":"Concept"}},{"NoteLiteral":"","Subject":{"InScheme":{"Id":"urn:eciu:note","Type":"ConceptScheme"},"PrefLabel":{"En":"LMSUrl"},"Id":"7d62066b-2a2f-4ce0-8952-187206d343d7","Type":"Concept"}},{"NoteLiteral":"","Subject":{"InScheme":{"Id":"urn:eciu:note","Type":"ConceptScheme"},"PrefLabel":{"En":"TeamAccessDate"},"Id":"7d62066b-2a2f-4ce0-8952-187206d343d7","Type":"Concept"}},{"NoteLiteral":"false","Subject":{"InScheme":{"Id":"urn:eciu:note","Type":"ConceptScheme"},"PrefLabel":{"En":"SelfPaced"},"Id":"7d62066b-2a2f-4ce0-8952-187206d343d7","Type":"Concept"}},{"NoteLiteral":"20","Subject":{"InScheme":{"Id":"urn:eciu:note","Type":"ConceptScheme"},"PrefLabel":{"En":"Pace"},"Id":"7d62066b-2a2f-4ce0-8952-187206d343d7","Type":"Concept"}},{"NoteLiteral":"Standard","Subject":{"InScheme":{"Id":"urn:eciu:note","Type":"ConceptScheme"},"PrefLabel":{"En":"Scope"},"Id":"7d62066b-2a2f-4ce0-8952-187206d343d7","Type":"Concept"}}],"Id":"urn:eciu:learningOpportunity:7d62066b-2a2f-4ce0-8952-187206d343d7","Type":"LearningOpportunity"}