{"Mode":{"InScheme":{"Id":"http://data.europa.eu/snb/learning-assessment/25831c2","Type":"ConceptScheme"},"PrefLabel":{"En":"Blended"},"Id":"http://data.europa.eu/snb/learning-assessment/e92d221e4d","Type":"Concept"},"DcType":null,"Title":{"En":"Load-Bearing Efficiency: A 3D Printing Challenge"},"AdmissionsProcedure":null,"ApplicationDeadline":"2024-10-21","Description":{"En":"**Our challenge**  \n\nThis course invites participants to design and fabricate 3D-printed structures that achieve maximum material efficiency while maintaining structural integrity. Central to this challenge is 3D printing technology, which embodies the democratization of production and a sustainable manufacturing strategy. Moreover, it allows individuals to design, prototype, and manufacture solutions autonomously.  \n\nThrough hands-on experience, students will develop technical skills and a mindset focused on innovation and resourcefulness. The course encourages critical thinking about how to optimize designs for minimal material use, exploring how 3D printing can revolutionize manufacturing by making it more accessible, customizable, and sustainable.  \n\n**Expected impact**  \n\nThe course\u2019s impact ranges from environmental sustainability to enabling independent design and production, with focus on material minimization and thus, resource efficiency. In a broader sense, by mastering 3D printing technology, participants will be prepared to contribute to a world where innovation is driven by people\u2019s and societal needs, where the tools of creation are accessible to all."},"LearningAchievementSpecification":{"EQFLevel":{"InScheme":{"Id":"http://data.europa.eu/snb/eqf/25831c2","Type":"ConceptScheme"},"PrefLabel":{"En":"Level 7"},"Id":"http://data.europa.eu/snb/eqf/7","Type":"Concept"},"CreditPoint":{"Framework":{"InScheme":{"Id":"http://data.europa.eu/snb/education-credit/25831c2","Type":"ConceptScheme"},"PrefLabel":{"En":"European Credit Transfer System"},"Id":"http://data.europa.eu/snb/education-credit/6fcec5c5af","Type":"Concept"},"Point":"6,0","Id":"urn:epass:creditPoint:5a5ad8b9-2323-4bb0-8d6e-0dd74983cee5","Type":"CreditPoint"},"LearningOutcome":[{"Title":{"En":"Collaboration"},"RelatedESCOSkill":[{"Notation":"Skill","InScheme":{"Id":"http://data.europa.eu/esco/concept-scheme/skills","Type":"ConceptScheme"},"PrefLabel":{"En":"work in teams"},"Id":"http://data.europa.eu/esco/skill/60c78287-22eb-4103-9c8c-28deaa460da0","Type":"Concept"}],"AdditionalNote":{"NoteLiteral":{"En":"Gain experience in collaboration and teamwork by working with a diverse group of participants with varying backgrounds and perspectives."},"Id":"urn:eciu:note:2b2886d5-3474-ef11-a670-6045bd93476f","Type":"Note"},"Id":"urn:epass:learningOutcome:5a5ad8b9-2323-4bb0-8d6e-0dd74983cee5-1","Type":"LearningOutcome"},{"Title":{"En":"Critical thinking"},"RelatedESCOSkill":[{"Notation":"Skill","InScheme":{"Id":"http://data.europa.eu/esco/concept-scheme/skills","Type":"ConceptScheme"},"PrefLabel":{"En":"think creatively"},"Id":"http://data.europa.eu/esco/skill/c624c6a3-b0ba-4a31-a296-0d433fe47e41","Type":"Concept"},{"Notation":"Skill","InScheme":{"Id":"http://data.europa.eu/esco/concept-scheme/skills","Type":"ConceptScheme"},"PrefLabel":{"En":"solve problems"},"Id":"http://data.europa.eu/esco/skill/adc6dc11-3376-467b-96c5-9b0a21edc869","Type":"Concept"},{"Notation":"Skill","InScheme":{"Id":"http://data.europa.eu/esco/concept-scheme/skills","Type":"ConceptScheme"},"PrefLabel":{"En":"think innovately"},"Id":"http://data.europa.eu/esco/skill/c2a0c52c-0b4b-4180-a918-92650ea3b458","Type":"Concept"}],"AdditionalNote":{"NoteLiteral":{"En":"Enhance critical thinking and problem-solving abilities by applying a human-centered design approach to the development of engineering solutions. The course encourages critical thinking about how to optimize designs for minimal material use, exploring how 3D printing can revolutionize manufacturing by making it more accessible, customizable, and sustainable."},"Id":"urn:eciu:note:7bc23935-3574-ef11-a670-6045bd93476f","Type":"Note"},"Id":"urn:epass:learningOutcome:5a5ad8b9-2323-4bb0-8d6e-0dd74983cee5-2","Type":"LearningOutcome"},{"Title":{"En":"Mastering 3D printing technology"},"RelatedESCOSkill":[{"Notation":"Skill","InScheme":{"Id":"http://data.europa.eu/esco/concept-scheme/skills","Type":"ConceptScheme"},"PrefLabel":{"En":"3D printing process"},"Id":"http://data.europa.eu/esco/skill/2afb2b59-c9a3-4cf3-b1dd-1a2fad51e583","Type":"Concept"}],"AdditionalNote":{"NoteLiteral":{"En":"The course fosters students enabling independent design and production on 3D printed products, with focus on material minimization and thus, resource efficiency."},"Id":"urn:eciu:note:97621ee8-3574-ef11-a670-6045bd93476f","Type":"Note"},"Id":"urn:epass:learningOutcome:5a5ad8b9-2323-4bb0-8d6e-0dd74983cee5-3","Type":"LearningOutcome"}],"LearningSetting":null,"Mode":null,"Title":{"En":"Load-Bearing Efficiency: A 3D Printing Challenge"},"DcType":null,"HomePage":null,"VolumeOfLearning":null,"Id":"urn:eciu:qualification:5a5ad8b9-2323-4bb0-8d6e-0dd74983cee5","Type":"Qualification"},"IsPartOf":{"Mode":null,"DcType":null,"Title":{"En":"Load-Bearing Efficiency: A 3D Printing Challenge"},"AdmissionsProcedure":null,"ApplicationDeadline":null,"Description":null,"LearningAchievementSpecification":null,"IsPartOf":null,"Temporal":null,"ProvidedBy":null,"LearningActivitySpecification":null,"BannerImage":null,"MoreInformation":null,"Id":"urn:eciu:learningOpportunity:22ffa718-3374-ef11-a670-6045bd917be0","Type":"LearningOpportunity"},"Temporal":{"EndDate":"2024-10-29T00:00:00Z","Name":{"En":"Temporal"},"StartDate":"2025-01-28T00:00:00Z"},"ProvidedBy":{"Location":null,"Logo":null,"LegalName":{"En":"TECHNISCHE UNIVERSITAT HAMBURG (TUHH"},"Registration":null,"Homepage":null,"Id":"urn:eciu:org:d2f87009-6a54-ed11-bba2-6045bd886566","Type":"Organisation"},"LearningActivitySpecification":{"Mode":null,"DcType":null,"Title":{"En":""},"Description":null,"MoreInformation":[{"NoteLiteral":"**Expectations from participants**  \n\nWork in interdisciplinary teams, average workload ~6,5 hours/week for 3 months. Final presentation of potential solutions by the teams takes place on the Closing Event (calendar week 4 in 2025) in the format of a 15-20 minutes demonstration by the whole team. No written assignment is required.\n\n**The\u00A0project timeline**  \n\nThe project will be run over a three-month period (October, 29th to January, 28th)\n\nKick-off: Oct 29th 24 09:00-12:00 am (CET)\u00A0\n\nInput (project management, 3D-Print, working principles): Nov 5th 09:00-12:00 am (CET)\u00A0\n\nConcept check-in: Nov 12th 09:00-10:30 am (CET)\u00A0\n\nConcept presentation: Nov 19th 09:00-10:30 am (CET)\u00A0\n\nFirst interim demonstration: Dec 10th 09:00-10:30 am (CET)\u00A0\n\nPost-holidays check-in: Jan 7th 09:00-10:30 am (CET)\u00A0\n\nSecond interim demonstration: Jan 14th 09:00-10:30 am (CET)\u00A0\n\nClosing event: Jan 21st 09:00-10:30 am (CET)\u00A0\n\nFeedback discussions: Jan 28th 09:00-10:30 am (CET)\u00A0\n\nFor questions related to the content of the challenge or any other information, please contact the teamcher\u00A0Dr. Diego Ribas [(diego.ribas@tuhh.de](http://%28diego.ribas@tuhh.de)) and Prof. K. Furlan [kaline.furlan@tuhh.de](mailto:kaline.furlan@tuhh.de).","Subject":{"InScheme":{"Id":"urn:eciu:note","Type":"ConceptScheme"},"PrefLabel":{"En":"ParticipantInformation"},"Id":"5a5ad8b9-2323-4bb0-8d6e-0dd74983cee5","Type":"Concept"}}],"HasPart":null,"Id":"urn:eciu:learningActivitySpec:5a5ad8b9-2323-4bb0-8d6e-0dd74983cee5","Type":"LearningActivitySpecification"},"BannerImage":null,"MoreInformation":[{"NoteLiteral":"","Subject":{"InScheme":{"Id":"urn:eciu:note","Type":"ConceptScheme"},"PrefLabel":{"En":"SourceIdentifier"},"Id":"5a5ad8b9-2323-4bb0-8d6e-0dd74983cee5","Type":"Concept"}},{"NoteLiteral":"","Subject":{"InScheme":{"Id":"urn:eciu:note","Type":"ConceptScheme"},"PrefLabel":{"En":"SubTitle"},"Id":"5a5ad8b9-2323-4bb0-8d6e-0dd74983cee5","Type":"Concept"}},{"NoteLiteral":"The traditional manufacturing approach, driven by resource availability and exploitation can cause significant environmental degradation and thus, societal harm. Society needs a shift towards more sustainable manufacturing processes that focus on maximizing resource efficiency. To address this challenge, it is crucial to train and empower individuals and communities to develop sustainable engineering solutions.","Subject":{"InScheme":{"Id":"urn:eciu:note","Type":"ConceptScheme"},"PrefLabel":{"En":"Introduction"},"Id":"5a5ad8b9-2323-4bb0-8d6e-0dd74983cee5","Type":"Concept"}},{"NoteLiteral":"True","Subject":{"InScheme":{"Id":"urn:eciu:note","Type":"ConceptScheme"},"PrefLabel":{"En":"GenerateMicroCredentials"},"Id":"5a5ad8b9-2323-4bb0-8d6e-0dd74983cee5","Type":"Concept"}},{"NoteLiteral":"All learners are welcome! The Challenge might be in special interest for students in the fields of engineering, industrial design, architecture, materials science or person active as community innovators (i.e., entrepreneurs, makers, hobbyists) or environmental advocates.\n\nPlease apply with your CV, Transcript of Record and a short motivational statement (max. 250 words).","Subject":{"InScheme":{"Id":"urn:eciu:note","Type":"ConceptScheme"},"PrefLabel":{"En":"AdmissionProcessInformation"},"Id":"5a5ad8b9-2323-4bb0-8d6e-0dd74983cee5","Type":"Concept"}},{"NoteLiteral":"False","Subject":{"InScheme":{"Id":"urn:eciu:note","Type":"ConceptScheme"},"PrefLabel":{"En":"SimplifiedAdmissionProcess"},"Id":"5a5ad8b9-2323-4bb0-8d6e-0dd74983cee5","Type":"Concept"}},{"NoteLiteral":"2024-09-22","Subject":{"InScheme":{"Id":"urn:eciu:note","Type":"ConceptScheme"},"PrefLabel":{"En":"ApplicationPeriodStartDate"},"Id":"5a5ad8b9-2323-4bb0-8d6e-0dd74983cee5","Type":"Concept"}},{"NoteLiteral":"30","Subject":{"InScheme":{"Id":"urn:eciu:note","Type":"ConceptScheme"},"PrefLabel":{"En":"MaximumNumberOfSeats"},"Id":"5a5ad8b9-2323-4bb0-8d6e-0dd74983cee5","Type":"Concept"}},{"NoteLiteral":"False","Subject":{"InScheme":{"Id":"urn:eciu:note","Type":"ConceptScheme"},"PrefLabel":{"En":"ECIULMSENabled"},"Id":"5a5ad8b9-2323-4bb0-8d6e-0dd74983cee5","Type":"Concept"}},{"NoteLiteral":"","Subject":{"InScheme":{"Id":"urn:eciu:note","Type":"ConceptScheme"},"PrefLabel":{"En":"LMSUrl"},"Id":"5a5ad8b9-2323-4bb0-8d6e-0dd74983cee5","Type":"Concept"}},{"NoteLiteral":"","Subject":{"InScheme":{"Id":"urn:eciu:note","Type":"ConceptScheme"},"PrefLabel":{"En":"TeamAccessDate"},"Id":"5a5ad8b9-2323-4bb0-8d6e-0dd74983cee5","Type":"Concept"}},{"NoteLiteral":"false","Subject":{"InScheme":{"Id":"urn:eciu:note","Type":"ConceptScheme"},"PrefLabel":{"En":"SelfPaced"},"Id":"5a5ad8b9-2323-4bb0-8d6e-0dd74983cee5","Type":"Concept"}},{"NoteLiteral":"20","Subject":{"InScheme":{"Id":"urn:eciu:note","Type":"ConceptScheme"},"PrefLabel":{"En":"Pace"},"Id":"5a5ad8b9-2323-4bb0-8d6e-0dd74983cee5","Type":"Concept"}},{"NoteLiteral":"Standard","Subject":{"InScheme":{"Id":"urn:eciu:note","Type":"ConceptScheme"},"PrefLabel":{"En":"Scope"},"Id":"5a5ad8b9-2323-4bb0-8d6e-0dd74983cee5","Type":"Concept"}}],"Id":"urn:eciu:learningOpportunity:5a5ad8b9-2323-4bb0-8d6e-0dd74983cee5","Type":"LearningOpportunity"}