{"Mode":{"InScheme":{"Id":"http://data.europa.eu/snb/learning-assessment/25831c2","Type":"ConceptScheme"},"PrefLabel":{"En":"Online"},"Id":"http://data.europa.eu/snb/learning-assessment/920fbb3cbe","Type":"Concept"},"DcType":null,"Title":{"En":"Audio Description of Art"},"AdmissionsProcedure":null,"ApplicationDeadline":"2025-05-31","Description":{"En":"This thematic module familiarizes the student with the audiodescription (AD) of artistic products and venues of different kinds: art galleries, museums and theatre plays. The module introduces the production processes and the basic principles and guidelines for this type of AD and familiarizes the student with authentic examples of AD in museums around the world."},"LearningAchievementSpecification":{"EQFLevel":{"InScheme":{"Id":"http://data.europa.eu/snb/eqf/25831c2","Type":"ConceptScheme"},"PrefLabel":{"En":"Level 7"},"Id":"http://data.europa.eu/snb/eqf/7","Type":"Concept"},"CreditPoint":{"Framework":{"InScheme":{"Id":"http://data.europa.eu/snb/education-credit/25831c2","Type":"ConceptScheme"},"PrefLabel":{"En":"European Credit Transfer System"},"Id":"http://data.europa.eu/snb/education-credit/6fcec5c5af","Type":"Concept"},"Point":"1,0","Id":"urn:epass:creditPoint:581cdd4f-45da-ef11-a730-000d3a27c579","Type":"CreditPoint"},"LearningOutcome":[{"Title":{"En":"Basic principles of audiodescribing visual art"},"RelatedESCOSkill":[{"Notation":"Skill","InScheme":{"Id":"http://data.europa.eu/esco/concept-scheme/skills","Type":"ConceptScheme"},"PrefLabel":{"En":"advise on environmental alterations"},"Id":"http://data.europa.eu/esco/skill/a32ff11a-5f97-4c2e-bbf7-6848814e56e8","Type":"Concept"},{"Notation":"Skill","InScheme":{"Id":"http://data.europa.eu/esco/concept-scheme/skills","Type":"ConceptScheme"},"PrefLabel":{"En":"develop digital content"},"Id":"http://data.europa.eu/esco/skill/5fd5c985-eaaa-47aa-8314-62359c54505a","Type":"Concept"}],"AdditionalNote":{"NoteLiteral":{"En":"The student is able to articulate the basic principles of audiodescribing visual art and theatre and knows how AD is typically produced for and presented in different artistic venues."},"Id":"urn:eciu:note:d830da55-45da-ef11-a730-000d3a27c579","Type":"Note"},"Id":"urn:epass:learningOutcome:581cdd4f-45da-ef11-a730-000d3a27c579-1","Type":"LearningOutcome"},{"Title":{"En":"Analysing AD products and producing basic AD script"},"RelatedESCOSkill":[{"Notation":"Skill","InScheme":{"Id":"http://data.europa.eu/esco/concept-scheme/skills","Type":"ConceptScheme"},"PrefLabel":{"En":"digital competencies"},"Id":"http://data.europa.eu/esco/skill/aeecc330-0be9-419f-bddb-5218de926004","Type":"Concept"}],"AdditionalNote":{"NoteLiteral":{"En":"The student is able to analyse AD products and is able to produce a basic AD script for a static artistic product, such as a painting or a sculpture."},"Id":"urn:eciu:note:c33ad75b-45da-ef11-a730-000d3a27c579","Type":"Note"},"Id":"urn:epass:learningOutcome:581cdd4f-45da-ef11-a730-000d3a27c579-2","Type":"LearningOutcome"},{"Title":{"En":"Audiodescribing static and dynamic artistic products"},"RelatedESCOSkill":[{"Notation":"Skill","InScheme":{"Id":"http://data.europa.eu/esco/concept-scheme/skills","Type":"ConceptScheme"},"PrefLabel":{"En":"digital competencies"},"Id":"http://data.europa.eu/esco/skill/aeecc330-0be9-419f-bddb-5218de926004","Type":"Concept"},{"Notation":"Skill","InScheme":{"Id":"http://data.europa.eu/esco/concept-scheme/skills","Type":"ConceptScheme"},"PrefLabel":{"En":"describe artistic experience"},"Id":"http://data.europa.eu/esco/skill/5b1c2df7-93aa-4b7a-ae13-9f84cff79ba4","Type":"Concept"}],"AdditionalNote":{"NoteLiteral":{"En":"The student is able to describe the difference between audiodescribing static and dynamic artistic products."},"Id":"urn:eciu:note:dd3e7d59-45da-ef11-a72f-0022488b6cff","Type":"Note"},"Id":"urn:epass:learningOutcome:581cdd4f-45da-ef11-a730-000d3a27c579-3","Type":"LearningOutcome"}],"LearningSetting":null,"Mode":null,"Title":{"En":"Audio Description of Art"},"DcType":null,"HomePage":null,"VolumeOfLearning":null,"Id":"urn:eciu:qualification:581cdd4f-45da-ef11-a730-000d3a27c579","Type":"Qualification"},"IsPartOf":{"Mode":null,"DcType":null,"Title":{"En":"Audio Description of Art"},"AdmissionsProcedure":null,"ApplicationDeadline":null,"Description":null,"LearningAchievementSpecification":null,"IsPartOf":null,"Temporal":null,"ProvidedBy":null,"LearningActivitySpecification":null,"BannerImage":null,"MoreInformation":[{"NoteLiteral":"ACC.150","Subject":{"InScheme":{"Id":"urn:eciu:note","Type":"ConceptScheme"},"PrefLabel":{"En":"EducationIdentifier"},"Id":"a187d260-4ad5-ed11-a7c7-6045bd886fac","Type":"Concept"}}],"Id":"urn:eciu:learningOpportunity:a187d260-4ad5-ed11-a7c7-6045bd886fac","Type":"LearningOpportunity"},"Temporal":{"EndDate":"2025-01-24T00:00:00Z","Name":{"En":"Temporal"},"StartDate":"2025-07-31T00:00:00Z"},"ProvidedBy":{"Location":null,"Logo":null,"LegalName":{"En":"TAMPEREEN KORKEAKOULUSAATIO SR (TAU)"},"Registration":null,"Homepage":null,"Id":"urn:eciu:org:8f142831-6a54-ed11-bba2-6045bd886566","Type":"Organisation"},"LearningActivitySpecification":{"Mode":null,"DcType":null,"Title":{"En":""},"Description":null,"MoreInformation":[{"NoteLiteral":"This is a nonstoop MOOC (Massive Open Online course). This means the course is fully online and you can take it at your own pace according to your own schedule.  \n  \nThis MOOC is offered by Tampere University on the DigiCampus platform. Once you have your TUNI credentials, log in to DigiCampus by using the choice \u0022Login with HAKA Account\u0022, select \u0022Tampere Universities\u0022and use your tuni.fi account. In DigiCampus, head over the the course \u0022Methods and technologies for accessibility and their evaluation\u0022.\u00A0The enrolment key is \u002220methods21\u0022. From this module, select the course you applied for.  \n  \nLink to DigiCampus: digicampus.fi/?lang=en  \nDirect link to the course: digicampus.fi/course/view.php?id=1193","Subject":{"InScheme":{"Id":"urn:eciu:note","Type":"ConceptScheme"},"PrefLabel":{"En":"ParticipantInformation"},"Id":"581cdd4f-45da-ef11-a730-000d3a27c579","Type":"Concept"}}],"HasPart":null,"Id":"urn:eciu:learningActivitySpec:581cdd4f-45da-ef11-a730-000d3a27c579","Type":"LearningActivitySpecification"},"BannerImage":null,"MoreInformation":[{"NoteLiteral":"","Subject":{"InScheme":{"Id":"urn:eciu:note","Type":"ConceptScheme"},"PrefLabel":{"En":"SourceIdentifier"},"Id":"581cdd4f-45da-ef11-a730-000d3a27c579","Type":"Concept"}},{"NoteLiteral":"Nonstop MOOC on methods and technologies for accessibility","Subject":{"InScheme":{"Id":"urn:eciu:note","Type":"ConceptScheme"},"PrefLabel":{"En":"SubTitle"},"Id":"581cdd4f-45da-ef11-a730-000d3a27c579","Type":"Concept"}},{"NoteLiteral":"This course is part of the larger module \u0022Methods and technologies for accessibility and their evaluation\u0022 which consists of over 25 modules (1 ECT each). If you want to become an expert at creating digitally accessible services, make sure to check them out.","Subject":{"InScheme":{"Id":"urn:eciu:note","Type":"ConceptScheme"},"PrefLabel":{"En":"Introduction"},"Id":"581cdd4f-45da-ef11-a730-000d3a27c579","Type":"Concept"}},{"NoteLiteral":"True","Subject":{"InScheme":{"Id":"urn:eciu:note","Type":"ConceptScheme"},"PrefLabel":{"En":"GenerateMicroCredentials"},"Id":"581cdd4f-45da-ef11-a730-000d3a27c579","Type":"Concept"}},{"NoteLiteral":"This micromodule is open to all ECIU students and there is no specific admissions process, rather all interested students will have the change to take the course.\u00A0However, the course is mainly targeted to master\u0027s level students. Notice that the course is self-paced and you need to reserve time in your timetable for finishing it.","Subject":{"InScheme":{"Id":"urn:eciu:note","Type":"ConceptScheme"},"PrefLabel":{"En":"AdmissionProcessInformation"},"Id":"581cdd4f-45da-ef11-a730-000d3a27c579","Type":"Concept"}},{"NoteLiteral":"True","Subject":{"InScheme":{"Id":"urn:eciu:note","Type":"ConceptScheme"},"PrefLabel":{"En":"SimplifiedAdmissionProcess"},"Id":"581cdd4f-45da-ef11-a730-000d3a27c579","Type":"Concept"}},{"NoteLiteral":"2025-01-24","Subject":{"InScheme":{"Id":"urn:eciu:note","Type":"ConceptScheme"},"PrefLabel":{"En":"ApplicationPeriodStartDate"},"Id":"581cdd4f-45da-ef11-a730-000d3a27c579","Type":"Concept"}},{"NoteLiteral":"100","Subject":{"InScheme":{"Id":"urn:eciu:note","Type":"ConceptScheme"},"PrefLabel":{"En":"MaximumNumberOfSeats"},"Id":"581cdd4f-45da-ef11-a730-000d3a27c579","Type":"Concept"}},{"NoteLiteral":"False","Subject":{"InScheme":{"Id":"urn:eciu:note","Type":"ConceptScheme"},"PrefLabel":{"En":"ECIULMSENabled"},"Id":"581cdd4f-45da-ef11-a730-000d3a27c579","Type":"Concept"}},{"NoteLiteral":"","Subject":{"InScheme":{"Id":"urn:eciu:note","Type":"ConceptScheme"},"PrefLabel":{"En":"LMSUrl"},"Id":"581cdd4f-45da-ef11-a730-000d3a27c579","Type":"Concept"}},{"NoteLiteral":"","Subject":{"InScheme":{"Id":"urn:eciu:note","Type":"ConceptScheme"},"PrefLabel":{"En":"TeamAccessDate"},"Id":"581cdd4f-45da-ef11-a730-000d3a27c579","Type":"Concept"}},{"NoteLiteral":"false","Subject":{"InScheme":{"Id":"urn:eciu:note","Type":"ConceptScheme"},"PrefLabel":{"En":"SelfPaced"},"Id":"581cdd4f-45da-ef11-a730-000d3a27c579","Type":"Concept"}},{"NoteLiteral":"10","Subject":{"InScheme":{"Id":"urn:eciu:note","Type":"ConceptScheme"},"PrefLabel":{"En":"Pace"},"Id":"581cdd4f-45da-ef11-a730-000d3a27c579","Type":"Concept"}},{"NoteLiteral":"Standard","Subject":{"InScheme":{"Id":"urn:eciu:note","Type":"ConceptScheme"},"PrefLabel":{"En":"Scope"},"Id":"581cdd4f-45da-ef11-a730-000d3a27c579","Type":"Concept"}}],"Id":"urn:eciu:learningOpportunity:581cdd4f-45da-ef11-a730-000d3a27c579","Type":"LearningOpportunity"}