{"Mode":{"InScheme":{"Id":"http://data.europa.eu/snb/learning-assessment/25831c2","Type":"ConceptScheme"},"PrefLabel":{"En":"Online"},"Id":"http://data.europa.eu/snb/learning-assessment/920fbb3cbe","Type":"Concept"},"DcType":null,"Title":{"En":"Technology Transfer and Entrepreneurship with a Focus on Technological Innovation"},"AdmissionsProcedure":{"NoteLiteral":{"En":"This module is open to bachelor\u2019s students in their final year or master\u2019s students with an interest in entrepreneurship and innovation. No prior knowledge is needed. Check \u201Cadmission process\u201D for details.\n\nTo apply for the course, please provide a motivation letter (approximately \u00BC to \u00BD page). This should include a brief self-description, information about what you are currently studying, your academic background, and whether you have any prior experience in the subject area. If there are specific topics or aspects of the course that interest you, feel free to mention them as well."},"Id":"urn:eciu:note:1e1a0a2c-cfee-4868-b3a7-05a7246e7e12","Type":"Note"},"ApplicationDeadline":"2025-06-30","Description":{"En":"**Our Challenge**  \nDevelop a startup concept that addresses a specific societal problem, such as waste management, affordable housing or renewable energy. The startup should focus on innovative solutions while integrating key considerations such as technology, business models, and stakeholder engagement.\n\n**Expected Impact**  \nThe solutions proposed by students can serve as actionable ideas for future startups. Additionally, the knowledge imparted in this module equips participants with concrete skills and insights essential for building a startup. This initiative fosters entrepreneurial thinking and problem-solving capabilities, enabling participants to contribute to solving global challenges through innovation."},"LearningAchievementSpecification":{"EQFLevel":{"InScheme":{"Id":"http://data.europa.eu/snb/eqf/25831c2","Type":"ConceptScheme"},"PrefLabel":{"En":"Level 7"},"Id":"http://data.europa.eu/snb/eqf/7","Type":"Concept"},"CreditPoint":{"Framework":{"InScheme":{"Id":"http://data.europa.eu/snb/education-credit/25831c2","Type":"ConceptScheme"},"PrefLabel":{"En":"European Credit Transfer System"},"Id":"http://data.europa.eu/snb/education-credit/6fcec5c5af","Type":"Concept"},"Point":"1,0","Id":"urn:epass:creditPoint:1e1a0a2c-cfee-4868-b3a7-05a7246e7e12","Type":"CreditPoint"},"LearningOutcome":[{"Title":{"En":"Think Innovatively"},"RelatedESCOSkill":[{"Notation":"Skill","InScheme":{"Id":"http://data.europa.eu/esco/concept-scheme/skills","Type":"ConceptScheme"},"PrefLabel":{"En":"think creatively"},"Id":"http://data.europa.eu/esco/skill/c624c6a3-b0ba-4a31-a296-0d433fe47e41","Type":"Concept"},{"Notation":"Skill","InScheme":{"Id":"http://data.europa.eu/esco/concept-scheme/skills","Type":"ConceptScheme"},"PrefLabel":{"En":"think holistically"},"Id":"http://data.europa.eu/esco/skill/d56e2c2f-3e01-4b76-a7bb-ecb6d430172f","Type":"Concept"},{"Notation":"Skill","InScheme":{"Id":"http://data.europa.eu/esco/concept-scheme/skills","Type":"ConceptScheme"},"PrefLabel":{"En":"think innovately"},"Id":"http://data.europa.eu/esco/skill/c2a0c52c-0b4b-4180-a918-92650ea3b458","Type":"Concept"}],"AdditionalNote":{"NoteLiteral":{"En":"By the end of the course learners will be trained how to develop ideas or conclusions that lead to the creation and implementation of innovations or changes."},"Id":"urn:eciu:note:07260c17-0cd7-ef11-a72f-000d3a2e6935","Type":"Note"},"Id":"urn:epass:learningOutcome:1e1a0a2c-cfee-4868-b3a7-05a7246e7e12-1","Type":"LearningOutcome"},{"Title":{"En":"Market Research"},"RelatedESCOSkill":[{"Notation":"Skill","InScheme":{"Id":"http://data.europa.eu/esco/concept-scheme/skills","Type":"ConceptScheme"},"PrefLabel":{"En":"market research analyst"},"Id":"http://data.europa.eu/esco/occupation/66fb9704-0d56-4673-8e69-7823816b73e1","Type":"Concept"}],"AdditionalNote":{"NoteLiteral":{"En":"By the end of the course learners will have an overview and gained first experiences in  processes, techniques and purposes comprised in the first step for developing marketing strategies such as the collection of information about customers and the definition of segments and targets."},"Id":"urn:eciu:note:f762d85e-0cd7-ef11-a72f-000d3a2e6935","Type":"Note"},"Id":"urn:epass:learningOutcome:1e1a0a2c-cfee-4868-b3a7-05a7246e7e12-2","Type":"LearningOutcome"},{"Title":{"En":"Talent Management Strategies"},"RelatedESCOSkill":[],"AdditionalNote":{"NoteLiteral":{"En":"By the end of the course the learners have basic knowledge about how to write a viable plan where the position of a business is described within a specific market and the marketing strategy for the following years and how to aim towards best recruiting and retaining talented employees, improving their skills, and incentivising them to achieve high performance."},"Id":"urn:eciu:note:be041a79-0cd7-ef11-a72f-000d3a2e6935","Type":"Note"},"Id":"urn:epass:learningOutcome:1e1a0a2c-cfee-4868-b3a7-05a7246e7e12-3","Type":"LearningOutcome"},{"Title":{"En":"Draw up Marketing and Sales Plan"},"RelatedESCOSkill":[{"Notation":"Skill","InScheme":{"Id":"http://data.europa.eu/esco/concept-scheme/skills","Type":"ConceptScheme"},"PrefLabel":{"En":"market research analyst"},"Id":"http://data.europa.eu/esco/occupation/66fb9704-0d56-4673-8e69-7823816b73e1","Type":"Concept"},{"Notation":"Skill","InScheme":{"Id":"http://data.europa.eu/esco/concept-scheme/skills","Type":"ConceptScheme"},"PrefLabel":{"En":"draw up marketing and sales plan"},"Id":"http://data.europa.eu/esco/skill/68ad2716-36f4-4445-a437-ebfce0e23430","Type":"Concept"},{"Notation":"Skill","InScheme":{"Id":"http://data.europa.eu/esco/concept-scheme/skills","Type":"ConceptScheme"},"PrefLabel":{"En":"show entrepreneurial spirit"},"Id":"http://data.europa.eu/esco/skill/bdcf429c-5ccf-4c3d-bb61-4c987573a35e","Type":"Concept"}],"AdditionalNote":{"NoteLiteral":{"En":"By the end of the course the learners have basic knowledge about how to write a viable plan where the position of a business is described within a specific market and the marketing strategy for the following years and how to aim towards best recruiting and retaining talented employees, improving their skills, and incentivising them to achieve high performance."},"Id":"urn:eciu:note:9b06a4b2-0cd7-ef11-a72f-000d3a2e6935","Type":"Note"},"Id":"urn:epass:learningOutcome:1e1a0a2c-cfee-4868-b3a7-05a7246e7e12-4","Type":"LearningOutcome"}],"LearningSetting":null,"Mode":null,"Title":{"En":"Technology Transfer and Entrepreneurship with a Focus on Technological Innovation"},"DcType":null,"HomePage":null,"VolumeOfLearning":null,"Id":"urn:eciu:qualification:1e1a0a2c-cfee-4868-b3a7-05a7246e7e12","Type":"Qualification"},"IsPartOf":{"Mode":null,"DcType":null,"Title":{"En":"Technology Transfer and Entrepreneurship with a Focus on Technological Innovation"},"AdmissionsProcedure":null,"ApplicationDeadline":null,"Description":null,"LearningAchievementSpecification":null,"IsPartOf":null,"Temporal":null,"ProvidedBy":null,"LearningActivitySpecification":null,"BannerImage":null,"MoreInformation":null,"Id":"urn:eciu:learningOpportunity:492c94dc-afd4-ef11-a72e-6045bd9f7aba","Type":"LearningOpportunity"},"Temporal":{"EndDate":"2025-07-02T00:00:00Z","Name":{"En":"Temporal"},"StartDate":"2025-07-31T00:00:00Z"},"ProvidedBy":{"Location":null,"Logo":null,"LegalName":{"En":"TECHNISCHE UNIVERSITAT HAMBURG (TUHH"},"Registration":null,"Homepage":null,"Id":"urn:eciu:org:d2f87009-6a54-ed11-bba2-6045bd886566","Type":"Organisation"},"LearningActivitySpecification":{"Mode":null,"DcType":null,"Title":{"En":""},"Description":null,"MoreInformation":[{"NoteLiteral":"**Expectations from Students**\n\n- Collaborate in interdisciplinary teams.\n- Devote an average workload of 3-5 hours/week over 5 weeks.\n- Present a comprehensive business concept at the end of the module.\n- No written assignments are required.\n\nLECTURE\n- July 2\u00A010:00 - 11:30 CEST / 9:00 - 10:30 BST\n\n- July 9 10:00 - 11:30 CEST / 9:00 - 10:30 BST\n\n- July 16\u00A010:00 - 11:30 CEST / 9:00 - 10:30 BST\n\nSEMINAR\n\n- July 10\u00A010:00 am - 11:30 am CEST / 9:00 am - 10:30 am BST\n\n- July 17\u00A010:00 am - 11:30 am CEST / 9:00 am - 10:30 am BST\n\n- July 24\u00A010:00 am - 11:30 am CEST / 9:00 am - 10:30 am BST\n\nFINAL PRESENTATIONS\n\nJuly 31\u00A010:00 - 11:30 CEST / 9:00 - 10:30 BST","Subject":{"InScheme":{"Id":"urn:eciu:note","Type":"ConceptScheme"},"PrefLabel":{"En":"ParticipantInformation"},"Id":"1e1a0a2c-cfee-4868-b3a7-05a7246e7e12","Type":"Concept"}}],"HasPart":null,"Id":"urn:eciu:learningActivitySpec:1e1a0a2c-cfee-4868-b3a7-05a7246e7e12","Type":"LearningActivitySpecification"},"BannerImage":null,"MoreInformation":[{"NoteLiteral":"","Subject":{"InScheme":{"Id":"urn:eciu:note","Type":"ConceptScheme"},"PrefLabel":{"En":"SourceIdentifier"},"Id":"1e1a0a2c-cfee-4868-b3a7-05a7246e7e12","Type":"Concept"}},{"NoteLiteral":"Empowering Startups to Solve Real-World Problems","Subject":{"InScheme":{"Id":"urn:eciu:note","Type":"ConceptScheme"},"PrefLabel":{"En":"SubTitle"},"Id":"1e1a0a2c-cfee-4868-b3a7-05a7246e7e12","Type":"Concept"}},{"NoteLiteral":"Startups are a key driving force in addressing societal and environmental challenges. However, building and scaling a successful startup requires more than innovative ideas \u2014 it demands a deep understanding of market needs, technological feasibility, and stakeholder alignment.\nThis module introduces methods for effective idea development and critical reflection, approaches to market analysis, market potential assessment, and competitor analysis. We will discuss several business models and growth strategies, and their implications for monetization and scalability. The module also covers fundamentals of sales and marketing, talent acquisition, employee incentivization and equity participation, securing venture capital, fostering company culture, operations and management, business plan development, legal foundations, and liability issues.","Subject":{"InScheme":{"Id":"urn:eciu:note","Type":"ConceptScheme"},"PrefLabel":{"En":"Introduction"},"Id":"1e1a0a2c-cfee-4868-b3a7-05a7246e7e12","Type":"Concept"}},{"NoteLiteral":"True","Subject":{"InScheme":{"Id":"urn:eciu:note","Type":"ConceptScheme"},"PrefLabel":{"En":"GenerateMicroCredentials"},"Id":"1e1a0a2c-cfee-4868-b3a7-05a7246e7e12","Type":"Concept"}},{"NoteLiteral":"This mini-module is open to bachelor\u2019s students in their final year or master\u2019s students with an interest in materials science, electronics, or device engineering. No prior knowledge is required.\n\nTo apply for the course, please provide a brief self-description (approximately \u00BC to \u00BD page). This should include information about what you are currently studying, your academic background, and whether you have any prior experience in the subject area. If there are specific topics or aspects of the course that interest you, feel free to mention them as well.","Subject":{"InScheme":{"Id":"urn:eciu:note","Type":"ConceptScheme"},"PrefLabel":{"En":"AdmissionProcessInformation"},"Id":"1e1a0a2c-cfee-4868-b3a7-05a7246e7e12","Type":"Concept"}},{"NoteLiteral":"False","Subject":{"InScheme":{"Id":"urn:eciu:note","Type":"ConceptScheme"},"PrefLabel":{"En":"SimplifiedAdmissionProcess"},"Id":"1e1a0a2c-cfee-4868-b3a7-05a7246e7e12","Type":"Concept"}},{"NoteLiteral":"2025-02-13","Subject":{"InScheme":{"Id":"urn:eciu:note","Type":"ConceptScheme"},"PrefLabel":{"En":"ApplicationPeriodStartDate"},"Id":"1e1a0a2c-cfee-4868-b3a7-05a7246e7e12","Type":"Concept"}},{"NoteLiteral":"20","Subject":{"InScheme":{"Id":"urn:eciu:note","Type":"ConceptScheme"},"PrefLabel":{"En":"MaximumNumberOfSeats"},"Id":"1e1a0a2c-cfee-4868-b3a7-05a7246e7e12","Type":"Concept"}},{"NoteLiteral":"False","Subject":{"InScheme":{"Id":"urn:eciu:note","Type":"ConceptScheme"},"PrefLabel":{"En":"ECIULMSENabled"},"Id":"1e1a0a2c-cfee-4868-b3a7-05a7246e7e12","Type":"Concept"}},{"NoteLiteral":"","Subject":{"InScheme":{"Id":"urn:eciu:note","Type":"ConceptScheme"},"PrefLabel":{"En":"LMSUrl"},"Id":"1e1a0a2c-cfee-4868-b3a7-05a7246e7e12","Type":"Concept"}},{"NoteLiteral":"","Subject":{"InScheme":{"Id":"urn:eciu:note","Type":"ConceptScheme"},"PrefLabel":{"En":"TeamAccessDate"},"Id":"1e1a0a2c-cfee-4868-b3a7-05a7246e7e12","Type":"Concept"}},{"NoteLiteral":"false","Subject":{"InScheme":{"Id":"urn:eciu:note","Type":"ConceptScheme"},"PrefLabel":{"En":"SelfPaced"},"Id":"1e1a0a2c-cfee-4868-b3a7-05a7246e7e12","Type":"Concept"}},{"NoteLiteral":"15","Subject":{"InScheme":{"Id":"urn:eciu:note","Type":"ConceptScheme"},"PrefLabel":{"En":"Pace"},"Id":"1e1a0a2c-cfee-4868-b3a7-05a7246e7e12","Type":"Concept"}},{"NoteLiteral":"Standard","Subject":{"InScheme":{"Id":"urn:eciu:note","Type":"ConceptScheme"},"PrefLabel":{"En":"Scope"},"Id":"1e1a0a2c-cfee-4868-b3a7-05a7246e7e12","Type":"Concept"}}],"Id":"urn:eciu:learningOpportunity:1e1a0a2c-cfee-4868-b3a7-05a7246e7e12","Type":"LearningOpportunity"}