{"Mode":{"InScheme":{"Id":"http://data.europa.eu/snb/learning-assessment/25831c2","Type":"ConceptScheme"},"PrefLabel":{"En":"Online"},"Id":"http://data.europa.eu/snb/learning-assessment/920fbb3cbe","Type":"Concept"},"DcType":null,"Title":{"En":"Sustainable Business and Cultural Diversity"},"AdmissionsProcedure":null,"ApplicationDeadline":"2024-08-16","Description":{"En":"This informative course will take you through the main themes and concepts of ethics within a business context. You\u2019ll reflect on the relationship between a business and wider society. You\u2019ll explore different ways of dealing with cultural diversity and conclude with an essential look at sustainability. You\u2019ll learn about the UN Global Compact and the UN Sustainable Development Goals and how they relate to business\n\n- In this course, will examine the different theories on the relationship between business and society.\n- We will explore the areas of cultural diversity and sustainability and how they relate to\u00A0 business.\n- Upon completion of this course you will be able to\u00A0 reflect on the relationship between business and society. Describe what is cultural diversity and its relevance for business ethics and explain what the Sustainable Development Goals are and why they are important for business."},"LearningAchievementSpecification":{"EQFLevel":{"InScheme":{"Id":"http://data.europa.eu/snb/eqf/25831c2","Type":"ConceptScheme"},"PrefLabel":{"En":"Level 7"},"Id":"http://data.europa.eu/snb/eqf/7","Type":"Concept"},"CreditPoint":null,"LearningOutcome":[{"Title":{"En":"L03"},"RelatedESCOSkill":[{"Notation":"Skill","InScheme":{"Id":"http://data.europa.eu/esco/concept-scheme/skills","Type":"ConceptScheme"},"PrefLabel":{"En":"listen actively"},"Id":"http://data.europa.eu/esco/skill/a17286c5-238d-4f0b-bc24-29e9121345de","Type":"Concept"}],"AdditionalNote":{"NoteLiteral":{"En":"By the end of the course, you will be able to explain what the Sustainable Development Goals are and why they are important for business."},"Id":"urn:eciu:note:f036e6aa-1511-ef11-9f89-000d3a4b6aad","Type":"Note"},"Id":"urn:epass:learningOutcome:e5383036-c322-42b4-9a74-b0639b94a97e-1","Type":"LearningOutcome"},{"Title":{"En":"L01"},"RelatedESCOSkill":[{"Notation":"Skill","InScheme":{"Id":"http://data.europa.eu/esco/concept-scheme/skills","Type":"ConceptScheme"},"PrefLabel":{"En":"social entrepreneur"},"Id":"http://data.europa.eu/esco/occupation/73b10c97-b003-45dc-a36d-c1d585c04be1","Type":"Concept"}],"AdditionalNote":{"NoteLiteral":{"En":"By the end of the course, you will be able to reflect on the relationship between business and society"},"Id":"urn:eciu:note:353cfcc0-1411-ef11-9f89-0022488b0cca","Type":"Note"},"Id":"urn:epass:learningOutcome:e5383036-c322-42b4-9a74-b0639b94a97e-2","Type":"LearningOutcome"},{"Title":{"En":"L02"},"RelatedESCOSkill":[{"Notation":"Skill","InScheme":{"Id":"http://data.europa.eu/esco/concept-scheme/skills","Type":"ConceptScheme"},"PrefLabel":{"En":"respect the diversity of cultural values and norms"},"Id":"http://data.europa.eu/esco/skill/5ca953f7-541d-4f67-bc55-7721348366cf","Type":"Concept"},{"Notation":"Skill","InScheme":{"Id":"http://data.europa.eu/esco/concept-scheme/skills","Type":"ConceptScheme"},"PrefLabel":{"En":"demonstrate intercultural competence"},"Id":"http://data.europa.eu/esco/skill/c10d5d87-36cf-42f5-8a12-e560fb5f4af8","Type":"Concept"}],"AdditionalNote":{"NoteLiteral":{"En":"By the end of the course, you will be able to describe what is cultural diversity and its relevance for business ethics."},"Id":"urn:eciu:note:30a5970b-1511-ef11-9f89-0022488b0cca","Type":"Note"},"Id":"urn:epass:learningOutcome:e5383036-c322-42b4-9a74-b0639b94a97e-3","Type":"LearningOutcome"}],"LearningSetting":null,"Mode":null,"Title":{"En":"Sustainable Business and Cultural Diversity"},"DcType":null,"HomePage":null,"VolumeOfLearning":"PT4H","Id":"urn:eciu:qualification:e5383036-c322-42b4-9a74-b0639b94a97e","Type":"Qualification"},"IsPartOf":{"Mode":null,"DcType":null,"Title":{"En":"Sustainable Business and Cultural Diversity"},"AdmissionsProcedure":null,"ApplicationDeadline":null,"Description":null,"LearningAchievementSpecification":null,"IsPartOf":null,"Temporal":null,"ProvidedBy":null,"LearningActivitySpecification":null,"BannerImage":null,"MoreInformation":null,"Id":"urn:eciu:learningOpportunity:34163be5-1311-ef11-9f89-0022488b0cca","Type":"LearningOpportunity"},"Temporal":{"EndDate":"2024-05-20T00:00:00Z","Name":{"En":"Temporal"},"StartDate":"2024-08-30T00:00:00Z"},"ProvidedBy":{"Location":null,"Logo":null,"LegalName":{"En":"DUBLIN CITY UNIVERSITY (DCU)"},"Registration":null,"Homepage":null,"Id":"urn:eciu:org:ee9c51fc-6954-ed11-bba2-6045bd886566","Type":"Organisation"},"LearningActivitySpecification":{"Mode":null,"DcType":null,"Title":{"En":""},"Description":null,"MoreInformation":[{"NoteLiteral":"- The course will become **accessible as of the 20th of May 2024**.\n- You can already register for it by clicking **this link:\u00A0[https://www.futurelearn.com/invitations/dcu/sustainable-business-and-cultural-diversity/hxi62bt88tfjo1e2aj6feeqnfh8ed2m](https://www.futurelearn.com/invitations/dcu/sustainable-business-and-cultural-diversity/hxi62bt88tfjo1e2aj6feeqnfh8ed2m)**\n- On clicking the link, you will be prompted to **set up an account with the FutureLearn**, which will be your Learning Environment for this course.\n- To gain access to the course in FutureLearn, **please use your Tampere City email address** when opening the account.\n- The course is asynchronous and provides you with the opportunity to comment on course content etc. with your peers during the course.","Subject":{"InScheme":{"Id":"urn:eciu:note","Type":"ConceptScheme"},"PrefLabel":{"En":"ParticipantInformation"},"Id":"e5383036-c322-42b4-9a74-b0639b94a97e","Type":"Concept"}}],"HasPart":null,"Id":"urn:eciu:learningActivitySpec:e5383036-c322-42b4-9a74-b0639b94a97e","Type":"LearningActivitySpecification"},"BannerImage":null,"MoreInformation":[{"NoteLiteral":"","Subject":{"InScheme":{"Id":"urn:eciu:note","Type":"ConceptScheme"},"PrefLabel":{"En":"SourceIdentifier"},"Id":"e5383036-c322-42b4-9a74-b0639b94a97e","Type":"Concept"}},{"NoteLiteral":"Identify the role that business ethics plays within a working environment with Dublin City University.","Subject":{"InScheme":{"Id":"urn:eciu:note","Type":"ConceptScheme"},"PrefLabel":{"En":"SubTitle"},"Id":"e5383036-c322-42b4-9a74-b0639b94a97e","Type":"Concept"}},{"NoteLiteral":"This informative course will take you through the main themes and concepts of ethics within a business context. You\u2019ll reflect on the relationship between a business and wider society. You\u2019ll explore different ways of dealing with cultural diversity and conclude with an essential look at sustainability. You\u2019ll learn about the UN Global Compact and the UN Sustainable Development Goals and how they relate to business.","Subject":{"InScheme":{"Id":"urn:eciu:note","Type":"ConceptScheme"},"PrefLabel":{"En":"Introduction"},"Id":"e5383036-c322-42b4-9a74-b0639b94a97e","Type":"Concept"}},{"NoteLiteral":"True","Subject":{"InScheme":{"Id":"urn:eciu:note","Type":"ConceptScheme"},"PrefLabel":{"En":"GenerateMicroCredentials"},"Id":"e5383036-c322-42b4-9a74-b0639b94a97e","Type":"Concept"}},{"NoteLiteral":"","Subject":{"InScheme":{"Id":"urn:eciu:note","Type":"ConceptScheme"},"PrefLabel":{"En":"AdmissionProcessInformation"},"Id":"e5383036-c322-42b4-9a74-b0639b94a97e","Type":"Concept"}},{"NoteLiteral":"True","Subject":{"InScheme":{"Id":"urn:eciu:note","Type":"ConceptScheme"},"PrefLabel":{"En":"SimplifiedAdmissionProcess"},"Id":"e5383036-c322-42b4-9a74-b0639b94a97e","Type":"Concept"}},{"NoteLiteral":"2024-05-13","Subject":{"InScheme":{"Id":"urn:eciu:note","Type":"ConceptScheme"},"PrefLabel":{"En":"ApplicationPeriodStartDate"},"Id":"e5383036-c322-42b4-9a74-b0639b94a97e","Type":"Concept"}},{"NoteLiteral":"30","Subject":{"InScheme":{"Id":"urn:eciu:note","Type":"ConceptScheme"},"PrefLabel":{"En":"MaximumNumberOfSeats"},"Id":"e5383036-c322-42b4-9a74-b0639b94a97e","Type":"Concept"}},{"NoteLiteral":"False","Subject":{"InScheme":{"Id":"urn:eciu:note","Type":"ConceptScheme"},"PrefLabel":{"En":"ECIULMSENabled"},"Id":"e5383036-c322-42b4-9a74-b0639b94a97e","Type":"Concept"}},{"NoteLiteral":"https://www.futurelearn.com/invitations/dcu/sustainable-business-and-cultural-diversity/hxi62bt88tfjo1e2aj6feeqnfh8ed2m","Subject":{"InScheme":{"Id":"urn:eciu:note","Type":"ConceptScheme"},"PrefLabel":{"En":"LMSUrl"},"Id":"e5383036-c322-42b4-9a74-b0639b94a97e","Type":"Concept"}},{"NoteLiteral":"","Subject":{"InScheme":{"Id":"urn:eciu:note","Type":"ConceptScheme"},"PrefLabel":{"En":"TeamAccessDate"},"Id":"e5383036-c322-42b4-9a74-b0639b94a97e","Type":"Concept"}},{"NoteLiteral":"false","Subject":{"InScheme":{"Id":"urn:eciu:note","Type":"ConceptScheme"},"PrefLabel":{"En":"SelfPaced"},"Id":"e5383036-c322-42b4-9a74-b0639b94a97e","Type":"Concept"}},{"NoteLiteral":"25","Subject":{"InScheme":{"Id":"urn:eciu:note","Type":"ConceptScheme"},"PrefLabel":{"En":"Pace"},"Id":"e5383036-c322-42b4-9a74-b0639b94a97e","Type":"Concept"}},{"NoteLiteral":"Standard","Subject":{"InScheme":{"Id":"urn:eciu:note","Type":"ConceptScheme"},"PrefLabel":{"En":"Scope"},"Id":"e5383036-c322-42b4-9a74-b0639b94a97e","Type":"Concept"}}],"Id":"urn:eciu:learningOpportunity:e5383036-c322-42b4-9a74-b0639b94a97e","Type":"LearningOpportunity"}