{"Mode":{"InScheme":{"Id":"http://data.europa.eu/snb/learning-assessment/25831c2","Type":"ConceptScheme"},"PrefLabel":{"En":"Online"},"Id":"http://data.europa.eu/snb/learning-assessment/920fbb3cbe","Type":"Concept"},"DcType":null,"Title":{"En":"AI for Business"},"AdmissionsProcedure":{"NoteLiteral":{"En":"Entry requirements: \n\u2022\tStudent at any of the universities of the ECIU;\n\u2022\tB2 level of English language proficiency.\nApplicants need to attach a copy of ID card / passport (document issued by the country of origin) to enrol in the KTU virtual learning environment. This does not apply to KTU students (if you are a KTU student, you may attach a blank page).\nStudents, who are admitted and accepted the offered place in the micro-module, will be informed by email on the steps to take in order to gain access to the KTU virtual learning environment. Students will receive an email from the teacher of the micro-module on the first day of the start of module.\nStudents who have dropped out from the KTU micro-module(s) in the autumn 2024 are not eligible to enrol in the KTU micro-module(s) in the spring 2025."},"Id":"urn:eciu:note:ab3f04e7-48bc-ef11-b8e8-6045bd8e221f","Type":"Note"},"ApplicationDeadline":"2025-02-23","Description":{"En":"In today\u0027s landscape, a substantial adoption of high-value Artificial Intelligence (AI) use cases is reshaping the ways businesses operate. While some professionals excel as leaders or managers despite lacking technical expertise, others possess formidable technical abilities but lack a deeper understanding of the business context. It is within this juncture that this distance learning micro-module becomes invaluable.\n\nDesigned to bridge the gap between business acumen and technical proficiency, this micro-module is designed for Bachelor and Master students aiming to enhance their expertise in AI applications in business. The micro-module aims to develop competences necessary to leverage AI techniques proficiently, equipping learners with a comprehensive understanding of AI\u0027s practical applications and use cases in business.\n\nThe learning outcomes encompass the ability to discern appropriate AI techniques, spanning computer vision, deep neural networks, generative models, machine learning, and more, all tailored to specific business objectives and diverse conditions across human resources, finance, marketing, operations, and inventory management. Learners will also showcase ethical and robust handling of AI\u0027s impact on business practices.\n\nBeyond theoretical knowledge, the micromodule places a strong emphasis on hands-on projects, enabling learners to master essential tools for AI project management, AI-powered financial planning, intelligent process automation, and AI-powered content generation. The micro-module provides interactive, hands-on learning that will make learners not just learn but truly understand and master the subject.\n\nWhile this micro-module may not be the perfect fit for individuals already well-versed in AI applications in business, for those seeking to enhance their AI skills and integrate them into diverse business domains, this micro-module provides a unique opportunity for both career growth and educational advancement. Upon completion, learners will emerge with a nuanced understanding of AI and the practical skills necessary to navigate its integration within various business contexts."},"LearningAchievementSpecification":{"EQFLevel":{"InScheme":{"Id":"http://data.europa.eu/snb/eqf/25831c2","Type":"ConceptScheme"},"PrefLabel":{"En":"Level 7"},"Id":"http://data.europa.eu/snb/eqf/7","Type":"Concept"},"CreditPoint":{"Framework":{"InScheme":{"Id":"http://data.europa.eu/snb/education-credit/25831c2","Type":"ConceptScheme"},"PrefLabel":{"En":"European Credit Transfer System"},"Id":"http://data.europa.eu/snb/education-credit/6fcec5c5af","Type":"Concept"},"Point":"2,0","Id":"urn:epass:creditPoint:ab3f04e7-48bc-ef11-b8e8-6045bd8e221f","Type":"CreditPoint"},"LearningOutcome":[{"Title":{"En":"Comprehensive Understanding of AI for Key Business Functions"},"RelatedESCOSkill":[{"Notation":"Skill","InScheme":{"Id":"http://data.europa.eu/esco/concept-scheme/skills","Type":"ConceptScheme"},"PrefLabel":{"En":"demonstrate willingness to learn"},"Id":"http://data.europa.eu/esco/skill/A1.8.0","Type":"Concept"},{"Notation":"Skill","InScheme":{"Id":"http://data.europa.eu/esco/concept-scheme/skills","Type":"ConceptScheme"},"PrefLabel":{"En":"evaluate data, information and digital content"},"Id":"http://data.europa.eu/esco/skill/1d6c7de4-350e-4868-a47b-333b4b0d9650","Type":"Concept"}],"AdditionalNote":{"NoteLiteral":{"En":"Gain a solid understanding of AI, its applications and use cases across human resource, finance, marketing, operations, and inventory management."},"Id":"urn:eciu:note:c83f04e7-48bc-ef11-b8e8-6045bd8e221f","Type":"Note"},"Id":"urn:epass:learningOutcome:ab3f04e7-48bc-ef11-b8e8-6045bd8e221f-1","Type":"LearningOutcome"},{"Title":{"En":"Command of Ethical and Secure Framework Integration in AI Projects"},"RelatedESCOSkill":[{"Notation":"Skill","InScheme":{"Id":"http://data.europa.eu/esco/concept-scheme/skills","Type":"ConceptScheme"},"PrefLabel":{"En":"promote inclusion in organisations"},"Id":"http://data.europa.eu/esco/skill/117df904-d348-4f14-bc92-feaaccba4ece","Type":"Concept"},{"Notation":"Skill","InScheme":{"Id":"http://data.europa.eu/esco/concept-scheme/skills","Type":"ConceptScheme"},"PrefLabel":{"En":"set inclusion policies"},"Id":"http://data.europa.eu/esco/skill/7ab41e7d-6f5c-49f7-858d-e6cb3070e9eb","Type":"Concept"},{"Notation":"Skill","InScheme":{"Id":"http://data.europa.eu/esco/concept-scheme/skills","Type":"ConceptScheme"},"PrefLabel":{"En":"solve problems"},"Id":"http://data.europa.eu/esco/skill/adc6dc11-3376-467b-96c5-9b0a21edc869","Type":"Concept"}],"AdditionalNote":{"NoteLiteral":{"En":"Integrate ethical and secure frameworks into AI project planning and decision-making processes to create explainable, responsible, and sustainable AI solutions."},"Id":"urn:eciu:note:778bedf3-48bc-ef11-b8e8-6045bd9640df","Type":"Note"},"Id":"urn:epass:learningOutcome:ab3f04e7-48bc-ef11-b8e8-6045bd8e221f-2","Type":"LearningOutcome"},{"Title":{"En":"Practical Proficiency in AI Techniques for Targeted Business Applications"},"RelatedESCOSkill":[{"Notation":"Skill","InScheme":{"Id":"http://data.europa.eu/esco/concept-scheme/skills","Type":"ConceptScheme"},"PrefLabel":{"En":"think holistically"},"Id":"http://data.europa.eu/esco/skill/d56e2c2f-3e01-4b76-a7bb-ecb6d430172f","Type":"Concept"},{"Notation":"Skill","InScheme":{"Id":"http://data.europa.eu/esco/concept-scheme/skills","Type":"ConceptScheme"},"PrefLabel":{"En":"think creatively"},"Id":"http://data.europa.eu/esco/skill/c624c6a3-b0ba-4a31-a296-0d433fe47e41","Type":"Concept"},{"Notation":"Skill","InScheme":{"Id":"http://data.europa.eu/esco/concept-scheme/skills","Type":"ConceptScheme"},"PrefLabel":{"En":"business knowledge"},"Id":"http://data.europa.eu/esco/skill/fcb2b5f4-3a64-42f2-987a-073bea986104","Type":"Concept"},{"Notation":"Skill","InScheme":{"Id":"http://data.europa.eu/esco/concept-scheme/skills","Type":"ConceptScheme"},"PrefLabel":{"En":"use IT tools"},"Id":"http://data.europa.eu/esco/skill/f632251a-4078-4546-b19f-7ef528d08325","Type":"Concept"}],"AdditionalNote":{"NoteLiteral":{"En":"Develop the skills necessary to discern AI techniques, including but not limited to computer vision, deep neural networks, machine learning, large language models, and more, for precise business objectives. "},"Id":"urn:eciu:note:853801eb-48bc-ef11-b8e8-6045bd97c7c0","Type":"Note"},"Id":"urn:epass:learningOutcome:ab3f04e7-48bc-ef11-b8e8-6045bd8e221f-3","Type":"LearningOutcome"}],"LearningSetting":null,"Mode":null,"Title":{"En":"AI for Business"},"DcType":null,"HomePage":null,"VolumeOfLearning":null,"Id":"urn:eciu:qualification:ab3f04e7-48bc-ef11-b8e8-6045bd8e221f","Type":"Qualification"},"IsPartOf":{"Mode":null,"DcType":null,"Title":{"En":"AI for Business"},"AdmissionsProcedure":null,"ApplicationDeadline":null,"Description":null,"LearningAchievementSpecification":null,"IsPartOf":null,"Temporal":null,"ProvidedBy":null,"LearningActivitySpecification":null,"BannerImage":null,"MoreInformation":null,"Id":"urn:eciu:learningOpportunity:24858fa9-211d-ef11-840a-000d3a2a7e23","Type":"LearningOpportunity"},"Temporal":{"EndDate":"2025-04-28T00:00:00Z","Name":{"En":"Temporal"},"StartDate":"2025-06-09T00:00:00Z"},"ProvidedBy":{"Location":null,"Logo":null,"LegalName":{"En":"KAUNO TECHNOLOGIJOS UNIVERSITETAS (KTU)"},"Registration":null,"Homepage":null,"Id":"urn:eciu:org:4cc1e316-6a54-ed11-bba2-6045bd886566","Type":"Organisation"},"LearningActivitySpecification":{"Mode":null,"DcType":null,"Title":{"En":""},"Description":{"En":"[https://uais.cr.ktu.lt/ktuis/stp_report_ects.mdl_ml?p_kodas=MM00M126\u0026p_year=2024\u0026p_lang=EN\u0026p_stp_id=](https://uais.cr.ktu.lt/ktuis/stp_report_ects.mdl_ml?p_kodas=MM00M126\u0026amp;p_year=2024\u0026amp;p_lang=EN\u0026amp;p_stp_id=)"},"MoreInformation":[{"NoteLiteral":"To pass the micro-module, you must achieve a score of 50% or higher for each graded activity. The highest possible grade is 100%. When you complete all the required micro-module activities, you will earn a final grade.\n\nThe following weekly activities are weighted out of 100% of the micro-module:\n\n- 10 % Discussion forum participation\n\n- 30 % Mini projects\n\n- 30 % Micro-module-integrated short activities\n\n- 30 % Tests\n\nThe final grade for the micro-module will be calculated as a weighted average of the average grade of each type of activity.\n\nThe learning activities and resources implemented in the micro-module are crafted to facilitate the attainment of anticipated learning outcomes, enabling the acquisition of new knowledge and the development of expected skills and competences. Within this micro-module, you will discover a variety of learning activities and resources.\n\nVideo Lectures / Interactive E-books / Mini Projects / Guided Tutorials / Peer Assessment / Case Studies / Interactive Videos / Online Games / Matching Cards / Crosswords / Drag \u0026 Drop / Readings / Discussion Forums / Tests / Feedback / Etc.\n\nThese interactive components collectively aim to reinforce learners\u0027 understanding of key concepts, providing a comprehensive and enriching learning experience. Several activities are developed and supported by such acknowledged institutions as Massachusetts Institute of Technology, the UK National Crime Agency, and Queen Mary University of London with support from EPSRC and Google.\n\n[Syllabus of the micro-module](https://uais.cr.ktu.lt/ktuis/stp_report_ects.mdl_ml?p_kodas=MM00M126\u0026amp;p_year=2024\u0026amp;p_lang=EN\u0026amp;p_stp_id=)\n\nThe micro-module will be delivered in the KTU virtual learning environment. When a student is enrolled in KTU, s/he will be informed by email on how to gain access to the micro-module.  \n\nAfter the successful completion of the micro-module:\n\n- In two weeks, a student will receive an email with the link to download the ECIU University micro-credential.\n- In mid-June 2025, a student from other university than KTU will receive an email with the KTU Transcript of Records that might be presented for recognition of learning outcomes at the home university.","Subject":{"InScheme":{"Id":"urn:eciu:note","Type":"ConceptScheme"},"PrefLabel":{"En":"ParticipantInformation"},"Id":"ab3f04e7-48bc-ef11-b8e8-6045bd8e221f","Type":"Concept"}}],"HasPart":null,"Id":"urn:eciu:learningActivitySpec:ab3f04e7-48bc-ef11-b8e8-6045bd8e221f","Type":"LearningActivitySpecification"},"BannerImage":null,"MoreInformation":[{"NoteLiteral":"MM00M126","Subject":{"InScheme":{"Id":"urn:eciu:note","Type":"ConceptScheme"},"PrefLabel":{"En":"SourceIdentifier"},"Id":"ab3f04e7-48bc-ef11-b8e8-6045bd8e221f","Type":"Concept"}},{"NoteLiteral":"Bridge the gap between business acumen and technical proficiency","Subject":{"InScheme":{"Id":"urn:eciu:note","Type":"ConceptScheme"},"PrefLabel":{"En":"SubTitle"},"Id":"ab3f04e7-48bc-ef11-b8e8-6045bd8e221f","Type":"Concept"}},{"NoteLiteral":"AI for Business takes learners on a journey at the intersection of business acumen and cutting-edge technology. This micro-module aims to develop competences necessary to leverage AI techniques proficiently, equipping learners with a comprehensive understanding of AI\u0027s practical applications and use cases in business. Elevate your expertise, embrace AI\u0027s potential, and position yourself at the forefront of business innovation with the AI for Business micro-module.","Subject":{"InScheme":{"Id":"urn:eciu:note","Type":"ConceptScheme"},"PrefLabel":{"En":"Introduction"},"Id":"ab3f04e7-48bc-ef11-b8e8-6045bd8e221f","Type":"Concept"}},{"NoteLiteral":"True","Subject":{"InScheme":{"Id":"urn:eciu:note","Type":"ConceptScheme"},"PrefLabel":{"En":"GenerateMicroCredentials"},"Id":"ab3f04e7-48bc-ef11-b8e8-6045bd8e221f","Type":"Concept"}},{"NoteLiteral":"Entry requirements:\n\n- Student at any of the universities of the ECIU;\n- B2 level of English language proficiency.\n\nApplicants need to attach a copy of ID card / passport (document issued by the country of origin) to enrol in the KTU virtual learning environment. This does not apply to KTU students (if you are a KTU student, you may attach a blank page).\n\nStudents, who are admitted and accepted the offered place in the micro-module, will be informed by email on the steps to take in order to gain access to the KTU virtual learning environment. Students will receive an email from the teacher of the micro-module on the first day of the start of module.  \n\nStudents who have dropped out from the KTU micro-module(s) in the autumn 2024 are not eligible to enrol in the KTU micro-module(s) in the spring 2025.","Subject":{"InScheme":{"Id":"urn:eciu:note","Type":"ConceptScheme"},"PrefLabel":{"En":"AdmissionProcessInformation"},"Id":"ab3f04e7-48bc-ef11-b8e8-6045bd8e221f","Type":"Concept"}},{"NoteLiteral":"False","Subject":{"InScheme":{"Id":"urn:eciu:note","Type":"ConceptScheme"},"PrefLabel":{"En":"SimplifiedAdmissionProcess"},"Id":"ab3f04e7-48bc-ef11-b8e8-6045bd8e221f","Type":"Concept"}},{"NoteLiteral":"2024-12-23","Subject":{"InScheme":{"Id":"urn:eciu:note","Type":"ConceptScheme"},"PrefLabel":{"En":"ApplicationPeriodStartDate"},"Id":"ab3f04e7-48bc-ef11-b8e8-6045bd8e221f","Type":"Concept"}},{"NoteLiteral":"30","Subject":{"InScheme":{"Id":"urn:eciu:note","Type":"ConceptScheme"},"PrefLabel":{"En":"MaximumNumberOfSeats"},"Id":"ab3f04e7-48bc-ef11-b8e8-6045bd8e221f","Type":"Concept"}},{"NoteLiteral":"False","Subject":{"InScheme":{"Id":"urn:eciu:note","Type":"ConceptScheme"},"PrefLabel":{"En":"ECIULMSENabled"},"Id":"ab3f04e7-48bc-ef11-b8e8-6045bd8e221f","Type":"Concept"}},{"NoteLiteral":"","Subject":{"InScheme":{"Id":"urn:eciu:note","Type":"ConceptScheme"},"PrefLabel":{"En":"LMSUrl"},"Id":"ab3f04e7-48bc-ef11-b8e8-6045bd8e221f","Type":"Concept"}},{"NoteLiteral":"","Subject":{"InScheme":{"Id":"urn:eciu:note","Type":"ConceptScheme"},"PrefLabel":{"En":"TeamAccessDate"},"Id":"ab3f04e7-48bc-ef11-b8e8-6045bd8e221f","Type":"Concept"}},{"NoteLiteral":"false","Subject":{"InScheme":{"Id":"urn:eciu:note","Type":"ConceptScheme"},"PrefLabel":{"En":"SelfPaced"},"Id":"ab3f04e7-48bc-ef11-b8e8-6045bd8e221f","Type":"Concept"}},{"NoteLiteral":"20","Subject":{"InScheme":{"Id":"urn:eciu:note","Type":"ConceptScheme"},"PrefLabel":{"En":"Pace"},"Id":"ab3f04e7-48bc-ef11-b8e8-6045bd8e221f","Type":"Concept"}},{"NoteLiteral":"Standard","Subject":{"InScheme":{"Id":"urn:eciu:note","Type":"ConceptScheme"},"PrefLabel":{"En":"Scope"},"Id":"ab3f04e7-48bc-ef11-b8e8-6045bd8e221f","Type":"Concept"}}],"Id":"urn:eciu:learningOpportunity:ab3f04e7-48bc-ef11-b8e8-6045bd8e221f","Type":"LearningOpportunity"}