{"Mode":{"InScheme":{"Id":"http://data.europa.eu/snb/learning-assessment/25831c2","Type":"ConceptScheme"},"PrefLabel":{"En":"Online"},"Id":"http://data.europa.eu/snb/learning-assessment/920fbb3cbe","Type":"Concept"},"DcType":null,"Title":{"En":"Quantum Communication and Computing"},"AdmissionsProcedure":null,"ApplicationDeadline":"2025-01-17","Description":{"En":"This module is structured in two main parts, covering two important aspects of quantum computing: communication and computation.\n\nThe communication part focuses on a secure quantum communication protocol, BB84. You\u0027ll be asked to understand and implement this protocol, and even to experiment with an actual demonstrator. The computation part introduces all the basic building blocks of computation, focusing on the Grover search algorithm. This search algorithm makes an explicit link with classical computing while demonstrating the advantages of quantum computers.\n\nBy the end of this module, you will have acquired a basic knowledge of quantum computing and communication that we hope will motivate you to take the next step into this dynamic field of computer science."},"LearningAchievementSpecification":{"EQFLevel":{"InScheme":{"Id":"http://data.europa.eu/snb/eqf/25831c2","Type":"ConceptScheme"},"PrefLabel":{"En":"Level 3"},"Id":"http://data.europa.eu/snb/eqf/3","Type":"Concept"},"CreditPoint":{"Framework":{"InScheme":{"Id":"http://data.europa.eu/snb/education-credit/25831c2","Type":"ConceptScheme"},"PrefLabel":{"En":"European Credit Transfer System"},"Id":"http://data.europa.eu/snb/education-credit/6fcec5c5af","Type":"Concept"},"Point":"2,0","Id":"urn:epass:creditPoint:96b0f8a9-d98f-42df-8914-7f9823f2fa96","Type":"CreditPoint"},"LearningOutcome":[{"Title":{"En":"Understand main quantum communication protocols."},"RelatedESCOSkill":[{"Notation":"Skill","InScheme":{"Id":"http://data.europa.eu/esco/concept-scheme/skills","Type":"ConceptScheme"},"PrefLabel":{"En":"telecommunications engineering technician"},"Id":"http://data.europa.eu/esco/occupation/d84bf1d7-ef99-40c4-a407-3791d6531b44","Type":"Concept"}],"AdditionalNote":{"NoteLiteral":{"En":"Explain protocols relevant to quantum communication as well as their importance."},"Id":"urn:eciu:note:b2a67ad7-5f34-ef11-8409-000d3a4a397e","Type":"Note"},"Id":"urn:epass:learningOutcome:96b0f8a9-d98f-42df-8914-7f9823f2fa96-1","Type":"LearningOutcome"},{"Title":{"En":"Implement and use a simple quantum algorithm in the context of computing or communication."},"RelatedESCOSkill":[{"Notation":"Skill","InScheme":{"Id":"http://data.europa.eu/esco/concept-scheme/skills","Type":"ConceptScheme"},"PrefLabel":{"En":"Python (computer programming)"},"Id":"http://data.europa.eu/esco/skill/ccd0a1d9-afda-43d9-b901-96344886e14d","Type":"Concept"},{"Notation":"Skill","InScheme":{"Id":"http://data.europa.eu/esco/concept-scheme/skills","Type":"ConceptScheme"},"PrefLabel":{"En":"algorithms"},"Id":"http://data.europa.eu/esco/skill/54924a2c-daca-40d3-9716-4b38ceb04f38","Type":"Concept"}],"AdditionalNote":{"NoteLiteral":{"En":"Understand algorithms such as the Grover search algorithm. "},"Id":"urn:eciu:note:9e74b774-6034-ef11-8409-000d3a4a397e","Type":"Note"},"Id":"urn:epass:learningOutcome:96b0f8a9-d98f-42df-8914-7f9823f2fa96-2","Type":"LearningOutcome"},{"Title":{"En":"Explain the benefits of quantum computing."},"RelatedESCOSkill":[{"Notation":"Skill","InScheme":{"Id":"http://data.europa.eu/esco/concept-scheme/skills","Type":"ConceptScheme"},"PrefLabel":{"En":"think innovately"},"Id":"http://data.europa.eu/esco/skill/c2a0c52c-0b4b-4180-a918-92650ea3b458","Type":"Concept"}],"AdditionalNote":{"NoteLiteral":{"En":"Articulate the potential benefits of this cutting-edge techology, particularly regarding communication."},"Id":"urn:eciu:note:14db19f3-6034-ef11-8409-000d3a4a397e","Type":"Note"},"Id":"urn:epass:learningOutcome:96b0f8a9-d98f-42df-8914-7f9823f2fa96-3","Type":"LearningOutcome"}],"LearningSetting":null,"Mode":null,"Title":{"En":"Quantum Communication and Computing"},"DcType":null,"HomePage":null,"VolumeOfLearning":null,"Id":"urn:eciu:qualification:96b0f8a9-d98f-42df-8914-7f9823f2fa96","Type":"Qualification"},"IsPartOf":{"Mode":null,"DcType":null,"Title":{"En":"Quantum Communication and Computing"},"AdmissionsProcedure":null,"ApplicationDeadline":null,"Description":null,"LearningAchievementSpecification":null,"IsPartOf":null,"Temporal":null,"ProvidedBy":null,"LearningActivitySpecification":null,"BannerImage":null,"MoreInformation":null,"Id":"urn:eciu:learningOpportunity:8c60bbc4-5c34-ef11-8409-000d3a4a397e","Type":"LearningOpportunity"},"Temporal":{"EndDate":"2025-02-03T00:00:00Z","Name":{"En":"Temporal"},"StartDate":"2025-05-31T00:00:00Z"},"ProvidedBy":{"Location":null,"Logo":null,"LegalName":{"En":"INSTITUT NATIONAL DES SCIENCES APPLIQUEES DE TOULOUSE (INSA TOULOUSE)"},"Registration":null,"Homepage":null,"Id":"urn:eciu:org:bc4a5510-6a54-ed11-bba2-6045bd886566","Type":"Organisation"},"LearningActivitySpecification":{"Mode":null,"DcType":null,"Title":{"En":""},"Description":null,"MoreInformation":[{"NoteLiteral":"**Format and Structure**\n\nThis micromodule is taught 100% online with the exception of an optional mobility week in INSA Toulouse. The online learning spans from February to the end of May, and is divided into two parts.\n\nThe first part is dedicated to communication and the second to calculation. Both parts are organized in the same way.\n\nEach part consists of a series of reading documents and watching associated illustrating the concepts covered. What\u0027s more, to make your learning more concrete, a number of notebooks are provided to help you crystallise and develop your understanding.\n\nYour online self-paced learning is supported by live sessions with your teachers. Synchronous teaching takes place in the middle and at the end of each part of the module. Please note the following dates and times for your online live sessions:\n\n- 13th February 2025 - 2-3:30pm CET - Welcome and Introduction to the Micromodule\n- 27th February 2025\u00A0- 2-3:30pm CET\n- 27th March 2025\u00A0- 2-3:30pm CET\n- 24th April 2025\u00A0- 2-3:30pm CET\n- 29th May 2025\u00A0- 2-3:30pm CET\n\nThese dates and time are subject to change.\n\n**Optional Mobility Week**\n\nFor those who can, a one-week stay at INSA Toulouse in June will enable you to work directly on a demonstrator. You will receive an extra ECTS credit for attending the mobility week (3 ECTS instead of 2 for the online learning). If you\u0027re interested in pariticpating in the optional mobility week, please contact the ECIU mobility officers for details of the procedures to apply for a mobility grant by using the Contact Us form at the bottom of this page. Choose the option \u0022I have a question on mobility support\u0022. Your request will be directed to a mobility officer located at your University and you will be contacted with the information you need.\n\n**Assessment**\n\nThere are two types of assessment in this micromodule: formative (informal assessment that will help you and your teachers assess your progress) and summative (a final assessment that will allow you to pass the micromodule).\n\nThe formative assessment is through multiple-choice quizzes taken online. You will also receive feedback from the notebook implementation exercises.\n\nThe summative assessment is a final multiple-choice quiz.","Subject":{"InScheme":{"Id":"urn:eciu:note","Type":"ConceptScheme"},"PrefLabel":{"En":"ParticipantInformation"},"Id":"96b0f8a9-d98f-42df-8914-7f9823f2fa96","Type":"Concept"}}],"HasPart":[{"Mode":{"InScheme":{"Id":"http://data.europa.eu/snb/learning-assessment/25831c2","Type":"ConceptScheme"},"PrefLabel":{"En":"Online"},"Id":"http://data.europa.eu/snb/learning-assessment/920fbb3cbe","Type":"Concept"},"DcType":{"InScheme":{"Id":"http://data.europa.eu/snb/learning-activity/25831c2","Type":"ConceptScheme"},"PrefLabel":{"En":"self-motivated study"},"Id":"http://data.europa.eu/snb/learning-activity/b660f5dcea","Type":"Concept"},"Title":{"En":"Studying documents"},"Description":null,"MoreInformation":null,"HasPart":null,"Id":"urn:eciu:learningActivitySpec:58ef62a9-6634-ef11-8409-000d3a4a397e","Type":"LearningActivitySpecification"},{"Mode":{"InScheme":{"Id":"http://data.europa.eu/snb/learning-assessment/25831c2","Type":"ConceptScheme"},"PrefLabel":{"En":"Online"},"Id":"http://data.europa.eu/snb/learning-assessment/920fbb3cbe","Type":"Concept"},"DcType":{"InScheme":{"Id":"http://data.europa.eu/snb/learning-activity/25831c2","Type":"ConceptScheme"},"PrefLabel":{"En":"self-motivated study"},"Id":"http://data.europa.eu/snb/learning-activity/b660f5dcea","Type":"Concept"},"Title":{"En":"Visualization of some transformations using a simple simulator"},"Description":null,"MoreInformation":null,"HasPart":null,"Id":"urn:eciu:learningActivitySpec:a1988acd-6634-ef11-8409-000d3a4a397e","Type":"LearningActivitySpecification"},{"Mode":{"InScheme":{"Id":"http://data.europa.eu/snb/learning-assessment/25831c2","Type":"ConceptScheme"},"PrefLabel":{"En":"Online"},"Id":"http://data.europa.eu/snb/learning-assessment/920fbb3cbe","Type":"Concept"},"DcType":{"InScheme":{"Id":"http://data.europa.eu/snb/learning-activity/25831c2","Type":"ConceptScheme"},"PrefLabel":{"En":"self-motivated study"},"Id":"http://data.europa.eu/snb/learning-activity/b660f5dcea","Type":"Concept"},"Title":{"En":"Implementation of an algorithim"},"Description":null,"MoreInformation":null,"HasPart":null,"Id":"urn:eciu:learningActivitySpec:d0a7c4e5-6634-ef11-8409-000d3a4a397e","Type":"LearningActivitySpecification"}],"Id":"urn:eciu:learningActivitySpec:96b0f8a9-d98f-42df-8914-7f9823f2fa96","Type":"LearningActivitySpecification"},"BannerImage":null,"MoreInformation":[{"NoteLiteral":"","Subject":{"InScheme":{"Id":"urn:eciu:note","Type":"ConceptScheme"},"PrefLabel":{"En":"SourceIdentifier"},"Id":"96b0f8a9-d98f-42df-8914-7f9823f2fa96","Type":"Concept"}},{"NoteLiteral":"A Short Introduction","Subject":{"InScheme":{"Id":"urn:eciu:note","Type":"ConceptScheme"},"PrefLabel":{"En":"SubTitle"},"Id":"96b0f8a9-d98f-42df-8914-7f9823f2fa96","Type":"Concept"}},{"NoteLiteral":"Quantum computing is an emerging field driving the race for the most powerful computer. The innovations brought by quantum computing are intriguing and fascinating. By enabling new computing paradigms, we can solve problems not currently tractable on modern supercomputers. Possible applications range from security to AI.\nHowever, to fully understand the benefits of such a computing device, it is necessary to start from the basics. This module helps to demystify this fascinating field of computer science.","Subject":{"InScheme":{"Id":"urn:eciu:note","Type":"ConceptScheme"},"PrefLabel":{"En":"Introduction"},"Id":"96b0f8a9-d98f-42df-8914-7f9823f2fa96","Type":"Concept"}},{"NoteLiteral":"True","Subject":{"InScheme":{"Id":"urn:eciu:note","Type":"ConceptScheme"},"PrefLabel":{"En":"GenerateMicroCredentials"},"Id":"96b0f8a9-d98f-42df-8914-7f9823f2fa96","Type":"Concept"}},{"NoteLiteral":"This micromodule is open to all ECIU students in a scientific field who have an interest in learning about quantum computing and communication.\n\nPotential applicants are required to submit a CV, transcript, and a copy of their ID card or student ID.","Subject":{"InScheme":{"Id":"urn:eciu:note","Type":"ConceptScheme"},"PrefLabel":{"En":"AdmissionProcessInformation"},"Id":"96b0f8a9-d98f-42df-8914-7f9823f2fa96","Type":"Concept"}},{"NoteLiteral":"False","Subject":{"InScheme":{"Id":"urn:eciu:note","Type":"ConceptScheme"},"PrefLabel":{"En":"SimplifiedAdmissionProcess"},"Id":"96b0f8a9-d98f-42df-8914-7f9823f2fa96","Type":"Concept"}},{"NoteLiteral":"2024-10-01","Subject":{"InScheme":{"Id":"urn:eciu:note","Type":"ConceptScheme"},"PrefLabel":{"En":"ApplicationPeriodStartDate"},"Id":"96b0f8a9-d98f-42df-8914-7f9823f2fa96","Type":"Concept"}},{"NoteLiteral":"24","Subject":{"InScheme":{"Id":"urn:eciu:note","Type":"ConceptScheme"},"PrefLabel":{"En":"MaximumNumberOfSeats"},"Id":"96b0f8a9-d98f-42df-8914-7f9823f2fa96","Type":"Concept"}},{"NoteLiteral":"False","Subject":{"InScheme":{"Id":"urn:eciu:note","Type":"ConceptScheme"},"PrefLabel":{"En":"ECIULMSENabled"},"Id":"96b0f8a9-d98f-42df-8914-7f9823f2fa96","Type":"Concept"}},{"NoteLiteral":"","Subject":{"InScheme":{"Id":"urn:eciu:note","Type":"ConceptScheme"},"PrefLabel":{"En":"LMSUrl"},"Id":"96b0f8a9-d98f-42df-8914-7f9823f2fa96","Type":"Concept"}},{"NoteLiteral":"","Subject":{"InScheme":{"Id":"urn:eciu:note","Type":"ConceptScheme"},"PrefLabel":{"En":"TeamAccessDate"},"Id":"96b0f8a9-d98f-42df-8914-7f9823f2fa96","Type":"Concept"}},{"NoteLiteral":"false","Subject":{"InScheme":{"Id":"urn:eciu:note","Type":"ConceptScheme"},"PrefLabel":{"En":"SelfPaced"},"Id":"96b0f8a9-d98f-42df-8914-7f9823f2fa96","Type":"Concept"}},{"NoteLiteral":"0","Subject":{"InScheme":{"Id":"urn:eciu:note","Type":"ConceptScheme"},"PrefLabel":{"En":"Pace"},"Id":"96b0f8a9-d98f-42df-8914-7f9823f2fa96","Type":"Concept"}},{"NoteLiteral":"Standard","Subject":{"InScheme":{"Id":"urn:eciu:note","Type":"ConceptScheme"},"PrefLabel":{"En":"Scope"},"Id":"96b0f8a9-d98f-42df-8914-7f9823f2fa96","Type":"Concept"}}],"Id":"urn:eciu:learningOpportunity:96b0f8a9-d98f-42df-8914-7f9823f2fa96","Type":"LearningOpportunity"}