{"Mode":{"InScheme":{"Id":"http://data.europa.eu/snb/learning-assessment/25831c2","Type":"ConceptScheme"},"PrefLabel":{"En":"Online"},"Id":"http://data.europa.eu/snb/learning-assessment/920fbb3cbe","Type":"Concept"},"DcType":null,"Title":{"En":"Challenge Basics"},"AdmissionsProcedure":null,"ApplicationDeadline":"2024-09-25","Description":{"En":"**Course Content Summary**  \n\n- Defining challenges  \n\n- Different kinds of challenges  \n\n- Creativity and collaboration  \n\n- The helicopter view  \n\n- The goal: develop a useful, innovative and feasible project"},"LearningAchievementSpecification":{"EQFLevel":{"InScheme":{"Id":"http://data.europa.eu/snb/eqf/25831c2","Type":"ConceptScheme"},"PrefLabel":{"En":"Level 6"},"Id":"http://data.europa.eu/snb/eqf/6","Type":"Concept"},"CreditPoint":{"Framework":{"InScheme":{"Id":"http://data.europa.eu/snb/education-credit/25831c2","Type":"ConceptScheme"},"PrefLabel":{"En":"European Credit Transfer System"},"Id":"http://data.europa.eu/snb/education-credit/6fcec5c5af","Type":"Concept"},"Point":"1,0","Id":"urn:epass:creditPoint:c2ea5ca2-392e-469b-a29e-19ff74f9d05c","Type":"CreditPoint"},"LearningOutcome":[{"Title":{"En":"Challenge-based Learning"},"RelatedESCOSkill":[{"Notation":"Skill","InScheme":{"Id":"http://data.europa.eu/esco/concept-scheme/skills","Type":"ConceptScheme"},"PrefLabel":{"En":"solve problems"},"Id":"http://data.europa.eu/esco/skill/adc6dc11-3376-467b-96c5-9b0a21edc869","Type":"Concept"},{"Notation":"Skill","InScheme":{"Id":"http://data.europa.eu/esco/concept-scheme/skills","Type":"ConceptScheme"},"PrefLabel":{"En":"think innovately"},"Id":"http://data.europa.eu/esco/skill/c2a0c52c-0b4b-4180-a918-92650ea3b458","Type":"Concept"}],"AdditionalNote":{"NoteLiteral":{"En":"Challenge-based learning (CBL) is a framework for learning while solving real-world Challenges. "},"Id":"urn:eciu:note:0ea691b5-b250-ef11-bfe2-000d3abbcf8b","Type":"Note"},"Id":"urn:epass:learningOutcome:c2ea5ca2-392e-469b-a29e-19ff74f9d05c-1","Type":"LearningOutcome"},{"Title":{"En":"Soft Skills"},"RelatedESCOSkill":[{"Notation":"Skill","InScheme":{"Id":"http://data.europa.eu/esco/concept-scheme/skills","Type":"ConceptScheme"},"PrefLabel":{"En":"self-management skills and competences"},"Id":"http://data.europa.eu/esco/skill/021a23e1-907e-4627-b05a-555f889cbb65","Type":"Concept"},{"Notation":"Skill","InScheme":{"Id":"http://data.europa.eu/esco/concept-scheme/skills","Type":"ConceptScheme"},"PrefLabel":{"En":"assertiveness"},"Id":"http://data.europa.eu/esco/skill/a0cad388-3c4c-4786-b238-fc39f8c495af","Type":"Concept"}],"AdditionalNote":{"NoteLiteral":{"En":"Relational and behavioural skills that influence how you conduct yourself in a challenge."},"Id":"urn:eciu:note:9176434d-b350-ef11-bfe2-000d3abbcf8b","Type":"Note"},"Id":"urn:epass:learningOutcome:c2ea5ca2-392e-469b-a29e-19ff74f9d05c-2","Type":"LearningOutcome"}],"LearningSetting":null,"Mode":null,"Title":{"En":"Challenge Basics"},"DcType":null,"HomePage":null,"VolumeOfLearning":null,"Id":"urn:eciu:qualification:c2ea5ca2-392e-469b-a29e-19ff74f9d05c","Type":"Qualification"},"IsPartOf":{"Mode":null,"DcType":null,"Title":{"En":"Challenge Basics"},"AdmissionsProcedure":null,"ApplicationDeadline":null,"Description":null,"LearningAchievementSpecification":null,"IsPartOf":null,"Temporal":null,"ProvidedBy":null,"LearningActivitySpecification":null,"BannerImage":null,"MoreInformation":null,"Id":"urn:eciu:learningOpportunity:b4e4347c-2e2a-ef11-840b-0022487fecad","Type":"LearningOpportunity"},"Temporal":{"EndDate":"2024-10-07T00:00:00Z","Name":{"En":"Temporal"},"StartDate":"2024-12-20T00:00:00Z"},"ProvidedBy":{"Location":null,"Logo":null,"LegalName":{"En":"UNIVERSITA DEGLI STUDI DI TRENTO (UNITN)"},"Registration":null,"Homepage":null,"Id":"urn:eciu:org:c7bc8551-6a54-ed11-bba2-6045bd886566","Type":"Organisation"},"LearningActivitySpecification":{"Mode":null,"DcType":null,"Title":{"En":""},"Description":null,"MoreInformation":[{"NoteLiteral":"All the information [HERE](https://www.soi.unitn.it/courses/the-challenge-action-plan/).","Subject":{"InScheme":{"Id":"urn:eciu:note","Type":"ConceptScheme"},"PrefLabel":{"En":"ParticipantInformation"},"Id":"c2ea5ca2-392e-469b-a29e-19ff74f9d05c","Type":"Concept"}}],"HasPart":null,"Id":"urn:eciu:learningActivitySpec:c2ea5ca2-392e-469b-a29e-19ff74f9d05c","Type":"LearningActivitySpecification"},"BannerImage":null,"MoreInformation":[{"NoteLiteral":"","Subject":{"InScheme":{"Id":"urn:eciu:note","Type":"ConceptScheme"},"PrefLabel":{"En":"SourceIdentifier"},"Id":"c2ea5ca2-392e-469b-a29e-19ff74f9d05c","Type":"Concept"}},{"NoteLiteral":"","Subject":{"InScheme":{"Id":"urn:eciu:note","Type":"ConceptScheme"},"PrefLabel":{"En":"SubTitle"},"Id":"c2ea5ca2-392e-469b-a29e-19ff74f9d05c","Type":"Concept"}},{"NoteLiteral":"This course defines challenges and analyzes the major actors involved, including companies and institutions, along with the crucial role of students (their creativity and ability to turn good ideas into sound projects) in finding meaningful innovative solutions to real problems.\nSpecifically, two different challenge categories will be described and exemplified: market challenges and\nsocial challenges, thereby also illustrating the different approaches that students can successfully take in\norder to best perform in both of the two challenge categories.\nWe will also briefly hint at the importance of appropriately analyzing the problem, or the challenge, before jumping to conclusions.","Subject":{"InScheme":{"Id":"urn:eciu:note","Type":"ConceptScheme"},"PrefLabel":{"En":"Introduction"},"Id":"c2ea5ca2-392e-469b-a29e-19ff74f9d05c","Type":"Concept"}},{"NoteLiteral":"True","Subject":{"InScheme":{"Id":"urn:eciu:note","Type":"ConceptScheme"},"PrefLabel":{"En":"GenerateMicroCredentials"},"Id":"c2ea5ca2-392e-469b-a29e-19ff74f9d05c","Type":"Concept"}},{"NoteLiteral":"**To apply, please upload:**\n\n- your CV in English;\n- if available, the English language certification\n- a brief motivational letter (1.000 characters) OR a motivational video (max 40\u2019\u2019, preferably youtube link) where you explain WHY you are interested in THIS learning opportunity.\n- Transcript of records\n\nPlease identify your Applicant status:\n\n1-UniTrento PhD or Student\n\n\u00A02-ECIU student\n\n\u00A03-Erasmus\u002B or Bilateral agreement student (in Trento for the whole semester)\n\n4-Student enrolled in Erasmus\u002B (non ECIU) partner University, applying for a challenge or BIP-Blended Intensive Program in Trento\n\n5-Other (extra fees may apply)\n\nStatus 1, 2 and 3 applicants need to submit two applications (similar documents, same deadline on 25 September):\n\n[SOI Admission Apply](https://webapps.unitn.it/Apply/it/MyUnitn/Home/334102/serv-studenti/Sel_SoI_2024_1)\n\n[ECIU Admission application](https://engage.eciu.eu/browse?universityIds=c7bc8551-6a54-ed11-bba2-6045bd886566\u0026amp;learningOppStatuses=1)\n\nStatus 4 and 5 applicants only submit their application in the [SOI Admission Apply](https://webapps.unitn.it/Apply/it/MyUnitn/Home/334102/serv-studenti/Sel_SoI_2024_1)\n\n[Here](https://www.soi.unitn.it/wp-content/uploads/2024/06/Applying_to_SOI_ECIU_activities.docx.pdf)you can find guidelines on the application process.","Subject":{"InScheme":{"Id":"urn:eciu:note","Type":"ConceptScheme"},"PrefLabel":{"En":"AdmissionProcessInformation"},"Id":"c2ea5ca2-392e-469b-a29e-19ff74f9d05c","Type":"Concept"}},{"NoteLiteral":"False","Subject":{"InScheme":{"Id":"urn:eciu:note","Type":"ConceptScheme"},"PrefLabel":{"En":"SimplifiedAdmissionProcess"},"Id":"c2ea5ca2-392e-469b-a29e-19ff74f9d05c","Type":"Concept"}},{"NoteLiteral":"2024-08-02","Subject":{"InScheme":{"Id":"urn:eciu:note","Type":"ConceptScheme"},"PrefLabel":{"En":"ApplicationPeriodStartDate"},"Id":"c2ea5ca2-392e-469b-a29e-19ff74f9d05c","Type":"Concept"}},{"NoteLiteral":"100","Subject":{"InScheme":{"Id":"urn:eciu:note","Type":"ConceptScheme"},"PrefLabel":{"En":"MaximumNumberOfSeats"},"Id":"c2ea5ca2-392e-469b-a29e-19ff74f9d05c","Type":"Concept"}},{"NoteLiteral":"False","Subject":{"InScheme":{"Id":"urn:eciu:note","Type":"ConceptScheme"},"PrefLabel":{"En":"ECIULMSENabled"},"Id":"c2ea5ca2-392e-469b-a29e-19ff74f9d05c","Type":"Concept"}},{"NoteLiteral":"","Subject":{"InScheme":{"Id":"urn:eciu:note","Type":"ConceptScheme"},"PrefLabel":{"En":"LMSUrl"},"Id":"c2ea5ca2-392e-469b-a29e-19ff74f9d05c","Type":"Concept"}},{"NoteLiteral":"","Subject":{"InScheme":{"Id":"urn:eciu:note","Type":"ConceptScheme"},"PrefLabel":{"En":"TeamAccessDate"},"Id":"c2ea5ca2-392e-469b-a29e-19ff74f9d05c","Type":"Concept"}},{"NoteLiteral":"false","Subject":{"InScheme":{"Id":"urn:eciu:note","Type":"ConceptScheme"},"PrefLabel":{"En":"SelfPaced"},"Id":"c2ea5ca2-392e-469b-a29e-19ff74f9d05c","Type":"Concept"}},{"NoteLiteral":"0","Subject":{"InScheme":{"Id":"urn:eciu:note","Type":"ConceptScheme"},"PrefLabel":{"En":"Pace"},"Id":"c2ea5ca2-392e-469b-a29e-19ff74f9d05c","Type":"Concept"}},{"NoteLiteral":"Standard","Subject":{"InScheme":{"Id":"urn:eciu:note","Type":"ConceptScheme"},"PrefLabel":{"En":"Scope"},"Id":"c2ea5ca2-392e-469b-a29e-19ff74f9d05c","Type":"Concept"}}],"Id":"urn:eciu:learningOpportunity:c2ea5ca2-392e-469b-a29e-19ff74f9d05c","Type":"LearningOpportunity"}