{"Mode":{"InScheme":{"Id":"http://data.europa.eu/snb/learning-assessment/25831c2","Type":"ConceptScheme"},"PrefLabel":{"En":"Online"},"Id":"http://data.europa.eu/snb/learning-assessment/920fbb3cbe","Type":"Concept"},"DcType":null,"Title":{"En":"Academic Writing for Doctoral Students"},"AdmissionsProcedure":null,"ApplicationDeadline":"2025-01-12","Description":{"En":"**This course is meant for doctoral students only**\u00A0currently completing a research writing project, e.g., an academic article or monograph.\n\nThe content of the course:\n\n\u00B7 The writing process\n\n\u00B7 Rhetorical conventions of research writing, including argumentation, style, structure, readability, and academic integrity\n\n\u00B7 Online writing tools, including AI-based tools\n\n\u00B7 Journal selection and the peer review process\n\nOn completion of the course, successful students will be able to:\n\n\u00B7 communicate their own argument using formal academic style;\n\n\u00B7 structure and organize academic articles and monographs;\n\n\u00B7 understand the article publication process, including evaluating journal requirements, selecting a journal, preparing a manuscript for publication, and responding to reviewers;\n\n\u00B7 understand how to use online tools, including AI-based tools; and\n\n\u00B7 give and receive peer feedback on scholarly texts in an interactive online writing group meeting and/or Moodle forum."},"LearningAchievementSpecification":{"EQFLevel":{"InScheme":{"Id":"http://data.europa.eu/snb/eqf/25831c2","Type":"ConceptScheme"},"PrefLabel":{"En":"Level 8"},"Id":"http://data.europa.eu/snb/eqf/8","Type":"Concept"},"CreditPoint":{"Framework":{"InScheme":{"Id":"http://data.europa.eu/snb/education-credit/25831c2","Type":"ConceptScheme"},"PrefLabel":{"En":"European Credit Transfer System"},"Id":"http://data.europa.eu/snb/education-credit/6fcec5c5af","Type":"Concept"},"Point":"2,0","Id":"urn:epass:creditPoint:47dee30b-55c8-459f-8d07-65277b6298b8","Type":"CreditPoint"},"LearningOutcome":[{"Title":{"En":"Communicating arguments"},"RelatedESCOSkill":[{"Notation":"Skill","InScheme":{"Id":"http://data.europa.eu/esco/concept-scheme/skills","Type":"ConceptScheme"},"PrefLabel":{"En":"write English"},"Id":"http://data.europa.eu/esco/skill/3993c87c-7719-4186-811b-8ddfb40e76be","Type":"Concept"},{"Notation":"Skill","InScheme":{"Id":"http://data.europa.eu/esco/concept-scheme/skills","Type":"ConceptScheme"},"PrefLabel":{"En":"present arguments persuasively"},"Id":"http://data.europa.eu/esco/skill/39e7d2a3-8d01-497c-8c5f-d51ab53a4a22","Type":"Concept"},{"Notation":"Skill","InScheme":{"Id":"http://data.europa.eu/esco/concept-scheme/skills","Type":"ConceptScheme"},"PrefLabel":{"En":"write English"},"Id":"http://data.europa.eu/esco/skill/3993c87c-7719-4186-811b-8ddfb40e76be","Type":"Concept"},{"Notation":"Skill","InScheme":{"Id":"http://data.europa.eu/esco/concept-scheme/skills","Type":"ConceptScheme"},"PrefLabel":{"En":"present arguments persuasively"},"Id":"http://data.europa.eu/esco/skill/39e7d2a3-8d01-497c-8c5f-d51ab53a4a22","Type":"Concept"}],"AdditionalNote":{"NoteLiteral":{"En":"On completion of the course the student will be able to communicate their own argument using formal academic style"},"Id":"urn:eciu:note:890819fd-efa7-ef11-b8e8-7c1e524ed74f","Type":"Note"},"Id":"urn:epass:learningOutcome:47dee30b-55c8-459f-8d07-65277b6298b8-1","Type":"LearningOutcome"},{"Title":{"En":"Structuring academic text"},"RelatedESCOSkill":[{"Notation":"Skill","InScheme":{"Id":"http://data.europa.eu/esco/concept-scheme/skills","Type":"ConceptScheme"},"PrefLabel":{"En":"draft scientific or academic papers and technical documentation"},"Id":"http://data.europa.eu/esco/skill/00b9a3aa-7070-4bb5-8020-f228a97cf42f","Type":"Concept"}],"AdditionalNote":{"NoteLiteral":{"En":"On completion of the course, the student will be able to structure and organize academic articles and monographs"},"Id":"urn:eciu:note:ca92776a-bda8-ef11-b8e8-7c1e5261d5f4","Type":"Note"},"Id":"urn:epass:learningOutcome:47dee30b-55c8-459f-8d07-65277b6298b8-2","Type":"LearningOutcome"},{"Title":{"En":"Academic publication process"},"RelatedESCOSkill":[{"Notation":"Skill","InScheme":{"Id":"http://data.europa.eu/esco/concept-scheme/skills","Type":"ConceptScheme"},"PrefLabel":{"En":"write scientific publications"},"Id":"http://data.europa.eu/esco/skill/c3c2420c-ce9a-4371-8eed-1db479c3a562","Type":"Concept"},{"Notation":"Skill","InScheme":{"Id":"http://data.europa.eu/esco/concept-scheme/skills","Type":"ConceptScheme"},"PrefLabel":{"En":"write scientific publications"},"Id":"http://data.europa.eu/esco/skill/c3c2420c-ce9a-4371-8eed-1db479c3a562","Type":"Concept"}],"AdditionalNote":{"NoteLiteral":{"En":"On completion of the course, the student will be able to understand the article publication process, including evaluating journal requirements, selecting a journal, preparing a manuscript for publication, and responding to reviewers"},"Id":"urn:eciu:note:8efeb083-bda8-ef11-b8e8-7c1e5261d5f4","Type":"Note"},"Id":"urn:epass:learningOutcome:47dee30b-55c8-459f-8d07-65277b6298b8-3","Type":"LearningOutcome"},{"Title":{"En":"Using AI in academic publishing"},"RelatedESCOSkill":[{"Notation":"Skill","InScheme":{"Id":"http://data.europa.eu/esco/concept-scheme/skills","Type":"ConceptScheme"},"PrefLabel":{"En":"digital competencies"},"Id":"http://data.europa.eu/esco/skill/aeecc330-0be9-419f-bddb-5218de926004","Type":"Concept"}],"AdditionalNote":{"NoteLiteral":{"En":"On completion of the course, the student will be able to understand how to use online tools, including AI-based tools"},"Id":"urn:eciu:note:ca82109c-bda8-ef11-b8e8-7c1e5261d5f4","Type":"Note"},"Id":"urn:epass:learningOutcome:47dee30b-55c8-459f-8d07-65277b6298b8-4","Type":"LearningOutcome"},{"Title":{"En":"Giving and receiving peer feedback"},"RelatedESCOSkill":[{"Notation":"Skill","InScheme":{"Id":"http://data.europa.eu/esco/concept-scheme/skills","Type":"ConceptScheme"},"PrefLabel":{"En":"listening and asking questions"},"Id":"http://data.europa.eu/esco/skill/S1.7.3","Type":"Concept"},{"Notation":"Skill","InScheme":{"Id":"http://data.europa.eu/esco/concept-scheme/skills","Type":"ConceptScheme"},"PrefLabel":{"En":"listening and asking questions"},"Id":"http://data.europa.eu/esco/skill/S1.7.3","Type":"Concept"},{"Notation":"Skill","InScheme":{"Id":"http://data.europa.eu/esco/concept-scheme/skills","Type":"ConceptScheme"},"PrefLabel":{"En":"evaluate writings in response to feedback"},"Id":"http://data.europa.eu/esco/skill/58fcd942-3019-4498-b685-6b2727b37031","Type":"Concept"}],"AdditionalNote":{"NoteLiteral":{"En":"On completion of the course, the student will be able to give and receive peer feedback on scholarly texts in an interactive online writing group meeting and/or Moodle forum"},"Id":"urn:eciu:note:563a96b4-bda8-ef11-b8e8-7c1e5261d5f4","Type":"Note"},"Id":"urn:epass:learningOutcome:47dee30b-55c8-459f-8d07-65277b6298b8-5","Type":"LearningOutcome"}],"LearningSetting":null,"Mode":null,"Title":{"En":"Academic Writing for Doctoral Students"},"DcType":null,"HomePage":null,"VolumeOfLearning":null,"Id":"urn:eciu:qualification:47dee30b-55c8-459f-8d07-65277b6298b8","Type":"Qualification"},"IsPartOf":{"Mode":null,"DcType":null,"Title":{"En":"Academic Writing for Doctoral Students"},"AdmissionsProcedure":null,"ApplicationDeadline":null,"Description":null,"LearningAchievementSpecification":null,"IsPartOf":null,"Temporal":null,"ProvidedBy":null,"LearningActivitySpecification":null,"BannerImage":null,"MoreInformation":null,"Id":"urn:eciu:learningOpportunity:ee2c2582-78a5-ef11-b8e8-6045bd9640df","Type":"LearningOpportunity"},"Temporal":{"EndDate":"2025-01-06T00:00:00Z","Name":{"En":"Temporal"},"StartDate":"2025-02-23T00:00:00Z"},"ProvidedBy":{"Location":null,"Logo":null,"LegalName":{"En":"TAMPEREEN KORKEAKOULUSAATIO SR (TAU)"},"Registration":null,"Homepage":null,"Id":"urn:eciu:org:8f142831-6a54-ed11-bba2-6045bd886566","Type":"Organisation"},"LearningActivitySpecification":{"Mode":null,"DcType":null,"Title":{"En":""},"Description":null,"MoreInformation":[{"NoteLiteral":"The teaching mode of the course is online and asynchronous.\u00A0There are no scheduled lectures. The course will be organized on Moodle, with the opportunity for students to meet with the instructor and also to self-schedule writing group meetings in small groups.\u00A0The completion of this 2-ECT course will require approximately 54 hours of study over a 7-week time period. The course consists of both group work and independent study.\u00A0\n\nThe course is CEFR-level C1 and higher. the working language of the course is English.\n\nAssessment is pass-fail.\u00A0Receiving a pass grade in the course requires active participation in the group work and completion of the independent tasks according to the course learning outcomes.\u00A0Course tasks as assessed Pass - Fail. Detailed information about the assessment of the learning tasks will be provided at the beginning of the course.","Subject":{"InScheme":{"Id":"urn:eciu:note","Type":"ConceptScheme"},"PrefLabel":{"En":"ParticipantInformation"},"Id":"47dee30b-55c8-459f-8d07-65277b6298b8","Type":"Concept"}}],"HasPart":null,"Id":"urn:eciu:learningActivitySpec:47dee30b-55c8-459f-8d07-65277b6298b8","Type":"LearningActivitySpecification"},"BannerImage":null,"MoreInformation":[{"NoteLiteral":"","Subject":{"InScheme":{"Id":"urn:eciu:note","Type":"ConceptScheme"},"PrefLabel":{"En":"SourceIdentifier"},"Id":"47dee30b-55c8-459f-8d07-65277b6298b8","Type":"Concept"}},{"NoteLiteral":"Online asynchronous course for doctoral students","Subject":{"InScheme":{"Id":"urn:eciu:note","Type":"ConceptScheme"},"PrefLabel":{"En":"SubTitle"},"Id":"47dee30b-55c8-459f-8d07-65277b6298b8","Type":"Concept"}},{"NoteLiteral":"This online asynchronous course aims to develop academic writing skills of doctoral students who are currently completing a research writing project, e.g., an academic article or monograph, in English for an international audience. This course offers intensive instruction in the conventions of research writing, including argumentation, style, structure, readability, and academic integrity, as well as the use of AI-based tools to support writing. As a multidisciplinary course, students will also learn to evaluate their own writing situation according to their discipline-specific audience, topic, purpose, writer, and context. There is opportunity for the students to engage with course material interactively in online writing group meetings and/or in a Moodle forum.","Subject":{"InScheme":{"Id":"urn:eciu:note","Type":"ConceptScheme"},"PrefLabel":{"En":"Introduction"},"Id":"47dee30b-55c8-459f-8d07-65277b6298b8","Type":"Concept"}},{"NoteLiteral":"True","Subject":{"InScheme":{"Id":"urn:eciu:note","Type":"ConceptScheme"},"PrefLabel":{"En":"GenerateMicroCredentials"},"Id":"47dee30b-55c8-459f-8d07-65277b6298b8","Type":"Concept"}},{"NoteLiteral":"There is no specific requirements for the course and the first 15 students enrolling will be accepted on the course. However, **the\u00A0 course is designed for doctoral students only**,\u00A0especially those who are currently completing a research writing project, e.g., an academic article or monograph, in English for an international audience.","Subject":{"InScheme":{"Id":"urn:eciu:note","Type":"ConceptScheme"},"PrefLabel":{"En":"AdmissionProcessInformation"},"Id":"47dee30b-55c8-459f-8d07-65277b6298b8","Type":"Concept"}},{"NoteLiteral":"True","Subject":{"InScheme":{"Id":"urn:eciu:note","Type":"ConceptScheme"},"PrefLabel":{"En":"SimplifiedAdmissionProcess"},"Id":"47dee30b-55c8-459f-8d07-65277b6298b8","Type":"Concept"}},{"NoteLiteral":"2024-11-24","Subject":{"InScheme":{"Id":"urn:eciu:note","Type":"ConceptScheme"},"PrefLabel":{"En":"ApplicationPeriodStartDate"},"Id":"47dee30b-55c8-459f-8d07-65277b6298b8","Type":"Concept"}},{"NoteLiteral":"15","Subject":{"InScheme":{"Id":"urn:eciu:note","Type":"ConceptScheme"},"PrefLabel":{"En":"MaximumNumberOfSeats"},"Id":"47dee30b-55c8-459f-8d07-65277b6298b8","Type":"Concept"}},{"NoteLiteral":"False","Subject":{"InScheme":{"Id":"urn:eciu:note","Type":"ConceptScheme"},"PrefLabel":{"En":"ECIULMSENabled"},"Id":"47dee30b-55c8-459f-8d07-65277b6298b8","Type":"Concept"}},{"NoteLiteral":"","Subject":{"InScheme":{"Id":"urn:eciu:note","Type":"ConceptScheme"},"PrefLabel":{"En":"LMSUrl"},"Id":"47dee30b-55c8-459f-8d07-65277b6298b8","Type":"Concept"}},{"NoteLiteral":"","Subject":{"InScheme":{"Id":"urn:eciu:note","Type":"ConceptScheme"},"PrefLabel":{"En":"TeamAccessDate"},"Id":"47dee30b-55c8-459f-8d07-65277b6298b8","Type":"Concept"}},{"NoteLiteral":"false","Subject":{"InScheme":{"Id":"urn:eciu:note","Type":"ConceptScheme"},"PrefLabel":{"En":"SelfPaced"},"Id":"47dee30b-55c8-459f-8d07-65277b6298b8","Type":"Concept"}},{"NoteLiteral":"15","Subject":{"InScheme":{"Id":"urn:eciu:note","Type":"ConceptScheme"},"PrefLabel":{"En":"Pace"},"Id":"47dee30b-55c8-459f-8d07-65277b6298b8","Type":"Concept"}},{"NoteLiteral":"Standard","Subject":{"InScheme":{"Id":"urn:eciu:note","Type":"ConceptScheme"},"PrefLabel":{"En":"Scope"},"Id":"47dee30b-55c8-459f-8d07-65277b6298b8","Type":"Concept"}}],"Id":"urn:eciu:learningOpportunity:47dee30b-55c8-459f-8d07-65277b6298b8","Type":"LearningOpportunity"}