{"Mode":{"InScheme":{"Id":"http://data.europa.eu/snb/learning-assessment/25831c2","Type":"ConceptScheme"},"PrefLabel":{"En":"Online"},"Id":"http://data.europa.eu/snb/learning-assessment/920fbb3cbe","Type":"Concept"},"DcType":null,"Title":{"En":"Philosophical Frameworks for Business Ethics"},"AdmissionsProcedure":null,"ApplicationDeadline":"2024-08-16","Description":{"En":"- In this course, we will go through the basics of business ethics.\n- We will focus on how this discipline relates to our everyday life and choices, and on the philosophical foundations of this discipline.\n- We will develop a solid definition of ethics.\n- Upon completion of this course, you will be able to\u00A0 define what \u201Cresponsibility\u201D means in the business context.\n\n- Identify the main misbehaviours in the context of business"},"LearningAchievementSpecification":{"EQFLevel":{"InScheme":{"Id":"http://data.europa.eu/snb/eqf/25831c2","Type":"ConceptScheme"},"PrefLabel":{"En":"Level 7"},"Id":"http://data.europa.eu/snb/eqf/7","Type":"Concept"},"CreditPoint":null,"LearningOutcome":[{"Title":{"En":"L01"},"RelatedESCOSkill":[{"Notation":"Skill","InScheme":{"Id":"http://data.europa.eu/esco/concept-scheme/skills","Type":"ConceptScheme"},"PrefLabel":{"En":"demonstrate consideration"},"Id":"http://data.europa.eu/esco/skill/9d75743b-317a-4bc4-b93f-c72e3ceba377","Type":"Concept"}],"AdditionalNote":{"NoteLiteral":{"En":"By the end of the course, you will be able to define ethics"},"Id":"urn:eciu:note:35805fd8-1111-ef11-9f89-0022488b0cca","Type":"Note"},"Id":"urn:epass:learningOutcome:2046335d-1c94-4757-9408-a885f4747ed6-1","Type":"LearningOutcome"},{"Title":{"En":"L02"},"RelatedESCOSkill":[{"Notation":"Skill","InScheme":{"Id":"http://data.europa.eu/esco/concept-scheme/skills","Type":"ConceptScheme"},"PrefLabel":{"En":"social entrepreneur"},"Id":"http://data.europa.eu/esco/occupation/73b10c97-b003-45dc-a36d-c1d585c04be1","Type":"Concept"}],"AdditionalNote":{"NoteLiteral":{"En":"By the end of the course, you will be able to describe the main ethical theories applicable to business"},"Id":"urn:eciu:note:24a9f480-1211-ef11-9f89-0022488b0cca","Type":"Note"},"Id":"urn:epass:learningOutcome:2046335d-1c94-4757-9408-a885f4747ed6-2","Type":"LearningOutcome"}],"LearningSetting":null,"Mode":null,"Title":{"En":"Philosophical Frameworks for Business Ethics"},"DcType":null,"HomePage":null,"VolumeOfLearning":"PT4H","Id":"urn:eciu:qualification:2046335d-1c94-4757-9408-a885f4747ed6","Type":"Qualification"},"IsPartOf":{"Mode":null,"DcType":null,"Title":{"En":"Philosophical Frameworks for Business Ethics"},"AdmissionsProcedure":null,"ApplicationDeadline":null,"Description":null,"LearningAchievementSpecification":null,"IsPartOf":null,"Temporal":null,"ProvidedBy":null,"LearningActivitySpecification":null,"BannerImage":null,"MoreInformation":null,"Id":"urn:eciu:learningOpportunity:fb652bd0-0f11-ef11-9f89-0022488b0cca","Type":"LearningOpportunity"},"Temporal":{"EndDate":"2024-05-20T00:00:00Z","Name":{"En":"Temporal"},"StartDate":"2024-08-30T00:00:00Z"},"ProvidedBy":{"Location":null,"Logo":null,"LegalName":{"En":"DUBLIN CITY UNIVERSITY (DCU)"},"Registration":null,"Homepage":null,"Id":"urn:eciu:org:ee9c51fc-6954-ed11-bba2-6045bd886566","Type":"Organisation"},"LearningActivitySpecification":{"Mode":null,"DcType":null,"Title":{"En":""},"Description":null,"MoreInformation":[{"NoteLiteral":"- The course will become **accessible as of the 20th of May 2024**.\n- You can already register for it by clicking **this link:\u00A0[https://www.futurelearn.com/invitations/dcu/philosophical-frameworks-for-business-ethics/att9g3x8w1xi28muglmic31nc4wj3pt](https://www.futurelearn.com/invitations/dcu/philosophical-frameworks-for-business-ethics/att9g3x8w1xi28muglmic31nc4wj3pt)**\n- On clicking the link, you will be prompted to **set up an account with the FutureLearn**, which will be your Learning Environment for this course.\n- To gain access to the course in FutureLearn, **please use your Tampere City email address** when opening the account.\n- The course is asynchronous and provides you with the opportunity to comment on course content etc. with your peers during the course.","Subject":{"InScheme":{"Id":"urn:eciu:note","Type":"ConceptScheme"},"PrefLabel":{"En":"ParticipantInformation"},"Id":"2046335d-1c94-4757-9408-a885f4747ed6","Type":"Concept"}}],"HasPart":null,"Id":"urn:eciu:learningActivitySpec:2046335d-1c94-4757-9408-a885f4747ed6","Type":"LearningActivitySpecification"},"BannerImage":null,"MoreInformation":[{"NoteLiteral":"","Subject":{"InScheme":{"Id":"urn:eciu:note","Type":"ConceptScheme"},"PrefLabel":{"En":"SourceIdentifier"},"Id":"2046335d-1c94-4757-9408-a885f4747ed6","Type":"Concept"}},{"NoteLiteral":"Identify the role that business ethics plays within a working environment with Dublin City University.","Subject":{"InScheme":{"Id":"urn:eciu:note","Type":"ConceptScheme"},"PrefLabel":{"En":"SubTitle"},"Id":"2046335d-1c94-4757-9408-a885f4747ed6","Type":"Concept"}},{"NoteLiteral":"ELO Descriptor (Introduction)\tThis informative course will take you through the main themes and concepts of ethics within a business context. You\u2019ll be introduced to ethics and explore its definition. Later you will learn about the philosophers whose ideas influenced different ways of thinking about ethics in business, such as Aristotle, Bentham and Kant. You\u2019ll explore the main ethical theories and how they can be applied to businesses and organisations.","Subject":{"InScheme":{"Id":"urn:eciu:note","Type":"ConceptScheme"},"PrefLabel":{"En":"Introduction"},"Id":"2046335d-1c94-4757-9408-a885f4747ed6","Type":"Concept"}},{"NoteLiteral":"True","Subject":{"InScheme":{"Id":"urn:eciu:note","Type":"ConceptScheme"},"PrefLabel":{"En":"GenerateMicroCredentials"},"Id":"2046335d-1c94-4757-9408-a885f4747ed6","Type":"Concept"}},{"NoteLiteral":"","Subject":{"InScheme":{"Id":"urn:eciu:note","Type":"ConceptScheme"},"PrefLabel":{"En":"AdmissionProcessInformation"},"Id":"2046335d-1c94-4757-9408-a885f4747ed6","Type":"Concept"}},{"NoteLiteral":"True","Subject":{"InScheme":{"Id":"urn:eciu:note","Type":"ConceptScheme"},"PrefLabel":{"En":"SimplifiedAdmissionProcess"},"Id":"2046335d-1c94-4757-9408-a885f4747ed6","Type":"Concept"}},{"NoteLiteral":"2024-05-13","Subject":{"InScheme":{"Id":"urn:eciu:note","Type":"ConceptScheme"},"PrefLabel":{"En":"ApplicationPeriodStartDate"},"Id":"2046335d-1c94-4757-9408-a885f4747ed6","Type":"Concept"}},{"NoteLiteral":"30","Subject":{"InScheme":{"Id":"urn:eciu:note","Type":"ConceptScheme"},"PrefLabel":{"En":"MaximumNumberOfSeats"},"Id":"2046335d-1c94-4757-9408-a885f4747ed6","Type":"Concept"}},{"NoteLiteral":"False","Subject":{"InScheme":{"Id":"urn:eciu:note","Type":"ConceptScheme"},"PrefLabel":{"En":"ECIULMSENabled"},"Id":"2046335d-1c94-4757-9408-a885f4747ed6","Type":"Concept"}},{"NoteLiteral":"https://www.futurelearn.com/invitations/dcu/philosophical-frameworks-for-business-ethics/att9g3x8w1xi28muglmic31nc4wj3pt","Subject":{"InScheme":{"Id":"urn:eciu:note","Type":"ConceptScheme"},"PrefLabel":{"En":"LMSUrl"},"Id":"2046335d-1c94-4757-9408-a885f4747ed6","Type":"Concept"}},{"NoteLiteral":"","Subject":{"InScheme":{"Id":"urn:eciu:note","Type":"ConceptScheme"},"PrefLabel":{"En":"TeamAccessDate"},"Id":"2046335d-1c94-4757-9408-a885f4747ed6","Type":"Concept"}},{"NoteLiteral":"false","Subject":{"InScheme":{"Id":"urn:eciu:note","Type":"ConceptScheme"},"PrefLabel":{"En":"SelfPaced"},"Id":"2046335d-1c94-4757-9408-a885f4747ed6","Type":"Concept"}},{"NoteLiteral":"25","Subject":{"InScheme":{"Id":"urn:eciu:note","Type":"ConceptScheme"},"PrefLabel":{"En":"Pace"},"Id":"2046335d-1c94-4757-9408-a885f4747ed6","Type":"Concept"}},{"NoteLiteral":"Standard","Subject":{"InScheme":{"Id":"urn:eciu:note","Type":"ConceptScheme"},"PrefLabel":{"En":"Scope"},"Id":"2046335d-1c94-4757-9408-a885f4747ed6","Type":"Concept"}}],"Id":"urn:eciu:learningOpportunity:2046335d-1c94-4757-9408-a885f4747ed6","Type":"LearningOpportunity"}