{"Mode":{"InScheme":{"Id":"http://data.europa.eu/snb/learning-assessment/25831c2","Type":"ConceptScheme"},"PrefLabel":{"En":"Online"},"Id":"http://data.europa.eu/snb/learning-assessment/920fbb3cbe","Type":"Concept"},"DcType":null,"Title":{"En":"Intercultural Teamwork"},"AdmissionsProcedure":{"NoteLiteral":{"En":"Applicants need to attach a copy of ID card/passport (document issued by the country of origin) to enrol for the KTU virtual learning environment. This does not apply to KTU students (if you are a KTU student, you may attach a blank page). \nB2 level of English language proficiency is required."},"Id":"urn:eciu:note:4b63edc0-7d03-4648-a9c4-9245b513b974","Type":"Note"},"ApplicationDeadline":"2024-10-01","Description":{"En":"Have you ever found yourself wondering why working with other people sometimes is challenging? This is because we are different, especially if we are from different cultures, each with its own traditions, clothing, habits, and\u00A0language.\u00A0In 2023, there were approximately 3.4 billion global employees, compared to 2.28 billion employees in 1991 - an increase of more than 1 billion\u00A0people\u00A0in 22 years. Therefore, intercultural communication and work in intercultural teams have become essential skills to be acquired due to globalisation and spreading internationalisation. Developing these skills becomes an advantage for a more successful start of a professional career.  \n\nIn the micro-module \u201CIntercultural Teamwork\u201D we uncover the features of working together in teams with people from different cultures.\u00A0Everyone interested in teamwork and cultural differences is invited to join this course. You do not need to have any specific skills to participate.  \n\nAt the end of the micro-module: 1)\u00A0You will become acquainted with team-working phases and the intercultural differences that influence collaborative decision-making. 2)\u00A0You will gain practical skills related to the principles of intercultural and virtual teamwork.\n\nAre you ready to start this learning journey?"},"LearningAchievementSpecification":{"EQFLevel":{"InScheme":{"Id":"http://data.europa.eu/snb/eqf/25831c2","Type":"ConceptScheme"},"PrefLabel":{"En":"Level 7"},"Id":"http://data.europa.eu/snb/eqf/7","Type":"Concept"},"CreditPoint":{"Framework":{"InScheme":{"Id":"http://data.europa.eu/snb/education-credit/25831c2","Type":"ConceptScheme"},"PrefLabel":{"En":"European Credit Transfer System"},"Id":"http://data.europa.eu/snb/education-credit/6fcec5c5af","Type":"Concept"},"Point":"2,0","Id":"urn:epass:creditPoint:4b63edc0-7d03-4648-a9c4-9245b513b974","Type":"CreditPoint"},"LearningOutcome":[{"Title":{"En":"Practical skills in intercultural teamwork"},"RelatedESCOSkill":[{"Notation":"Skill","InScheme":{"Id":"http://data.europa.eu/esco/concept-scheme/skills","Type":"ConceptScheme"},"PrefLabel":{"En":"work in teams"},"Id":"http://data.europa.eu/esco/skill/60c78287-22eb-4103-9c8c-28deaa460da0","Type":"Concept"},{"Notation":"Skill","InScheme":{"Id":"http://data.europa.eu/esco/concept-scheme/skills","Type":"ConceptScheme"},"PrefLabel":{"En":"listening and asking questions"},"Id":"http://data.europa.eu/esco/skill/S1.7.3","Type":"Concept"},{"Notation":"Skill","InScheme":{"Id":"http://data.europa.eu/esco/concept-scheme/skills","Type":"ConceptScheme"},"PrefLabel":{"En":"brainstorm ideas"},"Id":"http://data.europa.eu/esco/skill/614c627b-2ec9-4a0d-811e-de14be4362f2","Type":"Concept"},{"Notation":"Skill","InScheme":{"Id":"http://data.europa.eu/esco/concept-scheme/skills","Type":"ConceptScheme"},"PrefLabel":{"En":"meet commitments"},"Id":"http://data.europa.eu/esco/skill/113b4428-0a31-4199-8496-070af7854b91","Type":"Concept"}],"AdditionalNote":{"NoteLiteral":{"En":"Student will be able to apply practical skills related to principles of intercultural and virtual teamwork."},"Id":"urn:eciu:note:91ee1f0d-e86a-ef11-bfe2-000d3a231dfd","Type":"Note"},"Id":"urn:epass:learningOutcome:4b63edc0-7d03-4648-a9c4-9245b513b974-1","Type":"LearningOutcome"},{"Title":{"En":"Knowledge integration"},"RelatedESCOSkill":[{"Notation":"Skill","InScheme":{"Id":"http://data.europa.eu/esco/concept-scheme/skills","Type":"ConceptScheme"},"PrefLabel":{"En":"communicate using non-verbal language"},"Id":"http://data.europa.eu/esco/skill/8813bf9b-86f3-47d1-849d-399121e6d429","Type":"Concept"},{"Notation":"Skill","InScheme":{"Id":"http://data.europa.eu/esco/concept-scheme/skills","Type":"ConceptScheme"},"PrefLabel":{"En":"work in teams"},"Id":"http://data.europa.eu/esco/skill/60c78287-22eb-4103-9c8c-28deaa460da0","Type":"Concept"},{"Notation":"Skill","InScheme":{"Id":"http://data.europa.eu/esco/concept-scheme/skills","Type":"ConceptScheme"},"PrefLabel":{"En":"conflict management"},"Id":"http://data.europa.eu/esco/skill/afd49651-9119-4327-91fc-844a6dda1254","Type":"Concept"},{"Notation":"Skill","InScheme":{"Id":"http://data.europa.eu/esco/concept-scheme/skills","Type":"ConceptScheme"},"PrefLabel":{"En":"respect the diversity of cultural values and norms"},"Id":"http://data.europa.eu/esco/skill/5ca953f7-541d-4f67-bc55-7721348366cf","Type":"Concept"},{"Notation":"Skill","InScheme":{"Id":"http://data.europa.eu/esco/concept-scheme/skills","Type":"ConceptScheme"},"PrefLabel":{"En":"demonstrate intercultural competence"},"Id":"http://data.europa.eu/esco/skill/c10d5d87-36cf-42f5-8a12-e560fb5f4af8","Type":"Concept"}],"AdditionalNote":{"NoteLiteral":{"En":"Student will be able to integrate knowledge on team-working phases and the intercultural differences that influence collaborative decision-making."},"Id":"urn:eciu:note:387b0780-e86a-ef11-bfe2-000d3a231dfd","Type":"Note"},"Id":"urn:epass:learningOutcome:4b63edc0-7d03-4648-a9c4-9245b513b974-2","Type":"LearningOutcome"}],"LearningSetting":null,"Mode":null,"Title":{"En":"Intercultural Teamwork"},"DcType":null,"HomePage":null,"VolumeOfLearning":null,"Id":"urn:eciu:qualification:4b63edc0-7d03-4648-a9c4-9245b513b974","Type":"Qualification"},"IsPartOf":{"Mode":null,"DcType":null,"Title":{"En":"Intercultural Teamwork"},"AdmissionsProcedure":null,"ApplicationDeadline":null,"Description":null,"LearningAchievementSpecification":null,"IsPartOf":null,"Temporal":null,"ProvidedBy":null,"LearningActivitySpecification":null,"BannerImage":null,"MoreInformation":null,"Id":"urn:eciu:learningOpportunity:709ef7f4-201d-ef11-840a-000d3a2a7e23","Type":"LearningOpportunity"},"Temporal":{"EndDate":"2024-10-15T00:00:00Z","Name":{"En":"Temporal"},"StartDate":"2024-11-25T00:00:00Z"},"ProvidedBy":{"Location":null,"Logo":null,"LegalName":{"En":"KAUNO TECHNOLOGIJOS UNIVERSITETAS (KTU)"},"Registration":null,"Homepage":null,"Id":"urn:eciu:org:4cc1e316-6a54-ed11-bba2-6045bd886566","Type":"Organisation"},"LearningActivitySpecification":{"Mode":null,"DcType":null,"Title":{"En":""},"Description":{"En":"[https://uais.cr.ktu.lt/ktuis/stp\\_report\\_ects.mdl\\_ml?p\\_kodas=MM00M117\u0026p\\_year=2024\u0026p\\_lang=EN\u0026p\\_stp\\_id=](https://uais.cr.ktu.lt/ktuis/stp_report_ects.mdl_ml?p_kodas=MM00M117\u0026amp;p_year=2024\u0026amp;p_lang=EN\u0026amp;p_stp_id=)"},"MoreInformation":[{"NoteLiteral":"Study format: Online, asynchronous course with individually planned synchronous sessions with other team members.  \nThe learning journey will span 6 weeks, covering 6 topics. Resources include video lectures, reading materials, self-assessment tasks, assigned team and individual tasks, and discussions provided in Moodle.  \nEvaluation will be based on team assignments (50%), individual assignments (25%), discussions (15%), and a final quiz (10%).\n\n[Syllabus of the micro-module](https://uais.cr.ktu.lt/ktuis/stp_report_ects.mdl_ml?p_kodas=MM00M117\u0026amp;p_year=2024\u0026amp;p_lang=EN\u0026amp;p_stp_id=)","Subject":{"InScheme":{"Id":"urn:eciu:note","Type":"ConceptScheme"},"PrefLabel":{"En":"ParticipantInformation"},"Id":"4b63edc0-7d03-4648-a9c4-9245b513b974","Type":"Concept"}}],"HasPart":null,"Id":"urn:eciu:learningActivitySpec:4b63edc0-7d03-4648-a9c4-9245b513b974","Type":"LearningActivitySpecification"},"BannerImage":null,"MoreInformation":[{"NoteLiteral":"MM00M117","Subject":{"InScheme":{"Id":"urn:eciu:note","Type":"ConceptScheme"},"PrefLabel":{"En":"SourceIdentifier"},"Id":"4b63edc0-7d03-4648-a9c4-9245b513b974","Type":"Concept"}},{"NoteLiteral":"MASTERING INTERCULTURAL TEAMWORK: A PRACTICAL VIRTUAL COURSE","Subject":{"InScheme":{"Id":"urn:eciu:note","Type":"ConceptScheme"},"PrefLabel":{"En":"SubTitle"},"Id":"4b63edc0-7d03-4648-a9c4-9245b513b974","Type":"Concept"}},{"NoteLiteral":"The international mobility of people is an ongoing and expanding process. We increasingly encounter foreigners in our daily lives and at work. This module will cover the features of intercultural and virtual teamwork, phases of teamwork, cultural differences, and decision-making. It will help you improve your global citizenship and interpersonal competencies, making you more competitive in the labour market while working in teams with people from different cultures.","Subject":{"InScheme":{"Id":"urn:eciu:note","Type":"ConceptScheme"},"PrefLabel":{"En":"Introduction"},"Id":"4b63edc0-7d03-4648-a9c4-9245b513b974","Type":"Concept"}},{"NoteLiteral":"True","Subject":{"InScheme":{"Id":"urn:eciu:note","Type":"ConceptScheme"},"PrefLabel":{"En":"GenerateMicroCredentials"},"Id":"4b63edc0-7d03-4648-a9c4-9245b513b974","Type":"Concept"}},{"NoteLiteral":"Applicants need to attach a copy of ID card/passport (document issued by the country of origin) to enrol for the KTU virtual learning environment. This does not apply to KTU students (if you are a KTU student, you may attach a blank page).\u00A0\n\nB2 level of English language proficiency is required.","Subject":{"InScheme":{"Id":"urn:eciu:note","Type":"ConceptScheme"},"PrefLabel":{"En":"AdmissionProcessInformation"},"Id":"4b63edc0-7d03-4648-a9c4-9245b513b974","Type":"Concept"}},{"NoteLiteral":"False","Subject":{"InScheme":{"Id":"urn:eciu:note","Type":"ConceptScheme"},"PrefLabel":{"En":"SimplifiedAdmissionProcess"},"Id":"4b63edc0-7d03-4648-a9c4-9245b513b974","Type":"Concept"}},{"NoteLiteral":"2024-09-04","Subject":{"InScheme":{"Id":"urn:eciu:note","Type":"ConceptScheme"},"PrefLabel":{"En":"ApplicationPeriodStartDate"},"Id":"4b63edc0-7d03-4648-a9c4-9245b513b974","Type":"Concept"}},{"NoteLiteral":"12","Subject":{"InScheme":{"Id":"urn:eciu:note","Type":"ConceptScheme"},"PrefLabel":{"En":"MaximumNumberOfSeats"},"Id":"4b63edc0-7d03-4648-a9c4-9245b513b974","Type":"Concept"}},{"NoteLiteral":"False","Subject":{"InScheme":{"Id":"urn:eciu:note","Type":"ConceptScheme"},"PrefLabel":{"En":"ECIULMSENabled"},"Id":"4b63edc0-7d03-4648-a9c4-9245b513b974","Type":"Concept"}},{"NoteLiteral":"","Subject":{"InScheme":{"Id":"urn:eciu:note","Type":"ConceptScheme"},"PrefLabel":{"En":"LMSUrl"},"Id":"4b63edc0-7d03-4648-a9c4-9245b513b974","Type":"Concept"}},{"NoteLiteral":"","Subject":{"InScheme":{"Id":"urn:eciu:note","Type":"ConceptScheme"},"PrefLabel":{"En":"TeamAccessDate"},"Id":"4b63edc0-7d03-4648-a9c4-9245b513b974","Type":"Concept"}},{"NoteLiteral":"false","Subject":{"InScheme":{"Id":"urn:eciu:note","Type":"ConceptScheme"},"PrefLabel":{"En":"SelfPaced"},"Id":"4b63edc0-7d03-4648-a9c4-9245b513b974","Type":"Concept"}},{"NoteLiteral":"0","Subject":{"InScheme":{"Id":"urn:eciu:note","Type":"ConceptScheme"},"PrefLabel":{"En":"Pace"},"Id":"4b63edc0-7d03-4648-a9c4-9245b513b974","Type":"Concept"}},{"NoteLiteral":"Standard","Subject":{"InScheme":{"Id":"urn:eciu:note","Type":"ConceptScheme"},"PrefLabel":{"En":"Scope"},"Id":"4b63edc0-7d03-4648-a9c4-9245b513b974","Type":"Concept"}}],"Id":"urn:eciu:learningOpportunity:4b63edc0-7d03-4648-a9c4-9245b513b974","Type":"LearningOpportunity"}