{"Mode":{"InScheme":{"Id":"http://data.europa.eu/snb/learning-assessment/25831c2","Type":"ConceptScheme"},"PrefLabel":{"En":"Online"},"Id":"http://data.europa.eu/snb/learning-assessment/920fbb3cbe","Type":"Concept"},"DcType":null,"Title":{"En":"Time Management Essentials"},"AdmissionsProcedure":{"NoteLiteral":{"En":"Applicants need to attach a copy of ID card/passport (document issued by the country of origin) to enrol for the KTU virtual learning environment. This does not apply to KTU students (if you are a KTU student, you may attach a blank page). \n\nB2 level of English language proficiency is required."},"Id":"urn:eciu:note:f6e7842a-5616-4731-9d2c-4ed4db84bf5a","Type":"Note"},"ApplicationDeadline":"2024-10-01","Description":{"En":"The Time Management Essentials micro-module provides you with skills necessary for navigating the demands of academic life. As students, you have to find a balance between numerous courses, their assignments, and extracurricular activities, thus, effective time management becomes of great importance. By learning to create realistic schedules and develop effective study habits, you can enhance your productivity and reduce stress. Moreover, these time management skills go beyond the academic realm and prepare you for the complexities of professional life."},"LearningAchievementSpecification":{"EQFLevel":{"InScheme":{"Id":"http://data.europa.eu/snb/eqf/25831c2","Type":"ConceptScheme"},"PrefLabel":{"En":"Level 7"},"Id":"http://data.europa.eu/snb/eqf/7","Type":"Concept"},"CreditPoint":{"Framework":{"InScheme":{"Id":"http://data.europa.eu/snb/education-credit/25831c2","Type":"ConceptScheme"},"PrefLabel":{"En":"European Credit Transfer System"},"Id":"http://data.europa.eu/snb/education-credit/6fcec5c5af","Type":"Concept"},"Point":"2,0","Id":"urn:epass:creditPoint:f6e7842a-5616-4731-9d2c-4ed4db84bf5a","Type":"CreditPoint"},"LearningOutcome":[{"Title":{"En":"Create realistic and achievable schedules"},"RelatedESCOSkill":[{"Notation":"Skill","InScheme":{"Id":"http://data.europa.eu/esco/concept-scheme/skills","Type":"ConceptScheme"},"PrefLabel":{"En":"plan"},"Id":"http://data.europa.eu/esco/skill/e49f4158-9d4c-425d-bf32-dfe89b19840a","Type":"Concept"},{"Notation":"Skill","InScheme":{"Id":"http://data.europa.eu/esco/concept-scheme/skills","Type":"ConceptScheme"},"PrefLabel":{"En":"meet commitments"},"Id":"http://data.europa.eu/esco/skill/113b4428-0a31-4199-8496-070af7854b91","Type":"Concept"},{"Notation":"Skill","InScheme":{"Id":"http://data.europa.eu/esco/concept-scheme/skills","Type":"ConceptScheme"},"PrefLabel":{"En":"show responsibility"},"Id":"http://data.europa.eu/esco/skill/199f7919-5114-41b6-b6a5-41e0e4896ec1","Type":"Concept"}],"AdditionalNote":{"NoteLiteral":{"En":"The student will be able to create realistic and achievable schedules, utilizing various planning tools and methods. "},"Id":"urn:eciu:note:d596ed4c-7044-ef11-a316-0022488b1514","Type":"Note"},"Id":"urn:epass:learningOutcome:f6e7842a-5616-4731-9d2c-4ed4db84bf5a-1","Type":"LearningOutcome"},{"Title":{"En":"Build and maintain good habits"},"RelatedESCOSkill":[{"Notation":"Skill","InScheme":{"Id":"http://data.europa.eu/esco/concept-scheme/skills","Type":"ConceptScheme"},"PrefLabel":{"En":"persist"},"Id":"http://data.europa.eu/esco/skill/f60b0a50-2e7b-46f8-9b9c-2809b10991f9","Type":"Concept"},{"Notation":"Skill","InScheme":{"Id":"http://data.europa.eu/esco/concept-scheme/skills","Type":"ConceptScheme"},"PrefLabel":{"En":"exercise self-reflection"},"Id":"http://data.europa.eu/esco/skill/409a0245-0e6c-4aac-ba16-0920ecb76a8d","Type":"Concept"}],"AdditionalNote":{"NoteLiteral":{"En":"The student will understand how to build and maintain good habits."},"Id":"urn:eciu:note:3e483320-7144-ef11-a316-0022488b1514","Type":"Note"},"Id":"urn:epass:learningOutcome:f6e7842a-5616-4731-9d2c-4ed4db84bf5a-2","Type":"LearningOutcome"},{"Title":{"En":"Implement the principles of maintaining your energy"},"RelatedESCOSkill":[{"Notation":"Skill","InScheme":{"Id":"http://data.europa.eu/esco/concept-scheme/skills","Type":"ConceptScheme"},"PrefLabel":{"En":"maintaining a positive attitude"},"Id":"http://data.europa.eu/esco/skill/2b2c3254-7f6c-47e2-84f1-aece946fbfae","Type":"Concept"}],"AdditionalNote":{"NoteLiteral":{"En":"The student will be able to implement the principles of maintaining their energy. "},"Id":"urn:eciu:note:9c6f8c68-7144-ef11-a316-0022488b1514","Type":"Note"},"Id":"urn:epass:learningOutcome:f6e7842a-5616-4731-9d2c-4ed4db84bf5a-3","Type":"LearningOutcome"}],"LearningSetting":null,"Mode":null,"Title":{"En":"Time Management Essentials"},"DcType":null,"HomePage":null,"VolumeOfLearning":null,"Id":"urn:eciu:qualification:f6e7842a-5616-4731-9d2c-4ed4db84bf5a","Type":"Qualification"},"IsPartOf":{"Mode":null,"DcType":null,"Title":{"En":"Time\u00A0Management\u00A0Essentials\u200B"},"AdmissionsProcedure":null,"ApplicationDeadline":null,"Description":null,"LearningAchievementSpecification":null,"IsPartOf":null,"Temporal":null,"ProvidedBy":null,"LearningActivitySpecification":null,"BannerImage":null,"MoreInformation":null,"Id":"urn:eciu:learningOpportunity:1d6b6f26-1f1d-ef11-840a-000d3a2a7e23","Type":"LearningOpportunity"},"Temporal":{"EndDate":"2024-10-15T00:00:00Z","Name":{"En":"Temporal"},"StartDate":"2024-11-26T00:00:00Z"},"ProvidedBy":{"Location":null,"Logo":null,"LegalName":{"En":"KAUNO TECHNOLOGIJOS UNIVERSITETAS (KTU)"},"Registration":null,"Homepage":null,"Id":"urn:eciu:org:4cc1e316-6a54-ed11-bba2-6045bd886566","Type":"Organisation"},"LearningActivitySpecification":{"Mode":null,"DcType":null,"Title":{"En":""},"Description":{"En":"[https://uais.cr.ktu.lt/ktuis/stp\\_report\\_ects.mdl\\_ml?p\\_kodas=MM00M102\u0026p\\_year=2024\u0026p\\_lang=EN\u0026p\\_stp\\_id=](https://uais.cr.ktu.lt/ktuis/stp_report_ects.mdl_ml?p_kodas=MM00M102\u0026amp;p_year=2024\u0026amp;p_lang=EN\u0026amp;p_stp_id=)"},"MoreInformation":[{"NoteLiteral":"This micro-module is PASS or FAIL. To pass the micro-module, you must achieve a score of 50% or higher for each graded activity. The highest possible grade is 100%. When you complete all the required micro-module activities, you will earn a final grade.\u00A0\n\nThe following activities will be graded:\u00A0Discussion forum participation;\u00A0Time-management improvement plan;\u00A0Reflection.\u00A0\n\nThe templates how to write your Time-Management Improvement Plan and Reflection will be provided.\u00A0\n\nThe micro-module will last for six weeks. The first and the last weeks weeks will introduce and wrap up the micro-module. Other four weeks will focus on a different topic: Goal setting and prioritizing; Time-management strategies; The power of habits; Refueling your energy.\u00A0\n\n[Syllabus of the micro-module](https://uais.cr.ktu.lt/ktuis/stp_report_ects.mdl_ml?p_kodas=MM00M102\u0026amp;p_year=2024\u0026amp;p_lang=EN\u0026amp;p_stp_id=)","Subject":{"InScheme":{"Id":"urn:eciu:note","Type":"ConceptScheme"},"PrefLabel":{"En":"ParticipantInformation"},"Id":"f6e7842a-5616-4731-9d2c-4ed4db84bf5a","Type":"Concept"}}],"HasPart":null,"Id":"urn:eciu:learningActivitySpec:f6e7842a-5616-4731-9d2c-4ed4db84bf5a","Type":"LearningActivitySpecification"},"BannerImage":null,"MoreInformation":[{"NoteLiteral":"","Subject":{"InScheme":{"Id":"urn:eciu:note","Type":"ConceptScheme"},"PrefLabel":{"En":"SourceIdentifier"},"Id":"f6e7842a-5616-4731-9d2c-4ed4db84bf5a","Type":"Concept"}},{"NoteLiteral":"Own your time to enhance efficiency and fulfilment","Subject":{"InScheme":{"Id":"urn:eciu:note","Type":"ConceptScheme"},"PrefLabel":{"En":"SubTitle"},"Id":"f6e7842a-5616-4731-9d2c-4ed4db84bf5a","Type":"Concept"}},{"NoteLiteral":"This micro-module provides you with practical strategies to prioritize tasks, set realistic goals, and allocate your time efficiently. In a world where efficient use of time is highly valued, the Time Management Essentials micro-module becomes an indispensable tool in fostering success both at university and in future career.","Subject":{"InScheme":{"Id":"urn:eciu:note","Type":"ConceptScheme"},"PrefLabel":{"En":"Introduction"},"Id":"f6e7842a-5616-4731-9d2c-4ed4db84bf5a","Type":"Concept"}},{"NoteLiteral":"True","Subject":{"InScheme":{"Id":"urn:eciu:note","Type":"ConceptScheme"},"PrefLabel":{"En":"GenerateMicroCredentials"},"Id":"f6e7842a-5616-4731-9d2c-4ed4db84bf5a","Type":"Concept"}},{"NoteLiteral":"Applicants need to attach a copy of ID card/passport (document issued by the country of origin) to enrol for the KTU virtual learning environment. This does not apply to KTU students (if you are a KTU student, you may attach a blank page).\u00A0  \n\nB2 level of English language proficiency is required.","Subject":{"InScheme":{"Id":"urn:eciu:note","Type":"ConceptScheme"},"PrefLabel":{"En":"AdmissionProcessInformation"},"Id":"f6e7842a-5616-4731-9d2c-4ed4db84bf5a","Type":"Concept"}},{"NoteLiteral":"False","Subject":{"InScheme":{"Id":"urn:eciu:note","Type":"ConceptScheme"},"PrefLabel":{"En":"SimplifiedAdmissionProcess"},"Id":"f6e7842a-5616-4731-9d2c-4ed4db84bf5a","Type":"Concept"}},{"NoteLiteral":"2024-07-18","Subject":{"InScheme":{"Id":"urn:eciu:note","Type":"ConceptScheme"},"PrefLabel":{"En":"ApplicationPeriodStartDate"},"Id":"f6e7842a-5616-4731-9d2c-4ed4db84bf5a","Type":"Concept"}},{"NoteLiteral":"10","Subject":{"InScheme":{"Id":"urn:eciu:note","Type":"ConceptScheme"},"PrefLabel":{"En":"MaximumNumberOfSeats"},"Id":"f6e7842a-5616-4731-9d2c-4ed4db84bf5a","Type":"Concept"}},{"NoteLiteral":"False","Subject":{"InScheme":{"Id":"urn:eciu:note","Type":"ConceptScheme"},"PrefLabel":{"En":"ECIULMSENabled"},"Id":"f6e7842a-5616-4731-9d2c-4ed4db84bf5a","Type":"Concept"}},{"NoteLiteral":"","Subject":{"InScheme":{"Id":"urn:eciu:note","Type":"ConceptScheme"},"PrefLabel":{"En":"LMSUrl"},"Id":"f6e7842a-5616-4731-9d2c-4ed4db84bf5a","Type":"Concept"}},{"NoteLiteral":"","Subject":{"InScheme":{"Id":"urn:eciu:note","Type":"ConceptScheme"},"PrefLabel":{"En":"TeamAccessDate"},"Id":"f6e7842a-5616-4731-9d2c-4ed4db84bf5a","Type":"Concept"}},{"NoteLiteral":"false","Subject":{"InScheme":{"Id":"urn:eciu:note","Type":"ConceptScheme"},"PrefLabel":{"En":"SelfPaced"},"Id":"f6e7842a-5616-4731-9d2c-4ed4db84bf5a","Type":"Concept"}},{"NoteLiteral":"0","Subject":{"InScheme":{"Id":"urn:eciu:note","Type":"ConceptScheme"},"PrefLabel":{"En":"Pace"},"Id":"f6e7842a-5616-4731-9d2c-4ed4db84bf5a","Type":"Concept"}},{"NoteLiteral":"Standard","Subject":{"InScheme":{"Id":"urn:eciu:note","Type":"ConceptScheme"},"PrefLabel":{"En":"Scope"},"Id":"f6e7842a-5616-4731-9d2c-4ed4db84bf5a","Type":"Concept"}}],"Id":"urn:eciu:learningOpportunity:f6e7842a-5616-4731-9d2c-4ed4db84bf5a","Type":"LearningOpportunity"}