{"Mode":{"InScheme":{"Id":"http://data.europa.eu/snb/learning-assessment/25831c2","Type":"ConceptScheme"},"PrefLabel":{"En":"Blended"},"Id":"http://data.europa.eu/snb/learning-assessment/e92d221e4d","Type":"Concept"},"DcType":null,"Title":{"En":"GPU Architectures and Programming"},"AdmissionsProcedure":{"NoteLiteral":{"En":"Video zoom link will shared after admission process is completed."},"Id":"urn:eciu:note:effffb93-12c4-4470-a869-a9ae0289b18d","Type":"Note"},"ApplicationDeadline":"2025-03-23","Description":{"En":"The course begins by providing a broad motivation for the design of multi- and many-core processors such as graphics processing units (GPUs). The first phase covers basic GPU concepts, including the evolution of GPU computing, a high-level overview of GPU architecture, and key differences from CPU architecture. Supplementary material is provided for students without a background in computer architecture fundamentals. Once a basic understanding is established, the module introduces the programming of GPUs using CUDA. The curriculum then delves into advanced concepts from both an architectural and programming perspective. To reinforce the theoretical knowledge gained in the lectures, students will engage in progressively more complex exercises throughout the module."},"LearningAchievementSpecification":{"EQFLevel":{"InScheme":{"Id":"http://data.europa.eu/snb/eqf/25831c2","Type":"ConceptScheme"},"PrefLabel":{"En":"Level 7"},"Id":"http://data.europa.eu/snb/eqf/7","Type":"Concept"},"CreditPoint":{"Framework":{"InScheme":{"Id":"http://data.europa.eu/snb/education-credit/25831c2","Type":"ConceptScheme"},"PrefLabel":{"En":"European Credit Transfer System"},"Id":"http://data.europa.eu/snb/education-credit/6fcec5c5af","Type":"Concept"},"Point":"3,0","Id":"urn:epass:creditPoint:effffb93-12c4-4470-a869-a9ae0289b18d","Type":"CreditPoint"},"LearningOutcome":[{"Title":{"En":"Effective GPU programming"},"RelatedESCOSkill":[{"Notation":"Skill","InScheme":{"Id":"http://data.europa.eu/esco/concept-scheme/skills","Type":"ConceptScheme"},"PrefLabel":{"En":"computer programming"},"Id":"http://data.europa.eu/esco/skill/21d2f96d-35f7-4e3f-9745-c533d2dd6e97","Type":"Concept"},{"Notation":"Skill","InScheme":{"Id":"http://data.europa.eu/esco/concept-scheme/skills","Type":"ConceptScheme"},"PrefLabel":{"En":"apply basic programming skills"},"Id":"http://data.europa.eu/esco/skill/bf4d884f-c848-402a-b130-69c266b04164","Type":"Concept"}],"AdditionalNote":{"NoteLiteral":{"En":"By the end of the course learners will be equiped with the skills necessary for effective GPU programming and be able to do programming."},"Id":"urn:eciu:note:0399d38f-4ce5-ef11-a730-6045bd8ba04c","Type":"Note"},"Id":"urn:epass:learningOutcome:effffb93-12c4-4470-a869-a9ae0289b18d-1","Type":"LearningOutcome"},{"Title":{"En":"Solve computationally intensive tasks faster and with lower energy consumption"},"RelatedESCOSkill":[{"Notation":"Skill","InScheme":{"Id":"http://data.europa.eu/esco/concept-scheme/skills","Type":"ConceptScheme"},"PrefLabel":{"En":"follow environmentally-sustainable work practices"},"Id":"http://data.europa.eu/esco/skill/a992f345-7c06-4982-8fc9-5fab55e316af","Type":"Concept"}],"AdditionalNote":{"NoteLiteral":{"En":"By the end of the course learners will be able to solve computationally intensive tasks faster and with lower energy consumption."},"Id":"urn:eciu:note:a8ec3110-4de5-ef11-a730-6045bd8ba04c","Type":"Note"},"Id":"urn:epass:learningOutcome:effffb93-12c4-4470-a869-a9ae0289b18d-2","Type":"LearningOutcome"},{"Title":{"En":"Understanding of the architecture of massively parallel GPUs"},"RelatedESCOSkill":[{"Notation":"Skill","InScheme":{"Id":"http://data.europa.eu/esco/concept-scheme/skills","Type":"ConceptScheme"},"PrefLabel":{"En":"use IT tools"},"Id":"http://data.europa.eu/esco/skill/f632251a-4078-4546-b19f-7ef528d08325","Type":"Concept"}],"AdditionalNote":{"NoteLiteral":{"En":"At the end of the course learners will gained a comprehensive understanding of the underlying architecture of massively parallel Graphics Processing Units (GPUs)."},"Id":"urn:eciu:note:335f465a-4de5-ef11-a730-6045bd8ba04c","Type":"Note"},"Id":"urn:epass:learningOutcome:effffb93-12c4-4470-a869-a9ae0289b18d-3","Type":"LearningOutcome"}],"LearningSetting":null,"Mode":null,"Title":{"En":"GPU Architectures and Programming"},"DcType":null,"HomePage":null,"VolumeOfLearning":null,"Id":"urn:eciu:qualification:effffb93-12c4-4470-a869-a9ae0289b18d","Type":"Qualification"},"IsPartOf":{"Mode":null,"DcType":null,"Title":{"En":"GPU Architectures and Programming"},"AdmissionsProcedure":null,"ApplicationDeadline":null,"Description":null,"LearningAchievementSpecification":null,"IsPartOf":null,"Temporal":null,"ProvidedBy":null,"LearningActivitySpecification":null,"BannerImage":null,"MoreInformation":null,"Id":"urn:eciu:learningOpportunity:7d14f650-7ed1-ee11-9079-6045bd8865c3","Type":"LearningOpportunity"},"Temporal":{"EndDate":"2025-04-10T00:00:00Z","Name":{"En":"Temporal"},"StartDate":"2025-07-17T00:00:00Z"},"ProvidedBy":{"Location":null,"Logo":null,"LegalName":{"En":"TECHNISCHE UNIVERSITAT HAMBURG (TUHH"},"Registration":null,"Homepage":null,"Id":"urn:eciu:org:d2f87009-6a54-ed11-bba2-6045bd886566","Type":"Organisation"},"LearningActivitySpecification":{"Mode":null,"DcType":null,"Title":{"En":""},"Description":null,"MoreInformation":[{"NoteLiteral":"There will be weekly lectures **every\u00A0 thursday 11.15 am - 1 pm (CET**) .\u00A0The course will mainly take a hybrid format by using a 360\u00B0 conference camera which affords an immersive meeting experience for students on-site (from TUHH) and abroad.\n\nTo achieve the three intended goals in addition to in-class instruction, students will be presented with engaging take-home programming exercises designed to complement their learning experience. These exercises are intended to be tackled asynchronously and in small teams, fostering collaborative problem-solving. Each exercise is structured to span 3-4 weeks, constituting a dedicated self-learning phase. To ensure continual support and synchronization of progress, regular online meetings will be scheduled every 3-4 weeks, during which students can receive assistance and guidance as needed. This multifaceted approach aims to reinforce theoretical concepts, enhance practical skills, and promote collaborative learning throughout the course.","Subject":{"InScheme":{"Id":"urn:eciu:note","Type":"ConceptScheme"},"PrefLabel":{"En":"ParticipantInformation"},"Id":"effffb93-12c4-4470-a869-a9ae0289b18d","Type":"Concept"}}],"HasPart":null,"Id":"urn:eciu:learningActivitySpec:effffb93-12c4-4470-a869-a9ae0289b18d","Type":"LearningActivitySpecification"},"BannerImage":null,"MoreInformation":[{"NoteLiteral":"","Subject":{"InScheme":{"Id":"urn:eciu:note","Type":"ConceptScheme"},"PrefLabel":{"En":"SourceIdentifier"},"Id":"effffb93-12c4-4470-a869-a9ae0289b18d","Type":"Concept"}},{"NoteLiteral":"Providing you with hands-on experience in solving computationally intensive tasks faster and with lower energy consumption (SoSe25)","Subject":{"InScheme":{"Id":"urn:eciu:note","Type":"ConceptScheme"},"PrefLabel":{"En":"SubTitle"},"Id":"effffb93-12c4-4470-a869-a9ae0289b18d","Type":"Concept"}},{"NoteLiteral":"The course begins by providing a broad motivation for the design of multi- and many-core processors such as graphics processing units (GPUs). The first phase covers basic GPU concepts, including the evolution of GPU computing, a high-level overview of GPU architecture, and key differences from CPU architecture. Supplementary material is provided for students without a background in computer architecture fundamentals. Once a basic understanding is established, the module introduces the programming of GPUs using CUDA. The curriculum then delves into advanced concepts from both an architectural and programming perspective. To reinforce the theoretical knowledge gained in the lectures, students will engage in progressively more complex exercises throughout the module.","Subject":{"InScheme":{"Id":"urn:eciu:note","Type":"ConceptScheme"},"PrefLabel":{"En":"Introduction"},"Id":"effffb93-12c4-4470-a869-a9ae0289b18d","Type":"Concept"}},{"NoteLiteral":"True","Subject":{"InScheme":{"Id":"urn:eciu:note","Type":"ConceptScheme"},"PrefLabel":{"En":"GenerateMicroCredentials"},"Id":"effffb93-12c4-4470-a869-a9ae0289b18d","Type":"Concept"}},{"NoteLiteral":"We particularly encourage students with a background in engineering and/or business to apply, but we welcome all other disciplines as well. Please be aware that initial programming knowledge is desirable for participation.\n\nTo apply, please send your CV and your transcript of records and make sure, all your documents are in English.\n\nAll students who pass will receive a certificate (Microcredential) from ECIU.","Subject":{"InScheme":{"Id":"urn:eciu:note","Type":"ConceptScheme"},"PrefLabel":{"En":"AdmissionProcessInformation"},"Id":"effffb93-12c4-4470-a869-a9ae0289b18d","Type":"Concept"}},{"NoteLiteral":"False","Subject":{"InScheme":{"Id":"urn:eciu:note","Type":"ConceptScheme"},"PrefLabel":{"En":"SimplifiedAdmissionProcess"},"Id":"effffb93-12c4-4470-a869-a9ae0289b18d","Type":"Concept"}},{"NoteLiteral":"2025-02-17","Subject":{"InScheme":{"Id":"urn:eciu:note","Type":"ConceptScheme"},"PrefLabel":{"En":"ApplicationPeriodStartDate"},"Id":"effffb93-12c4-4470-a869-a9ae0289b18d","Type":"Concept"}},{"NoteLiteral":"20","Subject":{"InScheme":{"Id":"urn:eciu:note","Type":"ConceptScheme"},"PrefLabel":{"En":"MaximumNumberOfSeats"},"Id":"effffb93-12c4-4470-a869-a9ae0289b18d","Type":"Concept"}},{"NoteLiteral":"False","Subject":{"InScheme":{"Id":"urn:eciu:note","Type":"ConceptScheme"},"PrefLabel":{"En":"ECIULMSENabled"},"Id":"effffb93-12c4-4470-a869-a9ae0289b18d","Type":"Concept"}},{"NoteLiteral":"","Subject":{"InScheme":{"Id":"urn:eciu:note","Type":"ConceptScheme"},"PrefLabel":{"En":"LMSUrl"},"Id":"effffb93-12c4-4470-a869-a9ae0289b18d","Type":"Concept"}},{"NoteLiteral":"","Subject":{"InScheme":{"Id":"urn:eciu:note","Type":"ConceptScheme"},"PrefLabel":{"En":"TeamAccessDate"},"Id":"effffb93-12c4-4470-a869-a9ae0289b18d","Type":"Concept"}},{"NoteLiteral":"false","Subject":{"InScheme":{"Id":"urn:eciu:note","Type":"ConceptScheme"},"PrefLabel":{"En":"SelfPaced"},"Id":"effffb93-12c4-4470-a869-a9ae0289b18d","Type":"Concept"}},{"NoteLiteral":"20","Subject":{"InScheme":{"Id":"urn:eciu:note","Type":"ConceptScheme"},"PrefLabel":{"En":"Pace"},"Id":"effffb93-12c4-4470-a869-a9ae0289b18d","Type":"Concept"}},{"NoteLiteral":"Standard","Subject":{"InScheme":{"Id":"urn:eciu:note","Type":"ConceptScheme"},"PrefLabel":{"En":"Scope"},"Id":"effffb93-12c4-4470-a869-a9ae0289b18d","Type":"Concept"}}],"Id":"urn:eciu:learningOpportunity:effffb93-12c4-4470-a869-a9ae0289b18d","Type":"LearningOpportunity"}