{"Mode":{"InScheme":{"Id":"http://data.europa.eu/snb/learning-assessment/25831c2","Type":"ConceptScheme"},"PrefLabel":{"En":"Project based"},"Id":"http://data.europa.eu/snb/learning-assessment/7813801c77","Type":"Concept"},"DcType":null,"Title":{"En":"Leading Systemic Change"},"AdmissionsProcedure":null,"ApplicationDeadline":"2025-02-21","Description":{"En":"## Leading Systematic Change\n\nIn this course we will holistically assess complex system behaviors by examining their various complexities, including technical, human, political, resource, and environmental processes. Thereby, we aim to understand how changes and various design solution alternatives impact the extended life of systems and organizations.  \n\nExploring how to manage changes in the design, development, and deployment of systems requires individuals to conceptualize and understand the inherent complexities. It also requires ongoing planning and implementing organizational, team, or individual change within the working environment.  \n\nIn this course you will increase your knowledge of and skills in the change making process which has many different layers: cognitive, behavioral, and affective. You will also learn to assess system behaviors by examining the various complexities of engineering systems, including technical, human, political, resource, and environmental processes.\n\nThe world is filled with messy, complex, \u2018wicked\u2019 problems. These issues are multi-layered, circular, and systemic in nature. Yet, many engineers, managers, and analysts attempt to simplify these systems into linear models with simple relationships. The consequence of this approach is that adopted interventions tend to only work for the short term, if they work at all, or have significant unintended consequences."},"LearningAchievementSpecification":{"EQFLevel":{"InScheme":{"Id":"http://data.europa.eu/snb/eqf/25831c2","Type":"ConceptScheme"},"PrefLabel":{"En":"Level 7"},"Id":"http://data.europa.eu/snb/eqf/7","Type":"Concept"},"CreditPoint":{"Framework":{"InScheme":{"Id":"http://data.europa.eu/snb/education-credit/25831c2","Type":"ConceptScheme"},"PrefLabel":{"En":"European Credit Transfer System"},"Id":"http://data.europa.eu/snb/education-credit/6fcec5c5af","Type":"Concept"},"Point":"10,0","Id":"urn:epass:creditPoint:8ad62e58-cc1b-467f-bd91-c6281794d9e0","Type":"CreditPoint"},"LearningOutcome":[{"Title":{"En":"Reflect on your own behaviors and challenges as a future change agent"},"RelatedESCOSkill":[{"Notation":"Skill","InScheme":{"Id":"http://data.europa.eu/esco/concept-scheme/skills","Type":"ConceptScheme"},"PrefLabel":{"En":"exercise self-reflection"},"Id":"http://data.europa.eu/esco/skill/409a0245-0e6c-4aac-ba16-0920ecb76a8d","Type":"Concept"},{"Notation":"Skill","InScheme":{"Id":"http://data.europa.eu/esco/concept-scheme/skills","Type":"ConceptScheme"},"PrefLabel":{"En":"self-management skills and competences"},"Id":"http://data.europa.eu/esco/skill/021a23e1-907e-4627-b05a-555f889cbb65","Type":"Concept"}],"AdditionalNote":{"NoteLiteral":{"En":"The learner can reflect on own behaviors and challenges as a future change agent and how they might positively or negatively affect others in the change process."},"Id":"urn:eciu:note:01c4eb9d-8cbc-ef11-b8e8-6045bd943bbb","Type":"Note"},"Id":"urn:epass:learningOutcome:8ad62e58-cc1b-467f-bd91-c6281794d9e0-1","Type":"LearningOutcome"},{"Title":{"En":"Apply systems thinking with a series of various models"},"RelatedESCOSkill":[{"Notation":"Skill","InScheme":{"Id":"http://data.europa.eu/esco/concept-scheme/skills","Type":"ConceptScheme"},"PrefLabel":{"En":"project management"},"Id":"http://data.europa.eu/esco/skill/7111b95d-0ce3-441a-9d92-4c75d05c4388","Type":"Concept"},{"Notation":"Skill","InScheme":{"Id":"http://data.europa.eu/esco/concept-scheme/skills","Type":"ConceptScheme"},"PrefLabel":{"En":"apply systemic design thinking"},"Id":"http://data.europa.eu/esco/skill/4d30ad07-9e39-4899-81dd-02b280f162f9","Type":"Concept"},{"Notation":"Skill","InScheme":{"Id":"http://data.europa.eu/esco/concept-scheme/skills","Type":"ConceptScheme"},"PrefLabel":{"En":"evaluate data, information and digital content"},"Id":"http://data.europa.eu/esco/skill/1d6c7de4-350e-4868-a47b-333b4b0d9650","Type":"Concept"}],"AdditionalNote":{"NoteLiteral":{"En":"The learner can apply systems thinking with a series of various models, and tools that support the decision-making process within a specific project."},"Id":"urn:eciu:note:1db7012e-8fbc-ef11-b8e8-6045bd943bbb","Type":"Note"},"Id":"urn:epass:learningOutcome:8ad62e58-cc1b-467f-bd91-c6281794d9e0-2","Type":"LearningOutcome"},{"Title":{"En":"Integrate the insights into implementable advice"},"RelatedESCOSkill":[{"Notation":"Skill","InScheme":{"Id":"http://data.europa.eu/esco/concept-scheme/skills","Type":"ConceptScheme"},"PrefLabel":{"En":"social entrepreneur"},"Id":"http://data.europa.eu/esco/occupation/73b10c97-b003-45dc-a36d-c1d585c04be1","Type":"Concept"},{"Notation":"Skill","InScheme":{"Id":"http://data.europa.eu/esco/concept-scheme/skills","Type":"ConceptScheme"},"PrefLabel":{"En":"solve problems"},"Id":"http://data.europa.eu/esco/skill/adc6dc11-3376-467b-96c5-9b0a21edc869","Type":"Concept"},{"Notation":"Skill","InScheme":{"Id":"http://data.europa.eu/esco/concept-scheme/skills","Type":"ConceptScheme"},"PrefLabel":{"En":"formulate findings"},"Id":"http://data.europa.eu/esco/skill/6eaeea3a-f100-43e4-b694-16a4dc5a79e1","Type":"Concept"}],"AdditionalNote":{"NoteLiteral":{"En":"The learner can integrate the insights into implementable advice for the challenge provider."},"Id":"urn:eciu:note:559121d6-8fbc-ef11-b8e8-6045bd943bbb","Type":"Note"},"Id":"urn:epass:learningOutcome:8ad62e58-cc1b-467f-bd91-c6281794d9e0-3","Type":"LearningOutcome"},{"Title":{"En":"Explain how different scientific perspectives"},"RelatedESCOSkill":[{"Notation":"Skill","InScheme":{"Id":"http://data.europa.eu/esco/concept-scheme/skills","Type":"ConceptScheme"},"PrefLabel":{"En":"business knowledge"},"Id":"http://data.europa.eu/esco/skill/fcb2b5f4-3a64-42f2-987a-073bea986104","Type":"Concept"}],"AdditionalNote":{"NoteLiteral":{"En":"The learner can explain how different scientific perspectives on organizational/team/individual-level change theories are applied in real-life cases."},"Id":"urn:eciu:note:12081699-acb8-ef11-b8e8-6045bd9640df","Type":"Note"},"Id":"urn:epass:learningOutcome:8ad62e58-cc1b-467f-bd91-c6281794d9e0-4","Type":"LearningOutcome"},{"Title":{"En":"Understand the complexities of engineering systems"},"RelatedESCOSkill":[{"Notation":"Skill","InScheme":{"Id":"http://data.europa.eu/esco/concept-scheme/skills","Type":"ConceptScheme"},"PrefLabel":{"En":"think holistically"},"Id":"http://data.europa.eu/esco/skill/d56e2c2f-3e01-4b76-a7bb-ecb6d430172f","Type":"Concept"},{"Notation":"Skill","InScheme":{"Id":"http://data.europa.eu/esco/concept-scheme/skills","Type":"ConceptScheme"},"PrefLabel":{"En":"digital competencies"},"Id":"http://data.europa.eu/esco/skill/aeecc330-0be9-419f-bddb-5218de926004","Type":"Concept"}],"AdditionalNote":{"NoteLiteral":{"En":"The learner can understand the complexities of engineering systems, and the implications of change on system behavior, and visualize them effectively."},"Id":"urn:eciu:note:99c853c5-acb8-ef11-b8e8-6045bd9640df","Type":"Note"},"Id":"urn:epass:learningOutcome:8ad62e58-cc1b-467f-bd91-c6281794d9e0-5","Type":"LearningOutcome"},{"Title":{"En":"Evaluate the external and internal environment of the case"},"RelatedESCOSkill":[{"Notation":"Skill","InScheme":{"Id":"http://data.europa.eu/esco/concept-scheme/skills","Type":"ConceptScheme"},"PrefLabel":{"En":"show responsibility"},"Id":"http://data.europa.eu/esco/skill/199f7919-5114-41b6-b6a5-41e0e4896ec1","Type":"Concept"},{"Notation":"Skill","InScheme":{"Id":"http://data.europa.eu/esco/concept-scheme/skills","Type":"ConceptScheme"},"PrefLabel":{"En":"think innovately"},"Id":"http://data.europa.eu/esco/skill/c2a0c52c-0b4b-4180-a918-92650ea3b458","Type":"Concept"}],"AdditionalNote":{"NoteLiteral":{"En":"The learner can evaluate the external and internal environment of the case, design points of improvement, and how this relates to responsible change."},"Id":"urn:eciu:note:e13d0e25-adb8-ef11-b8e8-6045bd9640df","Type":"Note"},"Id":"urn:epass:learningOutcome:8ad62e58-cc1b-467f-bd91-c6281794d9e0-6","Type":"LearningOutcome"},{"Title":{"En":"Analyze the role of stakeholders"},"RelatedESCOSkill":[{"Notation":"Skill","InScheme":{"Id":"http://data.europa.eu/esco/concept-scheme/skills","Type":"ConceptScheme"},"PrefLabel":{"En":"manage relationships with stakeholders"},"Id":"http://data.europa.eu/esco/skill/1af2db15-2af9-44dd-9639-bf1fc69d4c34","Type":"Concept"},{"Notation":"Skill","InScheme":{"Id":"http://data.europa.eu/esco/concept-scheme/skills","Type":"ConceptScheme"},"PrefLabel":{"En":"engage with stakeholders"},"Id":"http://data.europa.eu/esco/skill/99c4c69a-025c-464f-adda-874c7f107a31","Type":"Concept"}],"AdditionalNote":{"NoteLiteral":{"En":"The learner can analyze the role of stakeholders and incorporate them with various views aspects of complex systems."},"Id":"urn:eciu:note:70ff337d-adb8-ef11-b8e8-6045bd9640df","Type":"Note"},"Id":"urn:epass:learningOutcome:8ad62e58-cc1b-467f-bd91-c6281794d9e0-7","Type":"LearningOutcome"}],"LearningSetting":null,"Mode":null,"Title":{"En":"Leading Systemic Change"},"DcType":null,"HomePage":null,"VolumeOfLearning":"PT0H","Id":"urn:eciu:qualification:8ad62e58-cc1b-467f-bd91-c6281794d9e0","Type":"Qualification"},"IsPartOf":{"Mode":null,"DcType":null,"Title":{"En":"Leading Systemic Change"},"AdmissionsProcedure":null,"ApplicationDeadline":null,"Description":null,"LearningAchievementSpecification":null,"IsPartOf":null,"Temporal":null,"ProvidedBy":null,"LearningActivitySpecification":null,"BannerImage":null,"MoreInformation":null,"Id":"urn:eciu:learningOpportunity:ec5d56b5-aab8-ef11-b8e8-6045bd9640df","Type":"LearningOpportunity"},"Temporal":{"EndDate":"2025-04-22T00:00:00Z","Name":{"En":"Temporal"},"StartDate":"2025-07-04T00:00:00Z"},"ProvidedBy":{"Location":null,"Logo":null,"LegalName":{"En":"UNIVERSITEIT TWENTE (UT)"},"Registration":null,"Homepage":null,"Id":"urn:eciu:org:813e9d57-6a54-ed11-bba2-6045bd886566","Type":"Organisation"},"LearningActivitySpecification":{"Mode":null,"DcType":null,"Title":{"En":""},"Description":null,"MoreInformation":[{"NoteLiteral":"## Learning Activities\n\nThe challenge is workshop-based with 1) group work, 2) advisory report, 3) final presentation of advisory report, and 4) individual presentation (reflections)\n\n## Learning Schedule:\n\n**Physical presence in Enschede, the Netherlands is required for the full course from 22 April until 4 July, 2025.** If you require travel/mobility assistance, please contact your local mobility office via the Contact Us form.\n\nGeneral schedule (subject to change):\n\n- Every Tuesday 13.45-17.30\n- Every Wednesday 13.45-17.30\n- Every Thursday 13.45-17.30\n- **3x Friday 8.45-17.30. 2 May, 23 May, 13 June**\n\n## Learning Assessment\n\nAssessment is pass/fail with extensive feedback.","Subject":{"InScheme":{"Id":"urn:eciu:note","Type":"ConceptScheme"},"PrefLabel":{"En":"ParticipantInformation"},"Id":"8ad62e58-cc1b-467f-bd91-c6281794d9e0","Type":"Concept"}}],"HasPart":null,"Id":"urn:eciu:learningActivitySpec:8ad62e58-cc1b-467f-bd91-c6281794d9e0","Type":"LearningActivitySpecification"},"BannerImage":null,"MoreInformation":[{"NoteLiteral":"","Subject":{"InScheme":{"Id":"urn:eciu:note","Type":"ConceptScheme"},"PrefLabel":{"En":"SourceIdentifier"},"Id":"8ad62e58-cc1b-467f-bd91-c6281794d9e0","Type":"Concept"}},{"NoteLiteral":"Learn how to manage the change-making process by designing, developing, and deploying holistic systems thinking","Subject":{"InScheme":{"Id":"urn:eciu:note","Type":"ConceptScheme"},"PrefLabel":{"En":"SubTitle"},"Id":"8ad62e58-cc1b-467f-bd91-c6281794d9e0","Type":"Concept"}},{"NoteLiteral":"In this course we will holistically assess complex system behaviors by examining their various complexities, including technical, human, political, resource, and environmental processes. Thereby, we aim to understand how changes and various design solution alternatives impact the extended life of systems and organizations. \n\nExploring how to manage changes in the design, development, and deployment of systems requires individuals to conceptualize and understand the inherent complexities. It also requires ongoing planning and implementing organizational, team, or individual change within the working environment. \n\nIn this course you will increase your knowledge of and skills in the change making process which has many different layers: cognitive, behavioral, and affective. You will also learn to assess system behaviors by examining the various complexities of engineering systems, including technical, human, political, resource, and environmental processes. \n\nThe world is filled with messy, complex, \u2018wicked\u2019 problems. These issues are multi-layered, circular, and systemic in nature. Yet, many engineers, managers, and analysts attempt to simplify these systems into linear models with simple relationships. The consequence of this approach is that adopted interventions tend to only work for the short term, if they work at all, or have significant unintended consequences.","Subject":{"InScheme":{"Id":"urn:eciu:note","Type":"ConceptScheme"},"PrefLabel":{"En":"Introduction"},"Id":"8ad62e58-cc1b-467f-bd91-c6281794d9e0","Type":"Concept"}},{"NoteLiteral":"True","Subject":{"InScheme":{"Id":"urn:eciu:note","Type":"ConceptScheme"},"PrefLabel":{"En":"GenerateMicroCredentials"},"Id":"8ad62e58-cc1b-467f-bd91-c6281794d9e0","Type":"Concept"}},{"NoteLiteral":"There are no explicit domain prerequisites, but an open attitude towards wicked problems, interdisciplinary team work and international competences are required. Therefore a letter of motivation is needed from each applicant.\n\nIf needed, additional information of applicants/applications can be asked by the teamchers.\u00A0You will receive the result of your application soon after the application deadline. If you are accepted and you\u2019ve accepted the digital offer yourself too, more information will follow to make sure you\u2019ll get access to everything you need.","Subject":{"InScheme":{"Id":"urn:eciu:note","Type":"ConceptScheme"},"PrefLabel":{"En":"AdmissionProcessInformation"},"Id":"8ad62e58-cc1b-467f-bd91-c6281794d9e0","Type":"Concept"}},{"NoteLiteral":"False","Subject":{"InScheme":{"Id":"urn:eciu:note","Type":"ConceptScheme"},"PrefLabel":{"En":"SimplifiedAdmissionProcess"},"Id":"8ad62e58-cc1b-467f-bd91-c6281794d9e0","Type":"Concept"}},{"NoteLiteral":"2024-12-13","Subject":{"InScheme":{"Id":"urn:eciu:note","Type":"ConceptScheme"},"PrefLabel":{"En":"ApplicationPeriodStartDate"},"Id":"8ad62e58-cc1b-467f-bd91-c6281794d9e0","Type":"Concept"}},{"NoteLiteral":"30","Subject":{"InScheme":{"Id":"urn:eciu:note","Type":"ConceptScheme"},"PrefLabel":{"En":"MaximumNumberOfSeats"},"Id":"8ad62e58-cc1b-467f-bd91-c6281794d9e0","Type":"Concept"}},{"NoteLiteral":"False","Subject":{"InScheme":{"Id":"urn:eciu:note","Type":"ConceptScheme"},"PrefLabel":{"En":"ECIULMSENabled"},"Id":"8ad62e58-cc1b-467f-bd91-c6281794d9e0","Type":"Concept"}},{"NoteLiteral":"","Subject":{"InScheme":{"Id":"urn:eciu:note","Type":"ConceptScheme"},"PrefLabel":{"En":"LMSUrl"},"Id":"8ad62e58-cc1b-467f-bd91-c6281794d9e0","Type":"Concept"}},{"NoteLiteral":"","Subject":{"InScheme":{"Id":"urn:eciu:note","Type":"ConceptScheme"},"PrefLabel":{"En":"TeamAccessDate"},"Id":"8ad62e58-cc1b-467f-bd91-c6281794d9e0","Type":"Concept"}},{"NoteLiteral":"false","Subject":{"InScheme":{"Id":"urn:eciu:note","Type":"ConceptScheme"},"PrefLabel":{"En":"SelfPaced"},"Id":"8ad62e58-cc1b-467f-bd91-c6281794d9e0","Type":"Concept"}},{"NoteLiteral":"66","Subject":{"InScheme":{"Id":"urn:eciu:note","Type":"ConceptScheme"},"PrefLabel":{"En":"Pace"},"Id":"8ad62e58-cc1b-467f-bd91-c6281794d9e0","Type":"Concept"}},{"NoteLiteral":"Standard","Subject":{"InScheme":{"Id":"urn:eciu:note","Type":"ConceptScheme"},"PrefLabel":{"En":"Scope"},"Id":"8ad62e58-cc1b-467f-bd91-c6281794d9e0","Type":"Concept"}}],"Id":"urn:eciu:learningOpportunity:8ad62e58-cc1b-467f-bd91-c6281794d9e0","Type":"LearningOpportunity"}