{"Mode":{"InScheme":{"Id":"http://data.europa.eu/snb/learning-assessment/25831c2","Type":"ConceptScheme"},"PrefLabel":{"En":"Online"},"Id":"http://data.europa.eu/snb/learning-assessment/920fbb3cbe","Type":"Concept"},"DcType":null,"Title":{"En":"Social Haptic Communication"},"AdmissionsProcedure":{"NoteLiteral":{"En":"\u0022Once you have received your TUNI Credentials and have successfully logged in to DigiCampus, head over the the course \u0022\u0022Methods and technologies for accessibility and their evaluation\u0022\u0022.\u00A0The enrolment key is \u0022\u002220methods21\u0022\u0022\n\nThis is an umbrella course, under which several courses relating to accessibility can be found. From there you will be able to access the learning opportunity you have signed up for \u0022\u0022Social Haptic Communication\u0022\u0022.\n\nLink to DigiCampus: digicampus.fi/?lang=en\nLink to the umbrella course in DigiCampus: digicampus.fi/course/view.php?id=1193\u0022"},"Id":"urn:eciu:note:f8fc1031-b322-40c5-a554-5fec42e6ef85","Type":"Note"},"ApplicationDeadline":"2024-12-01","Description":{"En":"The course gives an overview of social-haptic communication as a communication approach for people with sensory loss (visual impaired, hearing impaired, dual sensory impaired), other client groups (dementia, learning difficulties etc.) with friends, family and professionals."},"LearningAchievementSpecification":{"EQFLevel":{"InScheme":{"Id":"http://data.europa.eu/snb/eqf/25831c2","Type":"ConceptScheme"},"PrefLabel":{"En":"Level 7"},"Id":"http://data.europa.eu/snb/eqf/7","Type":"Concept"},"CreditPoint":{"Framework":{"InScheme":{"Id":"http://data.europa.eu/snb/education-credit/25831c2","Type":"ConceptScheme"},"PrefLabel":{"En":"European Credit Transfer System"},"Id":"http://data.europa.eu/snb/education-credit/6fcec5c5af","Type":"Concept"},"Point":"1,0","Id":"urn:epass:creditPoint:f8fc1031-b322-40c5-a554-5fec42e6ef85","Type":"CreditPoint"},"LearningOutcome":[{"Title":{"En":"Learning Outcome 1"},"RelatedESCOSkill":[{"Notation":"Skill","InScheme":{"Id":"http://data.europa.eu/esco/concept-scheme/skills","Type":"ConceptScheme"},"PrefLabel":{"En":"communicate using non-verbal language"},"Id":"http://data.europa.eu/esco/skill/8813bf9b-86f3-47d1-849d-399121e6d429","Type":"Concept"}],"AdditionalNote":{"NoteLiteral":{"En":"The student will know the most important concepts related to social-haptic communication."},"Id":"urn:eciu:note:5e3ff540-d410-ee11-8f6d-6045bd886fac","Type":"Note"},"Id":"urn:epass:learningOutcome:f8fc1031-b322-40c5-a554-5fec42e6ef85-1","Type":"LearningOutcome"},{"Title":{"En":"Learning Outcome 2"},"RelatedESCOSkill":[{"Notation":"Skill","InScheme":{"Id":"http://data.europa.eu/esco/concept-scheme/skills","Type":"ConceptScheme"},"PrefLabel":{"En":"body language"},"Id":"http://data.europa.eu/esco/skill/1a59af95-f36a-4d99-a5ca-6a7a46e2ecb0","Type":"Concept"}],"AdditionalNote":{"NoteLiteral":{"En":"The student will understand the basics of how touch messages are produced and received."},"Id":"urn:eciu:note:f6525a53-d410-ee11-8f6d-6045bd886fac","Type":"Note"},"Id":"urn:epass:learningOutcome:f8fc1031-b322-40c5-a554-5fec42e6ef85-2","Type":"LearningOutcome"},{"Title":{"En":"Learning Outcome 3"},"RelatedESCOSkill":[{"Notation":"Skill","InScheme":{"Id":"http://data.europa.eu/esco/concept-scheme/skills","Type":"ConceptScheme"},"PrefLabel":{"En":"communicate using non-verbal language"},"Id":"http://data.europa.eu/esco/skill/8813bf9b-86f3-47d1-849d-399121e6d429","Type":"Concept"}],"AdditionalNote":{"NoteLiteral":{"En":"The student will explore how haptic exploration can be express by other senses."},"Id":"urn:eciu:note:04e18a60-d410-ee11-8f6d-6045bd886fac","Type":"Note"},"Id":"urn:epass:learningOutcome:f8fc1031-b322-40c5-a554-5fec42e6ef85-3","Type":"LearningOutcome"},{"Title":{"En":"Learning Outcome 4"},"RelatedESCOSkill":[{"Notation":"Skill","InScheme":{"Id":"http://data.europa.eu/esco/concept-scheme/skills","Type":"ConceptScheme"},"PrefLabel":{"En":"demonstrate willingness to learn"},"Id":"http://data.europa.eu/esco/skill/A1.8.0","Type":"Concept"}],"AdditionalNote":{"NoteLiteral":{"En":"The student will share future development possibilities; touch messages received by smart clothes."},"Id":"urn:eciu:note:5c38ae6c-d410-ee11-8f6d-6045bd886fac","Type":"Note"},"Id":"urn:epass:learningOutcome:f8fc1031-b322-40c5-a554-5fec42e6ef85-4","Type":"LearningOutcome"}],"LearningSetting":null,"Mode":null,"Title":{"En":"Social Haptic Communication"},"DcType":null,"HomePage":null,"VolumeOfLearning":null,"Id":"urn:eciu:qualification:f8fc1031-b322-40c5-a554-5fec42e6ef85","Type":"Qualification"},"IsPartOf":{"Mode":null,"DcType":null,"Title":{"En":"Social Haptic Communication"},"AdmissionsProcedure":null,"ApplicationDeadline":null,"Description":null,"LearningAchievementSpecification":null,"IsPartOf":null,"Temporal":null,"ProvidedBy":null,"LearningActivitySpecification":null,"BannerImage":null,"MoreInformation":[{"NoteLiteral":"ACC.080","Subject":{"InScheme":{"Id":"urn:eciu:note","Type":"ConceptScheme"},"PrefLabel":{"En":"EducationIdentifier"},"Id":"6b8521fa-3ad5-ed11-a7c7-6045bd886fac","Type":"Concept"}}],"Id":"urn:eciu:learningOpportunity:6b8521fa-3ad5-ed11-a7c7-6045bd886fac","Type":"LearningOpportunity"},"Temporal":{"EndDate":"2023-08-06T00:00:00Z","Name":{"En":"Temporal"},"StartDate":"2024-12-31T00:00:00Z"},"ProvidedBy":{"Location":null,"Logo":null,"LegalName":{"En":"TAMPEREEN KORKEAKOULUSAATIO SR (TAU)"},"Registration":null,"Homepage":null,"Id":"urn:eciu:org:8f142831-6a54-ed11-bba2-6045bd886566","Type":"Organisation"},"LearningActivitySpecification":{"Mode":null,"DcType":null,"Title":{"En":""},"Description":null,"MoreInformation":[{"NoteLiteral":"This is a nonstoop MOOC (Massive Open Online course). This means the course is fully online and you can take it at your own pace according to your own schedule.  \n  \nThis MOOC is offered by Tampere University on the DigiCampus platform. Once you have your TUNI credentials, log in to DigiCampus by using the choice \u0022Login with HAKA Account\u0022, select \u0022Tampere Universities\u0022and use your tuni.fi account. In DigiCampus, head over the the course \u0022Methods and technologies for accessibility and their evaluation\u0022.\u00A0The enrolment key is \u002220methods21\u0022. From this module, select the course you applied for.  \n  \nLink to DigiCampus: digicampus.fi/?lang=en  \nDirect link to the course: digicampus.fi/course/view.php?id=1193","Subject":{"InScheme":{"Id":"urn:eciu:note","Type":"ConceptScheme"},"PrefLabel":{"En":"ParticipantInformation"},"Id":"f8fc1031-b322-40c5-a554-5fec42e6ef85","Type":"Concept"}}],"HasPart":null,"Id":"urn:eciu:learningActivitySpec:f8fc1031-b322-40c5-a554-5fec42e6ef85","Type":"LearningActivitySpecification"},"BannerImage":null,"MoreInformation":[{"NoteLiteral":"","Subject":{"InScheme":{"Id":"urn:eciu:note","Type":"ConceptScheme"},"PrefLabel":{"En":"SourceIdentifier"},"Id":"f8fc1031-b322-40c5-a554-5fec42e6ef85","Type":"Concept"}},{"NoteLiteral":"Nonstop MOOC on methods and technologies for accessibility","Subject":{"InScheme":{"Id":"urn:eciu:note","Type":"ConceptScheme"},"PrefLabel":{"En":"SubTitle"},"Id":"f8fc1031-b322-40c5-a554-5fec42e6ef85","Type":"Concept"}},{"NoteLiteral":"This course is part of the larger module \u0022Methods and technologies for accessibility and their evaluation\u0022 which consists of over 25 modules (1 ECT each). If you want to become an expert at creating digitally accessible services, make sure to check them out.","Subject":{"InScheme":{"Id":"urn:eciu:note","Type":"ConceptScheme"},"PrefLabel":{"En":"Introduction"},"Id":"f8fc1031-b322-40c5-a554-5fec42e6ef85","Type":"Concept"}},{"NoteLiteral":"True","Subject":{"InScheme":{"Id":"urn:eciu:note","Type":"ConceptScheme"},"PrefLabel":{"En":"GenerateMicroCredentials"},"Id":"f8fc1031-b322-40c5-a554-5fec42e6ef85","Type":"Concept"}},{"NoteLiteral":"This Micromodule is open to all ECIU students and there is no specific admissions process, rather all interested students will have the change to take the course.","Subject":{"InScheme":{"Id":"urn:eciu:note","Type":"ConceptScheme"},"PrefLabel":{"En":"AdmissionProcessInformation"},"Id":"f8fc1031-b322-40c5-a554-5fec42e6ef85","Type":"Concept"}},{"NoteLiteral":"True","Subject":{"InScheme":{"Id":"urn:eciu:note","Type":"ConceptScheme"},"PrefLabel":{"En":"SimplifiedAdmissionProcess"},"Id":"f8fc1031-b322-40c5-a554-5fec42e6ef85","Type":"Concept"}},{"NoteLiteral":"2023-08-06","Subject":{"InScheme":{"Id":"urn:eciu:note","Type":"ConceptScheme"},"PrefLabel":{"En":"ApplicationPeriodStartDate"},"Id":"f8fc1031-b322-40c5-a554-5fec42e6ef85","Type":"Concept"}},{"NoteLiteral":"100","Subject":{"InScheme":{"Id":"urn:eciu:note","Type":"ConceptScheme"},"PrefLabel":{"En":"MaximumNumberOfSeats"},"Id":"f8fc1031-b322-40c5-a554-5fec42e6ef85","Type":"Concept"}},{"NoteLiteral":"False","Subject":{"InScheme":{"Id":"urn:eciu:note","Type":"ConceptScheme"},"PrefLabel":{"En":"ECIULMSENabled"},"Id":"f8fc1031-b322-40c5-a554-5fec42e6ef85","Type":"Concept"}},{"NoteLiteral":"https://digicampus.fi/course/view.php?id=1193","Subject":{"InScheme":{"Id":"urn:eciu:note","Type":"ConceptScheme"},"PrefLabel":{"En":"LMSUrl"},"Id":"f8fc1031-b322-40c5-a554-5fec42e6ef85","Type":"Concept"}},{"NoteLiteral":"","Subject":{"InScheme":{"Id":"urn:eciu:note","Type":"ConceptScheme"},"PrefLabel":{"En":"TeamAccessDate"},"Id":"f8fc1031-b322-40c5-a554-5fec42e6ef85","Type":"Concept"}},{"NoteLiteral":"false","Subject":{"InScheme":{"Id":"urn:eciu:note","Type":"ConceptScheme"},"PrefLabel":{"En":"SelfPaced"},"Id":"f8fc1031-b322-40c5-a554-5fec42e6ef85","Type":"Concept"}},{"NoteLiteral":"0","Subject":{"InScheme":{"Id":"urn:eciu:note","Type":"ConceptScheme"},"PrefLabel":{"En":"Pace"},"Id":"f8fc1031-b322-40c5-a554-5fec42e6ef85","Type":"Concept"}},{"NoteLiteral":"Standard","Subject":{"InScheme":{"Id":"urn:eciu:note","Type":"ConceptScheme"},"PrefLabel":{"En":"Scope"},"Id":"f8fc1031-b322-40c5-a554-5fec42e6ef85","Type":"Concept"}}],"Id":"urn:eciu:learningOpportunity:f8fc1031-b322-40c5-a554-5fec42e6ef85","Type":"LearningOpportunity"}