{"Mode":{"InScheme":{"Id":"http://data.europa.eu/snb/learning-assessment/25831c2","Type":"ConceptScheme"},"PrefLabel":{"En":"Online"},"Id":"http://data.europa.eu/snb/learning-assessment/920fbb3cbe","Type":"Concept"},"DcType":null,"Title":{"En":"Entity Relationship Modelling"},"AdmissionsProcedure":{"NoteLiteral":{"En":"Entry requirements: \n\u2022\tStudent at any of the universities of the ECIU;\n\u2022\tB2 level of English language proficiency.\nApplicants need to attach a copy of ID card / passport (document issued by the country of origin) to enrol in the KTU virtual learning environment. This does not apply to KTU students (if you are a KTU student, you may attach a blank page).\nStudents, who are admitted and accepted the offered place in the micro-module, will be informed by email on the steps to take in order to gain access to the KTU virtual learning environment. Students will receive an email from the teacher of the micro-module on the first day of the start of module.\nStudents who have dropped out from the KTU micro-module(s) in the autumn 2024 are not eligible to enrol in the KTU micro-module(s) in the spring 2025."},"Id":"urn:eciu:note:fccee461-48bc-ef11-b8e8-7c1e525dc572","Type":"Note"},"ApplicationDeadline":"2025-02-23","Description":{"En":"This micro-module will introduce the students to the concepts of entity relationship modeling. After completing the micro-module, students will be able to analyze and define entities that compose a chosen domain and develop an entity relationship model using Unified Modeling Language. The developed models can be used as a generalized list of concepts of a domain or be used as a basis for database development."},"LearningAchievementSpecification":{"EQFLevel":{"InScheme":{"Id":"http://data.europa.eu/snb/eqf/25831c2","Type":"ConceptScheme"},"PrefLabel":{"En":"Level 7"},"Id":"http://data.europa.eu/snb/eqf/7","Type":"Concept"},"CreditPoint":{"Framework":{"InScheme":{"Id":"http://data.europa.eu/snb/education-credit/25831c2","Type":"ConceptScheme"},"PrefLabel":{"En":"European Credit Transfer System"},"Id":"http://data.europa.eu/snb/education-credit/6fcec5c5af","Type":"Concept"},"Point":"1,0","Id":"urn:epass:creditPoint:fccee461-48bc-ef11-b8e8-7c1e525dc572","Type":"CreditPoint"},"LearningOutcome":[{"Title":{"En":"Domain analysis"},"RelatedESCOSkill":[{"Notation":"Skill","InScheme":{"Id":"http://data.europa.eu/esco/concept-scheme/skills","Type":"ConceptScheme"},"PrefLabel":{"En":"business knowledge"},"Id":"http://data.europa.eu/esco/skill/fcb2b5f4-3a64-42f2-987a-073bea986104","Type":"Concept"}],"AdditionalNote":{"NoteLiteral":{"En":"Ability to analyse and define entities and relations that compose a chosen domain.  "},"Id":"urn:eciu:note:0a924364-48bc-ef11-b8e8-6045bd8e221f","Type":"Note"},"Id":"urn:epass:learningOutcome:fccee461-48bc-ef11-b8e8-7c1e525dc572-1","Type":"LearningOutcome"},{"Title":{"En":"Model development"},"RelatedESCOSkill":[{"Notation":"Skill","InScheme":{"Id":"http://data.europa.eu/esco/concept-scheme/skills","Type":"ConceptScheme"},"PrefLabel":{"En":"use IT tools"},"Id":"http://data.europa.eu/esco/skill/f632251a-4078-4546-b19f-7ef528d08325","Type":"Concept"}],"AdditionalNote":{"NoteLiteral":{"En":"Ability to develop entity relationship models using Unified Modelling Language class notation. "},"Id":"urn:eciu:note:74f99a6b-48bc-ef11-b8e8-6045bd943bbb","Type":"Note"},"Id":"urn:epass:learningOutcome:fccee461-48bc-ef11-b8e8-7c1e525dc572-2","Type":"LearningOutcome"}],"LearningSetting":null,"Mode":null,"Title":{"En":"Entity Relationship Modelling"},"DcType":null,"HomePage":null,"VolumeOfLearning":null,"Id":"urn:eciu:qualification:fccee461-48bc-ef11-b8e8-7c1e525dc572","Type":"Qualification"},"IsPartOf":{"Mode":null,"DcType":null,"Title":{"En":"Entity Relationship Modelling"},"AdmissionsProcedure":null,"ApplicationDeadline":null,"Description":null,"LearningAchievementSpecification":null,"IsPartOf":null,"Temporal":null,"ProvidedBy":null,"LearningActivitySpecification":null,"BannerImage":null,"MoreInformation":null,"Id":"urn:eciu:learningOpportunity:24bfd931-201d-ef11-840a-000d3a2a7e23","Type":"LearningOpportunity"},"Temporal":{"EndDate":"2025-03-17T00:00:00Z","Name":{"En":"Temporal"},"StartDate":"2025-04-07T00:00:00Z"},"ProvidedBy":{"Location":null,"Logo":null,"LegalName":{"En":"KAUNO TECHNOLOGIJOS UNIVERSITETAS (KTU)"},"Registration":null,"Homepage":null,"Id":"urn:eciu:org:4cc1e316-6a54-ed11-bba2-6045bd886566","Type":"Organisation"},"LearningActivitySpecification":{"Mode":null,"DcType":null,"Title":{"En":""},"Description":{"En":"[https://uais.cr.ktu.lt/ktuis/stp_report_ects.mdl_ml?p_kodas=MM00M107\u0026p_year=2024\u0026p_lang=EN\u0026p_stp_id=](https://uais.cr.ktu.lt/ktuis/stp_report_ects.mdl_ml?p_kodas=MM00M107\u0026amp;p_year=2024\u0026amp;p_lang=EN\u0026amp;p_stp_id=)"},"MoreInformation":[{"NoteLiteral":"In this micro-module you will be provided with video lectures, self-control tests and personal tasks. The study course will last for 4 weeks. During this time, you will be developing entity relationship model on your selected domain. To complete this micro-module, you will have to present a developed entity relationship model and pass the exam.\n\n[Syllabus of the micro-module](https://uais.cr.ktu.lt/ktuis/stp_report_ects.mdl_ml?p_kodas=MM00M107\u0026amp;p_year=2024\u0026amp;p_lang=EN\u0026amp;p_stp_id=)\n\nThe micro-module will be delivered in the KTU virtual learning environment. When a student is enrolled in KTU, s/he will be informed by email on how to gain access to the micro-module.\n\nAfter the successful completion of the micro-module:\n\n- In two weeks, a student will receive an email with the link to download the ECIU University micro-credential.\n- In mid-June 2025, a student from other university than KTU will receive an email with the KTU Transcript of Records that might be presented for recognition of learning outcomes at the home university.","Subject":{"InScheme":{"Id":"urn:eciu:note","Type":"ConceptScheme"},"PrefLabel":{"En":"ParticipantInformation"},"Id":"fccee461-48bc-ef11-b8e8-7c1e525dc572","Type":"Concept"}}],"HasPart":null,"Id":"urn:eciu:learningActivitySpec:fccee461-48bc-ef11-b8e8-7c1e525dc572","Type":"LearningActivitySpecification"},"BannerImage":null,"MoreInformation":[{"NoteLiteral":"MM00M107","Subject":{"InScheme":{"Id":"urn:eciu:note","Type":"ConceptScheme"},"PrefLabel":{"En":"SourceIdentifier"},"Id":"fccee461-48bc-ef11-b8e8-7c1e525dc572","Type":"Concept"}},{"NoteLiteral":"Defining entities and their interactions are essential in understanding the scope and relations existing in the given domain","Subject":{"InScheme":{"Id":"urn:eciu:note","Type":"ConceptScheme"},"PrefLabel":{"En":"SubTitle"},"Id":"fccee461-48bc-ef11-b8e8-7c1e525dc572","Type":"Concept"}},{"NoteLiteral":"Communication and clear understanding of domain structure is important in any field. To achieve this development of diagrams and models is required. This micro-module will provide skills and competences required to develop entity relationship diagrams and use them in domain analysis.","Subject":{"InScheme":{"Id":"urn:eciu:note","Type":"ConceptScheme"},"PrefLabel":{"En":"Introduction"},"Id":"fccee461-48bc-ef11-b8e8-7c1e525dc572","Type":"Concept"}},{"NoteLiteral":"True","Subject":{"InScheme":{"Id":"urn:eciu:note","Type":"ConceptScheme"},"PrefLabel":{"En":"GenerateMicroCredentials"},"Id":"fccee461-48bc-ef11-b8e8-7c1e525dc572","Type":"Concept"}},{"NoteLiteral":"Entry requirements:\n\n- Student at any of the universities of the ECIU;\n- B2 level of English language proficiency.\n\nApplicants need to attach a copy of ID card / passport (document issued by the country of origin) to enrol in the KTU virtual learning environment. This does not apply to KTU students (if you are a KTU student, you may attach a blank page).  \n\nStudents, who are admitted and accepted the offered place in the micro-module, will be informed by email on the steps to take in order to gain access to the KTU virtual learning environment. Students will receive an email from the teacher of the micro-module on the first day of the start of module.  \n\nStudents who have dropped out from the KTU micro-module(s) in the autumn 2024 are not eligible to enrol in the KTU micro-module(s) in the spring 2025.","Subject":{"InScheme":{"Id":"urn:eciu:note","Type":"ConceptScheme"},"PrefLabel":{"En":"AdmissionProcessInformation"},"Id":"fccee461-48bc-ef11-b8e8-7c1e525dc572","Type":"Concept"}},{"NoteLiteral":"False","Subject":{"InScheme":{"Id":"urn:eciu:note","Type":"ConceptScheme"},"PrefLabel":{"En":"SimplifiedAdmissionProcess"},"Id":"fccee461-48bc-ef11-b8e8-7c1e525dc572","Type":"Concept"}},{"NoteLiteral":"2024-12-23","Subject":{"InScheme":{"Id":"urn:eciu:note","Type":"ConceptScheme"},"PrefLabel":{"En":"ApplicationPeriodStartDate"},"Id":"fccee461-48bc-ef11-b8e8-7c1e525dc572","Type":"Concept"}},{"NoteLiteral":"30","Subject":{"InScheme":{"Id":"urn:eciu:note","Type":"ConceptScheme"},"PrefLabel":{"En":"MaximumNumberOfSeats"},"Id":"fccee461-48bc-ef11-b8e8-7c1e525dc572","Type":"Concept"}},{"NoteLiteral":"False","Subject":{"InScheme":{"Id":"urn:eciu:note","Type":"ConceptScheme"},"PrefLabel":{"En":"ECIULMSENabled"},"Id":"fccee461-48bc-ef11-b8e8-7c1e525dc572","Type":"Concept"}},{"NoteLiteral":"","Subject":{"InScheme":{"Id":"urn:eciu:note","Type":"ConceptScheme"},"PrefLabel":{"En":"LMSUrl"},"Id":"fccee461-48bc-ef11-b8e8-7c1e525dc572","Type":"Concept"}},{"NoteLiteral":"","Subject":{"InScheme":{"Id":"urn:eciu:note","Type":"ConceptScheme"},"PrefLabel":{"En":"TeamAccessDate"},"Id":"fccee461-48bc-ef11-b8e8-7c1e525dc572","Type":"Concept"}},{"NoteLiteral":"false","Subject":{"InScheme":{"Id":"urn:eciu:note","Type":"ConceptScheme"},"PrefLabel":{"En":"SelfPaced"},"Id":"fccee461-48bc-ef11-b8e8-7c1e525dc572","Type":"Concept"}},{"NoteLiteral":"10","Subject":{"InScheme":{"Id":"urn:eciu:note","Type":"ConceptScheme"},"PrefLabel":{"En":"Pace"},"Id":"fccee461-48bc-ef11-b8e8-7c1e525dc572","Type":"Concept"}},{"NoteLiteral":"Standard","Subject":{"InScheme":{"Id":"urn:eciu:note","Type":"ConceptScheme"},"PrefLabel":{"En":"Scope"},"Id":"fccee461-48bc-ef11-b8e8-7c1e525dc572","Type":"Concept"}}],"Id":"urn:eciu:learningOpportunity:fccee461-48bc-ef11-b8e8-7c1e525dc572","Type":"LearningOpportunity"}