{"Mode":{"InScheme":{"Id":"http://data.europa.eu/snb/learning-assessment/25831c2","Type":"ConceptScheme"},"PrefLabel":{"En":"Online"},"Id":"http://data.europa.eu/snb/learning-assessment/920fbb3cbe","Type":"Concept"},"DcType":null,"Title":{"En":"Swedish for Foreign Students - level A1"},"AdmissionsProcedure":null,"ApplicationDeadline":"2024-08-11","Description":{"En":"The aim of the course is to give students a basic knowledge of Swedish with an emphasis on oral skills. The course includes pronunciation exercises, oral training, basic Swedish grammar and short, writing exercises. Learn to understand and use well-known, everyday expressions and very basic phrases, which all aim to meet concrete needs. Practice to present yourself, ask as well as answer and\u00A0conduct simple conversation."},"LearningAchievementSpecification":{"EQFLevel":{"InScheme":{"Id":"http://data.europa.eu/snb/eqf/25831c2","Type":"ConceptScheme"},"PrefLabel":{"En":"Level 6"},"Id":"http://data.europa.eu/snb/eqf/6","Type":"Concept"},"CreditPoint":{"Framework":{"InScheme":{"Id":"http://data.europa.eu/snb/education-credit/25831c2","Type":"ConceptScheme"},"PrefLabel":{"En":"European Credit Transfer System"},"Id":"http://data.europa.eu/snb/education-credit/6fcec5c5af","Type":"Concept"},"Point":"7,5","Id":"urn:epass:creditPoint:a56dfda2-c003-ef11-9f89-000d3a292483","Type":"CreditPoint"},"LearningOutcome":[{"Title":{"En":"Interaction"},"RelatedESCOSkill":[{"Notation":"Skill","InScheme":{"Id":"http://data.europa.eu/esco/concept-scheme/skills","Type":"ConceptScheme"},"PrefLabel":{"En":"listening and asking questions"},"Id":"http://data.europa.eu/esco/skill/S1.7.3","Type":"Concept"},{"Notation":"Skill","InScheme":{"Id":"http://data.europa.eu/esco/concept-scheme/skills","Type":"ConceptScheme"},"PrefLabel":{"En":"listen actively"},"Id":"http://data.europa.eu/esco/skill/a17286c5-238d-4f0b-bc24-29e9121345de","Type":"Concept"}],"AdditionalNote":{"NoteLiteral":{"En":"Conduct simple conversation, provided that the conversational partner speaks slowly and clearly, and is willing to help out."},"Id":"urn:eciu:note:e66dfda2-c003-ef11-9f89-000d3a292483","Type":"Note"},"Id":"urn:epass:learningOutcome:a56dfda2-c003-ef11-9f89-000d3a292483-1","Type":"LearningOutcome"},{"Title":{"En":"Speaking"},"RelatedESCOSkill":[{"Notation":"Skill","InScheme":{"Id":"http://data.europa.eu/esco/concept-scheme/skills","Type":"ConceptScheme"},"PrefLabel":{"En":"Swedish"},"Id":"http://data.europa.eu/esco/skill/7ee51257-8947-4b69-9bdf-322baf0a6398","Type":"Concept"}],"AdditionalNote":{"NoteLiteral":{"En":"Present herself/himself and others, and ask as well as answer questions relating to their own life such as where s/he lives, people s/he knows and things s/he owns."},"Id":"urn:eciu:note:5161d8aa-c003-ef11-9f89-000d3a398ca7","Type":"Note"},"Id":"urn:epass:learningOutcome:a56dfda2-c003-ef11-9f89-000d3a292483-2","Type":"LearningOutcome"},{"Title":{"En":"Comprehension"},"RelatedESCOSkill":[{"Notation":"Skill","InScheme":{"Id":"http://data.europa.eu/esco/concept-scheme/skills","Type":"ConceptScheme"},"PrefLabel":{"En":"Swedish"},"Id":"http://data.europa.eu/esco/skill/7ee51257-8947-4b69-9bdf-322baf0a6398","Type":"Concept"}],"AdditionalNote":{"NoteLiteral":{"En":"Understand and use well-known, everyday expressions and very basic phrases, which all aim to meet concrete needs."},"Id":"urn:eciu:note:e33af89e-c003-ef11-9f89-0022487fecad","Type":"Note"},"Id":"urn:epass:learningOutcome:a56dfda2-c003-ef11-9f89-000d3a292483-3","Type":"LearningOutcome"}],"LearningSetting":null,"Mode":null,"Title":{"En":"Swedish for Foreign Students - level A1"},"DcType":null,"HomePage":null,"VolumeOfLearning":null,"Id":"urn:eciu:qualification:a56dfda2-c003-ef11-9f89-000d3a292483","Type":"Qualification"},"IsPartOf":{"Mode":null,"DcType":null,"Title":{"En":"Swedish for Foreign Students - level A1"},"AdmissionsProcedure":null,"ApplicationDeadline":null,"Description":null,"LearningAchievementSpecification":null,"IsPartOf":null,"Temporal":null,"ProvidedBy":null,"LearningActivitySpecification":null,"BannerImage":null,"MoreInformation":null,"Id":"urn:eciu:learningOpportunity:74e15b96-f609-ee11-8f6e-6045bd886566","Type":"LearningOpportunity"},"Temporal":{"EndDate":"2024-08-19T00:00:00Z","Name":{"En":"Temporal"},"StartDate":"2025-01-19T00:00:00Z"},"ProvidedBy":{"Location":null,"Logo":null,"LegalName":{"En":"LINKOPINGS UNIVERSITET (LIU)"},"Registration":null,"Homepage":null,"Id":"urn:eciu:org:f1122d1d-6a54-ed11-bba2-6045bd886566","Type":"Organisation"},"LearningActivitySpecification":{"Mode":null,"DcType":null,"Title":{"En":""},"Description":null,"MoreInformation":[{"NoteLiteral":"We meet approximately once a week in a virtual classroom \u2013 a Zoom-room. Before each Zoom-session you need to work with the corresponding course book chapter on your own using a Step-by-Step guide and prepare the assignments listed in the guide. The Step-by-Step guides, the pre-recorded lectures and all other material you need throughout the course (except the course books and the corresponding audio files) are available in the Link\u00F6ping University learning platform Lisam ([lisam.liu.se](https://lisam.liu.se)).\n\nThe course books used are **Rivstart A1-A2 \u2013 Textbook** (ISBN: 9789127434202) and **Exercise book** (ISBN: 9789127434219).\n\nThere are 11 Zoom-sessions (10 chapters \u002B introduction), but they are not obligatory. Instead, there are 5 obligatory assignments (2 written assignments, 1 short film, 1 word-order test and 1 verb test) which need to be completed to pass the course. At the end of the course there is also an oral and a written exam, both of which are done online.\u00A0In order to take part in the course you must have a computer with a stable internet connection, a headset (preferably USB) and a web cam so you can communicate with sound and image.\u00A0\n\nFor the syllabus of the module please see the\u00A0[here](https://studieinfo.liu.se/en/kurs/714G45/ht-2024#overview).","Subject":{"InScheme":{"Id":"urn:eciu:note","Type":"ConceptScheme"},"PrefLabel":{"En":"ParticipantInformation"},"Id":"a56dfda2-c003-ef11-9f89-000d3a292483","Type":"Concept"}}],"HasPart":null,"Id":"urn:eciu:learningActivitySpec:a56dfda2-c003-ef11-9f89-000d3a292483","Type":"LearningActivitySpecification"},"BannerImage":null,"MoreInformation":[{"NoteLiteral":"","Subject":{"InScheme":{"Id":"urn:eciu:note","Type":"ConceptScheme"},"PrefLabel":{"En":"SourceIdentifier"},"Id":"a56dfda2-c003-ef11-9f89-000d3a292483","Type":"Concept"}},{"NoteLiteral":"Beginner\u0027s module in Swedish","Subject":{"InScheme":{"Id":"urn:eciu:note","Type":"ConceptScheme"},"PrefLabel":{"En":"SubTitle"},"Id":"a56dfda2-c003-ef11-9f89-000d3a292483","Type":"Concept"}},{"NoteLiteral":"This is an online beginner\u2019s Swedish module which includes pronunciation exercises, reading, oral training, basic Swedish grammar and short writing exercises. After having completed the module, you should have basic knowledge of Swedish A1 in accordance with the Common European Framework of Reference (CEFR) for Languages.","Subject":{"InScheme":{"Id":"urn:eciu:note","Type":"ConceptScheme"},"PrefLabel":{"En":"Introduction"},"Id":"a56dfda2-c003-ef11-9f89-000d3a292483","Type":"Concept"}},{"NoteLiteral":"True","Subject":{"InScheme":{"Id":"urn:eciu:note","Type":"ConceptScheme"},"PrefLabel":{"En":"GenerateMicroCredentials"},"Id":"a56dfda2-c003-ef11-9f89-000d3a292483","Type":"Concept"}},{"NoteLiteral":"**Deadline for applications**: Sunday, 11 August 2024\n\n**Entry requirements:**\u00A0No previous knowledge of Swedish required\n\nAll applicants have to submit a transcript of records during the application process.\n\nYou will receive a results notification within 5 days after the deadline. If admitted, you will receive instructions regarding the next steps in the process by the host university.","Subject":{"InScheme":{"Id":"urn:eciu:note","Type":"ConceptScheme"},"PrefLabel":{"En":"AdmissionProcessInformation"},"Id":"a56dfda2-c003-ef11-9f89-000d3a292483","Type":"Concept"}},{"NoteLiteral":"False","Subject":{"InScheme":{"Id":"urn:eciu:note","Type":"ConceptScheme"},"PrefLabel":{"En":"SimplifiedAdmissionProcess"},"Id":"a56dfda2-c003-ef11-9f89-000d3a292483","Type":"Concept"}},{"NoteLiteral":"2024-05-15","Subject":{"InScheme":{"Id":"urn:eciu:note","Type":"ConceptScheme"},"PrefLabel":{"En":"ApplicationPeriodStartDate"},"Id":"a56dfda2-c003-ef11-9f89-000d3a292483","Type":"Concept"}},{"NoteLiteral":"10","Subject":{"InScheme":{"Id":"urn:eciu:note","Type":"ConceptScheme"},"PrefLabel":{"En":"MaximumNumberOfSeats"},"Id":"a56dfda2-c003-ef11-9f89-000d3a292483","Type":"Concept"}},{"NoteLiteral":"False","Subject":{"InScheme":{"Id":"urn:eciu:note","Type":"ConceptScheme"},"PrefLabel":{"En":"ECIULMSENabled"},"Id":"a56dfda2-c003-ef11-9f89-000d3a292483","Type":"Concept"}},{"NoteLiteral":"","Subject":{"InScheme":{"Id":"urn:eciu:note","Type":"ConceptScheme"},"PrefLabel":{"En":"LMSUrl"},"Id":"a56dfda2-c003-ef11-9f89-000d3a292483","Type":"Concept"}},{"NoteLiteral":"","Subject":{"InScheme":{"Id":"urn:eciu:note","Type":"ConceptScheme"},"PrefLabel":{"En":"TeamAccessDate"},"Id":"a56dfda2-c003-ef11-9f89-000d3a292483","Type":"Concept"}},{"NoteLiteral":"false","Subject":{"InScheme":{"Id":"urn:eciu:note","Type":"ConceptScheme"},"PrefLabel":{"En":"SelfPaced"},"Id":"a56dfda2-c003-ef11-9f89-000d3a292483","Type":"Concept"}},{"NoteLiteral":"25","Subject":{"InScheme":{"Id":"urn:eciu:note","Type":"ConceptScheme"},"PrefLabel":{"En":"Pace"},"Id":"a56dfda2-c003-ef11-9f89-000d3a292483","Type":"Concept"}},{"NoteLiteral":"Standard","Subject":{"InScheme":{"Id":"urn:eciu:note","Type":"ConceptScheme"},"PrefLabel":{"En":"Scope"},"Id":"a56dfda2-c003-ef11-9f89-000d3a292483","Type":"Concept"}}],"Id":"urn:eciu:learningOpportunity:a56dfda2-c003-ef11-9f89-000d3a292483","Type":"LearningOpportunity"}