{"Mode":{"InScheme":{"Id":"http://data.europa.eu/snb/learning-assessment/25831c2","Type":"ConceptScheme"},"PrefLabel":{"En":"Online"},"Id":"http://data.europa.eu/snb/learning-assessment/920fbb3cbe","Type":"Concept"},"DcType":null,"Title":{"En":"Blockchain Promises and Societal Impacts"},"AdmissionsProcedure":null,"ApplicationDeadline":"2024-08-16","Description":{"En":"In this course, we will explore some blockchain societal impacts and discuss the findings of a study by Stanford University.\n\nWe will detail five different sectors by discussing the Stanford study findings and highlight some initiatives as well as the challenges facing the adoption of blockchain in these sectors.\n\nUpon completion of this course, you will be able to Identify the societal sectors impacted by blockchain technology\u00A0\n\nEvaluate the impact of blockchain on each of the outlined societal sectors.\n\nSummarise the Stanford research study findings on the impact of blockchain technology.\n\nDiscuss the blockchain primary benefits on impacted sectors."},"LearningAchievementSpecification":{"EQFLevel":{"InScheme":{"Id":"http://data.europa.eu/snb/eqf/25831c2","Type":"ConceptScheme"},"PrefLabel":{"En":"Level 7"},"Id":"http://data.europa.eu/snb/eqf/7","Type":"Concept"},"CreditPoint":null,"LearningOutcome":[{"Title":{"En":"L01"},"RelatedESCOSkill":[{"Notation":"Skill","InScheme":{"Id":"http://data.europa.eu/esco/concept-scheme/skills","Type":"ConceptScheme"},"PrefLabel":{"En":"analyse big data"},"Id":"http://data.europa.eu/esco/skill/47a49cd6-097d-457a-9f7b-c290c14930d5","Type":"Concept"}],"AdditionalNote":{"NoteLiteral":{"En":"By the end of the course, you will be able to identify the societal sectors impacted by blockchain technology."},"Id":"urn:eciu:note:900d3dad-c611-ef11-9f89-6045bd89eae4","Type":"Note"},"Id":"urn:epass:learningOutcome:5c4043fd-ddad-473f-88f1-b7321bbc029b-1","Type":"LearningOutcome"},{"Title":{"En":"L02"},"RelatedESCOSkill":[{"Notation":"Skill","InScheme":{"Id":"http://data.europa.eu/esco/concept-scheme/skills","Type":"ConceptScheme"},"PrefLabel":{"En":"evaluate data, information and digital content"},"Id":"http://data.europa.eu/esco/skill/1d6c7de4-350e-4868-a47b-333b4b0d9650","Type":"Concept"}],"AdditionalNote":{"NoteLiteral":{"En":"By the end of the course, you will be able to evaluate the impact of blockchain on each of the outlined societal sectors."},"Id":"urn:eciu:note:bcc694f6-c611-ef11-9f89-6045bd89eae4","Type":"Note"},"Id":"urn:epass:learningOutcome:5c4043fd-ddad-473f-88f1-b7321bbc029b-2","Type":"LearningOutcome"},{"Title":{"En":"L03"},"RelatedESCOSkill":[{"Notation":"Skill","InScheme":{"Id":"http://data.europa.eu/esco/concept-scheme/skills","Type":"ConceptScheme"},"PrefLabel":{"En":"digital competencies"},"Id":"http://data.europa.eu/esco/skill/aeecc330-0be9-419f-bddb-5218de926004","Type":"Concept"}],"AdditionalNote":{"NoteLiteral":{"En":"By the end of the course, you will be able to summarise the Stanford research study findings on the impact of blockchain technology."},"Id":"urn:eciu:note:b412ab2f-c711-ef11-9f89-6045bd89eae4","Type":"Note"},"Id":"urn:epass:learningOutcome:5c4043fd-ddad-473f-88f1-b7321bbc029b-3","Type":"LearningOutcome"},{"Title":{"En":"L04"},"RelatedESCOSkill":[{"Notation":"Skill","InScheme":{"Id":"http://data.europa.eu/esco/concept-scheme/skills","Type":"ConceptScheme"},"PrefLabel":{"En":"evaluate data, information and digital content"},"Id":"http://data.europa.eu/esco/skill/1d6c7de4-350e-4868-a47b-333b4b0d9650","Type":"Concept"}],"AdditionalNote":{"NoteLiteral":{"En":"By the end of the course, you will be able to discuss the blockchain primary benefits on impacted sectors."},"Id":"urn:eciu:note:7f648763-c711-ef11-9f89-6045bd89eae4","Type":"Note"},"Id":"urn:epass:learningOutcome:5c4043fd-ddad-473f-88f1-b7321bbc029b-4","Type":"LearningOutcome"}],"LearningSetting":null,"Mode":null,"Title":{"En":"Blockchain Promises and Societal Impacts"},"DcType":null,"HomePage":null,"VolumeOfLearning":"PT4H","Id":"urn:eciu:qualification:5c4043fd-ddad-473f-88f1-b7321bbc029b","Type":"Qualification"},"IsPartOf":{"Mode":null,"DcType":null,"Title":{"En":"Blockchain Promises and Societal Impacts"},"AdmissionsProcedure":null,"ApplicationDeadline":null,"Description":null,"LearningAchievementSpecification":null,"IsPartOf":null,"Temporal":null,"ProvidedBy":null,"LearningActivitySpecification":null,"BannerImage":null,"MoreInformation":[{"NoteLiteral":"CA60001","Subject":{"InScheme":{"Id":"urn:eciu:note","Type":"ConceptScheme"},"PrefLabel":{"En":"EducationIdentifier"},"Id":"efb60f4b-c611-ef11-9f89-6045bd89eae4","Type":"Concept"}}],"Id":"urn:eciu:learningOpportunity:efb60f4b-c611-ef11-9f89-6045bd89eae4","Type":"LearningOpportunity"},"Temporal":{"EndDate":"2024-05-20T00:00:00Z","Name":{"En":"Temporal"},"StartDate":"2024-08-30T00:00:00Z"},"ProvidedBy":{"Location":null,"Logo":null,"LegalName":{"En":"DUBLIN CITY UNIVERSITY (DCU)"},"Registration":null,"Homepage":null,"Id":"urn:eciu:org:ee9c51fc-6954-ed11-bba2-6045bd886566","Type":"Organisation"},"LearningActivitySpecification":{"Mode":null,"DcType":null,"Title":{"En":""},"Description":null,"MoreInformation":[{"NoteLiteral":"- The course will become **accessible as of the 20th of May 2024**.\n- You can already register for it by clicking **this link:\u00A0[https://www.futurelearn.com/invitations/dcu/blockchain-promises-and-societal-impacts/tftq1gqxtvt08pr1inltfpi1azgs1ld](https://www.futurelearn.com/invitations/dcu/blockchain-promises-and-societal-impacts/tftq1gqxtvt08pr1inltfpi1azgs1ld)**\n- On clicking the link, you will be prompted to**set up an account with the FutureLearn**, which will be your Learning Environment for this course.\n- To gain access to the course in FutureLearn, **please use your Tampere City email address** when opening the account.\n- The course is asynchronous and provides you with the opportunity to comment on course content etc. with your peers during the course.","Subject":{"InScheme":{"Id":"urn:eciu:note","Type":"ConceptScheme"},"PrefLabel":{"En":"ParticipantInformation"},"Id":"5c4043fd-ddad-473f-88f1-b7321bbc029b","Type":"Concept"}}],"HasPart":null,"Id":"urn:eciu:learningActivitySpec:5c4043fd-ddad-473f-88f1-b7321bbc029b","Type":"LearningActivitySpecification"},"BannerImage":null,"MoreInformation":[{"NoteLiteral":"","Subject":{"InScheme":{"Id":"urn:eciu:note","Type":"ConceptScheme"},"PrefLabel":{"En":"SourceIdentifier"},"Id":"5c4043fd-ddad-473f-88f1-b7321bbc029b","Type":"Concept"}},{"NoteLiteral":"(Blockchain)","Subject":{"InScheme":{"Id":"urn:eciu:note","Type":"ConceptScheme"},"PrefLabel":{"En":"SubTitle"},"Id":"5c4043fd-ddad-473f-88f1-b7321bbc029b","Type":"Concept"}},{"NoteLiteral":"This course highlights the societal impacts of blockchain and explores the findings of a research study conducted by Stanford.","Subject":{"InScheme":{"Id":"urn:eciu:note","Type":"ConceptScheme"},"PrefLabel":{"En":"Introduction"},"Id":"5c4043fd-ddad-473f-88f1-b7321bbc029b","Type":"Concept"}},{"NoteLiteral":"True","Subject":{"InScheme":{"Id":"urn:eciu:note","Type":"ConceptScheme"},"PrefLabel":{"En":"GenerateMicroCredentials"},"Id":"5c4043fd-ddad-473f-88f1-b7321bbc029b","Type":"Concept"}},{"NoteLiteral":"","Subject":{"InScheme":{"Id":"urn:eciu:note","Type":"ConceptScheme"},"PrefLabel":{"En":"AdmissionProcessInformation"},"Id":"5c4043fd-ddad-473f-88f1-b7321bbc029b","Type":"Concept"}},{"NoteLiteral":"True","Subject":{"InScheme":{"Id":"urn:eciu:note","Type":"ConceptScheme"},"PrefLabel":{"En":"SimplifiedAdmissionProcess"},"Id":"5c4043fd-ddad-473f-88f1-b7321bbc029b","Type":"Concept"}},{"NoteLiteral":"2024-05-13","Subject":{"InScheme":{"Id":"urn:eciu:note","Type":"ConceptScheme"},"PrefLabel":{"En":"ApplicationPeriodStartDate"},"Id":"5c4043fd-ddad-473f-88f1-b7321bbc029b","Type":"Concept"}},{"NoteLiteral":"30","Subject":{"InScheme":{"Id":"urn:eciu:note","Type":"ConceptScheme"},"PrefLabel":{"En":"MaximumNumberOfSeats"},"Id":"5c4043fd-ddad-473f-88f1-b7321bbc029b","Type":"Concept"}},{"NoteLiteral":"False","Subject":{"InScheme":{"Id":"urn:eciu:note","Type":"ConceptScheme"},"PrefLabel":{"En":"ECIULMSENabled"},"Id":"5c4043fd-ddad-473f-88f1-b7321bbc029b","Type":"Concept"}},{"NoteLiteral":"https://www.futurelearn.com/invitations/dcu/blockchain-promises-and-societal-impacts/tftq1gqxtvt08pr1inltfpi1azgs1ld","Subject":{"InScheme":{"Id":"urn:eciu:note","Type":"ConceptScheme"},"PrefLabel":{"En":"LMSUrl"},"Id":"5c4043fd-ddad-473f-88f1-b7321bbc029b","Type":"Concept"}},{"NoteLiteral":"","Subject":{"InScheme":{"Id":"urn:eciu:note","Type":"ConceptScheme"},"PrefLabel":{"En":"TeamAccessDate"},"Id":"5c4043fd-ddad-473f-88f1-b7321bbc029b","Type":"Concept"}},{"NoteLiteral":"false","Subject":{"InScheme":{"Id":"urn:eciu:note","Type":"ConceptScheme"},"PrefLabel":{"En":"SelfPaced"},"Id":"5c4043fd-ddad-473f-88f1-b7321bbc029b","Type":"Concept"}},{"NoteLiteral":"25","Subject":{"InScheme":{"Id":"urn:eciu:note","Type":"ConceptScheme"},"PrefLabel":{"En":"Pace"},"Id":"5c4043fd-ddad-473f-88f1-b7321bbc029b","Type":"Concept"}},{"NoteLiteral":"Standard","Subject":{"InScheme":{"Id":"urn:eciu:note","Type":"ConceptScheme"},"PrefLabel":{"En":"Scope"},"Id":"5c4043fd-ddad-473f-88f1-b7321bbc029b","Type":"Concept"}}],"Id":"urn:eciu:learningOpportunity:5c4043fd-ddad-473f-88f1-b7321bbc029b","Type":"LearningOpportunity"}