{"Mode":{"InScheme":{"Id":"http://data.europa.eu/snb/learning-assessment/25831c2","Type":"ConceptScheme"},"PrefLabel":{"En":"Online"},"Id":"http://data.europa.eu/snb/learning-assessment/920fbb3cbe","Type":"Concept"},"DcType":null,"Title":{"En":"Neural Networks - Machine Learning"},"AdmissionsProcedure":null,"ApplicationDeadline":"2024-08-16","Description":{"En":"Neural networks are one of the most exciting approaches to machine learning currently available to practitioners. Learn how simple computational units coarsely modelled on the neurons in biological brains can give rise to super-human levels of recognition and performance in a wide variety of machine learning tasks.\n\nIn this course, we will examine Neural Networks in terms of their most fundamental concepts and ideas.\n\nWe will examine some important ideas regarding training such networks\n\nUpon completion of this course, you will be able to Describe how machine learning has evolved. Understand the fundamental ideas behind neural networks and Utilise a neural network approach for a machine learning challenge."},"LearningAchievementSpecification":{"EQFLevel":{"InScheme":{"Id":"http://data.europa.eu/snb/eqf/25831c2","Type":"ConceptScheme"},"PrefLabel":{"En":"Level 7"},"Id":"http://data.europa.eu/snb/eqf/7","Type":"Concept"},"CreditPoint":null,"LearningOutcome":[{"Title":{"En":"L01"},"RelatedESCOSkill":[{"Notation":"Skill","InScheme":{"Id":"http://data.europa.eu/esco/concept-scheme/skills","Type":"ConceptScheme"},"PrefLabel":{"En":"machine learning"},"Id":"http://data.europa.eu/esco/skill/3a2d5b45-56e4-4f5a-a55a-4a4a65afdc43","Type":"Concept"}],"AdditionalNote":{"NoteLiteral":{"En":"By the end of the course, you will be able to describe how machine learning has evolved;"},"Id":"urn:eciu:note:4816f85c-d911-ef11-9f89-6045bd89eae4","Type":"Note"},"Id":"urn:epass:learningOutcome:2efa0b16-b928-4fec-b3f1-d3b0eaffda2f-1","Type":"LearningOutcome"},{"Title":{"En":"L02"},"RelatedESCOSkill":[{"Notation":"Skill","InScheme":{"Id":"http://data.europa.eu/esco/concept-scheme/skills","Type":"ConceptScheme"},"PrefLabel":{"En":"machine learning"},"Id":"http://data.europa.eu/esco/skill/3a2d5b45-56e4-4f5a-a55a-4a4a65afdc43","Type":"Concept"}],"AdditionalNote":{"NoteLiteral":{"En":"By the end of the course, you will be able to understand the fundamental ideas behind neural networks;"},"Id":"urn:eciu:note:4451a880-da11-ef11-9f89-6045bd89eae4","Type":"Note"},"Id":"urn:epass:learningOutcome:2efa0b16-b928-4fec-b3f1-d3b0eaffda2f-2","Type":"LearningOutcome"},{"Title":{"En":"L03"},"RelatedESCOSkill":[{"Notation":"Skill","InScheme":{"Id":"http://data.europa.eu/esco/concept-scheme/skills","Type":"ConceptScheme"},"PrefLabel":{"En":"machine learning"},"Id":"http://data.europa.eu/esco/skill/3a2d5b45-56e4-4f5a-a55a-4a4a65afdc43","Type":"Concept"}],"AdditionalNote":{"NoteLiteral":{"En":"By the end of the course, you will be able to utilise a neural network approach for a machine learning challenge."},"Id":"urn:eciu:note:4a3367e7-da11-ef11-9f89-6045bd89eae4","Type":"Note"},"Id":"urn:epass:learningOutcome:2efa0b16-b928-4fec-b3f1-d3b0eaffda2f-3","Type":"LearningOutcome"}],"LearningSetting":null,"Mode":null,"Title":{"En":"Neural Networks - Machine Learning"},"DcType":null,"HomePage":null,"VolumeOfLearning":"PT4H","Id":"urn:eciu:qualification:2efa0b16-b928-4fec-b3f1-d3b0eaffda2f","Type":"Qualification"},"IsPartOf":{"Mode":null,"DcType":null,"Title":{"En":"Neural Networks - Machine Learning"},"AdmissionsProcedure":null,"ApplicationDeadline":null,"Description":null,"LearningAchievementSpecification":null,"IsPartOf":null,"Temporal":null,"ProvidedBy":null,"LearningActivitySpecification":null,"BannerImage":null,"MoreInformation":null,"Id":"urn:eciu:learningOpportunity:7fbc2916-d911-ef11-9f89-6045bd89eae4","Type":"LearningOpportunity"},"Temporal":{"EndDate":"2024-05-20T00:00:00Z","Name":{"En":"Temporal"},"StartDate":"2024-08-30T00:00:00Z"},"ProvidedBy":{"Location":null,"Logo":null,"LegalName":{"En":"DUBLIN CITY UNIVERSITY (DCU)"},"Registration":null,"Homepage":null,"Id":"urn:eciu:org:ee9c51fc-6954-ed11-bba2-6045bd886566","Type":"Organisation"},"LearningActivitySpecification":{"Mode":null,"DcType":null,"Title":{"En":""},"Description":null,"MoreInformation":[{"NoteLiteral":"- The course will become **accessible as of the 20th of May 2024**.\n- You can already register for it by clicking **this link:\u00A0[https://www.futurelearn.com/invitations/dcu/neural-networks-machine-learning/i3fzqcesghr8fuqbtzitspbr0kzechw](https://www.futurelearn.com/invitations/dcu/neural-networks-machine-learning/i3fzqcesghr8fuqbtzitspbr0kzechw)**\n- On clicking the link, you will be prompted to **set up an account with the FutureLearn**, which will be your Learning Environment for this course.\n- To gain access to the course in FutureLearn, **please use your Tampere City email address** when opening the account.\n- The course is asynchronous and provides you with the opportunity to comment on course content etc. with your peers during the course.","Subject":{"InScheme":{"Id":"urn:eciu:note","Type":"ConceptScheme"},"PrefLabel":{"En":"ParticipantInformation"},"Id":"2efa0b16-b928-4fec-b3f1-d3b0eaffda2f","Type":"Concept"}}],"HasPart":null,"Id":"urn:eciu:learningActivitySpec:2efa0b16-b928-4fec-b3f1-d3b0eaffda2f","Type":"LearningActivitySpecification"},"BannerImage":null,"MoreInformation":[{"NoteLiteral":"","Subject":{"InScheme":{"Id":"urn:eciu:note","Type":"ConceptScheme"},"PrefLabel":{"En":"SourceIdentifier"},"Id":"2efa0b16-b928-4fec-b3f1-d3b0eaffda2f","Type":"Concept"}},{"NoteLiteral":"(Machine Learning)","Subject":{"InScheme":{"Id":"urn:eciu:note","Type":"ConceptScheme"},"PrefLabel":{"En":"SubTitle"},"Id":"2efa0b16-b928-4fec-b3f1-d3b0eaffda2f","Type":"Concept"}},{"NoteLiteral":"In this course, we will examine Neural Networks in terms of their most fundamental concepts and ideas.","Subject":{"InScheme":{"Id":"urn:eciu:note","Type":"ConceptScheme"},"PrefLabel":{"En":"Introduction"},"Id":"2efa0b16-b928-4fec-b3f1-d3b0eaffda2f","Type":"Concept"}},{"NoteLiteral":"True","Subject":{"InScheme":{"Id":"urn:eciu:note","Type":"ConceptScheme"},"PrefLabel":{"En":"GenerateMicroCredentials"},"Id":"2efa0b16-b928-4fec-b3f1-d3b0eaffda2f","Type":"Concept"}},{"NoteLiteral":"","Subject":{"InScheme":{"Id":"urn:eciu:note","Type":"ConceptScheme"},"PrefLabel":{"En":"AdmissionProcessInformation"},"Id":"2efa0b16-b928-4fec-b3f1-d3b0eaffda2f","Type":"Concept"}},{"NoteLiteral":"True","Subject":{"InScheme":{"Id":"urn:eciu:note","Type":"ConceptScheme"},"PrefLabel":{"En":"SimplifiedAdmissionProcess"},"Id":"2efa0b16-b928-4fec-b3f1-d3b0eaffda2f","Type":"Concept"}},{"NoteLiteral":"2024-05-13","Subject":{"InScheme":{"Id":"urn:eciu:note","Type":"ConceptScheme"},"PrefLabel":{"En":"ApplicationPeriodStartDate"},"Id":"2efa0b16-b928-4fec-b3f1-d3b0eaffda2f","Type":"Concept"}},{"NoteLiteral":"30","Subject":{"InScheme":{"Id":"urn:eciu:note","Type":"ConceptScheme"},"PrefLabel":{"En":"MaximumNumberOfSeats"},"Id":"2efa0b16-b928-4fec-b3f1-d3b0eaffda2f","Type":"Concept"}},{"NoteLiteral":"False","Subject":{"InScheme":{"Id":"urn:eciu:note","Type":"ConceptScheme"},"PrefLabel":{"En":"ECIULMSENabled"},"Id":"2efa0b16-b928-4fec-b3f1-d3b0eaffda2f","Type":"Concept"}},{"NoteLiteral":"https://www.futurelearn.com/invitations/dcu/neural-networks-machine-learning/i3fzqcesghr8fuqbtzitspbr0kzechw","Subject":{"InScheme":{"Id":"urn:eciu:note","Type":"ConceptScheme"},"PrefLabel":{"En":"LMSUrl"},"Id":"2efa0b16-b928-4fec-b3f1-d3b0eaffda2f","Type":"Concept"}},{"NoteLiteral":"","Subject":{"InScheme":{"Id":"urn:eciu:note","Type":"ConceptScheme"},"PrefLabel":{"En":"TeamAccessDate"},"Id":"2efa0b16-b928-4fec-b3f1-d3b0eaffda2f","Type":"Concept"}},{"NoteLiteral":"false","Subject":{"InScheme":{"Id":"urn:eciu:note","Type":"ConceptScheme"},"PrefLabel":{"En":"SelfPaced"},"Id":"2efa0b16-b928-4fec-b3f1-d3b0eaffda2f","Type":"Concept"}},{"NoteLiteral":"25","Subject":{"InScheme":{"Id":"urn:eciu:note","Type":"ConceptScheme"},"PrefLabel":{"En":"Pace"},"Id":"2efa0b16-b928-4fec-b3f1-d3b0eaffda2f","Type":"Concept"}},{"NoteLiteral":"Standard","Subject":{"InScheme":{"Id":"urn:eciu:note","Type":"ConceptScheme"},"PrefLabel":{"En":"Scope"},"Id":"2efa0b16-b928-4fec-b3f1-d3b0eaffda2f","Type":"Concept"}}],"Id":"urn:eciu:learningOpportunity:2efa0b16-b928-4fec-b3f1-d3b0eaffda2f","Type":"LearningOpportunity"}