{"Mode":{"InScheme":{"Id":"http://data.europa.eu/snb/learning-assessment/25831c2","Type":"ConceptScheme"},"PrefLabel":{"En":"Online"},"Id":"http://data.europa.eu/snb/learning-assessment/920fbb3cbe","Type":"Concept"},"DcType":null,"Title":{"En":"Entity Relationship Modelling"},"AdmissionsProcedure":{"NoteLiteral":{"En":"Entry requirements: basic understanding of programming and computer usage skills.\u00A0\nApplicants need to attach a copy of ID card/passport (document issued by the country of origin) to enrol for the KTU virtual learning environment. This does not apply to KTU students (if you are a KTU student, you may attach a blank page).\u00A0\nB2 level of English language proficiency is required."},"Id":"urn:eciu:note:37b70ad3-ecb2-4127-9c47-647890720638","Type":"Note"},"ApplicationDeadline":"2024-10-01","Description":{"En":"This micro-module will introduce the students to the concepts of entity relationship modeling. After completing the micro-module, students will be able to analyze and define entities that compose a chosen domain and develop an entity relationship model using Unified Modeling Language. The developed models can be used as a generalized list of concepts of a domain or be used as a basis for database development."},"LearningAchievementSpecification":{"EQFLevel":{"InScheme":{"Id":"http://data.europa.eu/snb/eqf/25831c2","Type":"ConceptScheme"},"PrefLabel":{"En":"Level 7"},"Id":"http://data.europa.eu/snb/eqf/7","Type":"Concept"},"CreditPoint":{"Framework":{"InScheme":{"Id":"http://data.europa.eu/snb/education-credit/25831c2","Type":"ConceptScheme"},"PrefLabel":{"En":"European Credit Transfer System"},"Id":"http://data.europa.eu/snb/education-credit/6fcec5c5af","Type":"Concept"},"Point":"1,0","Id":"urn:epass:creditPoint:37b70ad3-ecb2-4127-9c47-647890720638","Type":"CreditPoint"},"LearningOutcome":[{"Title":{"En":"Domain analysis"},"RelatedESCOSkill":[{"Notation":"Skill","InScheme":{"Id":"http://data.europa.eu/esco/concept-scheme/skills","Type":"ConceptScheme"},"PrefLabel":{"En":"business knowledge"},"Id":"http://data.europa.eu/esco/skill/fcb2b5f4-3a64-42f2-987a-073bea986104","Type":"Concept"}],"AdditionalNote":{"NoteLiteral":{"En":"Ability to analyse and define entities and relations that compose a chosen domain.  "},"Id":"urn:eciu:note:1b3f357e-7744-ef11-a316-0022488b1514","Type":"Note"},"Id":"urn:epass:learningOutcome:37b70ad3-ecb2-4127-9c47-647890720638-1","Type":"LearningOutcome"},{"Title":{"En":"Model development"},"RelatedESCOSkill":[{"Notation":"Skill","InScheme":{"Id":"http://data.europa.eu/esco/concept-scheme/skills","Type":"ConceptScheme"},"PrefLabel":{"En":"use IT tools"},"Id":"http://data.europa.eu/esco/skill/f632251a-4078-4546-b19f-7ef528d08325","Type":"Concept"}],"AdditionalNote":{"NoteLiteral":{"En":"Ability to develop entity relationship models using Unified Modelling Language class notation. "},"Id":"urn:eciu:note:60e2dac3-7744-ef11-a316-0022488b1514","Type":"Note"},"Id":"urn:epass:learningOutcome:37b70ad3-ecb2-4127-9c47-647890720638-2","Type":"LearningOutcome"}],"LearningSetting":null,"Mode":null,"Title":{"En":"Entity Relationship Modelling"},"DcType":null,"HomePage":null,"VolumeOfLearning":null,"Id":"urn:eciu:qualification:37b70ad3-ecb2-4127-9c47-647890720638","Type":"Qualification"},"IsPartOf":{"Mode":null,"DcType":null,"Title":{"En":"Entity Relationship Modelling"},"AdmissionsProcedure":null,"ApplicationDeadline":null,"Description":null,"LearningAchievementSpecification":null,"IsPartOf":null,"Temporal":null,"ProvidedBy":null,"LearningActivitySpecification":null,"BannerImage":null,"MoreInformation":null,"Id":"urn:eciu:learningOpportunity:24bfd931-201d-ef11-840a-000d3a2a7e23","Type":"LearningOpportunity"},"Temporal":{"EndDate":"2024-10-15T00:00:00Z","Name":{"En":"Temporal"},"StartDate":"2024-11-12T00:00:00Z"},"ProvidedBy":{"Location":null,"Logo":null,"LegalName":{"En":"KAUNO TECHNOLOGIJOS UNIVERSITETAS (KTU)"},"Registration":null,"Homepage":null,"Id":"urn:eciu:org:4cc1e316-6a54-ed11-bba2-6045bd886566","Type":"Organisation"},"LearningActivitySpecification":{"Mode":null,"DcType":null,"Title":{"En":""},"Description":{"En":"[https://uais.cr.ktu.lt/ktuis/stp\\_report\\_ects.mdl\\_ml?p\\_kodas=MM00M107\u0026p\\_year=2024\u0026p\\_lang=EN\u0026p\\_stp\\_id=](https://uais.cr.ktu.lt/ktuis/stp_report_ects.mdl_ml?p_kodas=MM00M107\u0026amp;p_year=2024\u0026amp;p_lang=EN\u0026amp;p_stp_id=)"},"MoreInformation":[{"NoteLiteral":"In this micro-module you will be provided with video lectures, self-control tests and personal tasks. The study course will last for 4 weeks. During this time, you will be developing entity relationship model on your selected domain. To complete this micro-module, you will have to present a developed entity relationship model and pass the exam.\u00A0\n\n[Syllabus of the micro-module](https://uais.cr.ktu.lt/ktuis/stp_report_ects.mdl_ml?p_kodas=MM00M107\u0026amp;p_year=2024\u0026amp;p_lang=EN\u0026amp;p_stp_id=)","Subject":{"InScheme":{"Id":"urn:eciu:note","Type":"ConceptScheme"},"PrefLabel":{"En":"ParticipantInformation"},"Id":"37b70ad3-ecb2-4127-9c47-647890720638","Type":"Concept"}}],"HasPart":null,"Id":"urn:eciu:learningActivitySpec:37b70ad3-ecb2-4127-9c47-647890720638","Type":"LearningActivitySpecification"},"BannerImage":null,"MoreInformation":[{"NoteLiteral":"","Subject":{"InScheme":{"Id":"urn:eciu:note","Type":"ConceptScheme"},"PrefLabel":{"En":"SourceIdentifier"},"Id":"37b70ad3-ecb2-4127-9c47-647890720638","Type":"Concept"}},{"NoteLiteral":"Defining entities and their interactions are essential in understanding the scope and relations existing in the given domain","Subject":{"InScheme":{"Id":"urn:eciu:note","Type":"ConceptScheme"},"PrefLabel":{"En":"SubTitle"},"Id":"37b70ad3-ecb2-4127-9c47-647890720638","Type":"Concept"}},{"NoteLiteral":"Communication and clear understanding of domain structure is important in any field. To achieve this development of diagrams and models is required. This micro-module will provide skills and competences required to develop entity relationship diagrams and use them in domain analysis.","Subject":{"InScheme":{"Id":"urn:eciu:note","Type":"ConceptScheme"},"PrefLabel":{"En":"Introduction"},"Id":"37b70ad3-ecb2-4127-9c47-647890720638","Type":"Concept"}},{"NoteLiteral":"True","Subject":{"InScheme":{"Id":"urn:eciu:note","Type":"ConceptScheme"},"PrefLabel":{"En":"GenerateMicroCredentials"},"Id":"37b70ad3-ecb2-4127-9c47-647890720638","Type":"Concept"}},{"NoteLiteral":"Entry requirements: basic understanding of programming and computer usage skills.\u00A0\n\nApplicants need to attach a copy of ID card/passport (document issued by the country of origin) to enrol for the KTU virtual learning environment. This does not apply to KTU students (if you are a KTU student, you may attach a blank page).\u00A0\n\nB2 level of English language proficiency is required.","Subject":{"InScheme":{"Id":"urn:eciu:note","Type":"ConceptScheme"},"PrefLabel":{"En":"AdmissionProcessInformation"},"Id":"37b70ad3-ecb2-4127-9c47-647890720638","Type":"Concept"}},{"NoteLiteral":"False","Subject":{"InScheme":{"Id":"urn:eciu:note","Type":"ConceptScheme"},"PrefLabel":{"En":"SimplifiedAdmissionProcess"},"Id":"37b70ad3-ecb2-4127-9c47-647890720638","Type":"Concept"}},{"NoteLiteral":"2024-07-18","Subject":{"InScheme":{"Id":"urn:eciu:note","Type":"ConceptScheme"},"PrefLabel":{"En":"ApplicationPeriodStartDate"},"Id":"37b70ad3-ecb2-4127-9c47-647890720638","Type":"Concept"}},{"NoteLiteral":"10","Subject":{"InScheme":{"Id":"urn:eciu:note","Type":"ConceptScheme"},"PrefLabel":{"En":"MaximumNumberOfSeats"},"Id":"37b70ad3-ecb2-4127-9c47-647890720638","Type":"Concept"}},{"NoteLiteral":"False","Subject":{"InScheme":{"Id":"urn:eciu:note","Type":"ConceptScheme"},"PrefLabel":{"En":"ECIULMSENabled"},"Id":"37b70ad3-ecb2-4127-9c47-647890720638","Type":"Concept"}},{"NoteLiteral":"","Subject":{"InScheme":{"Id":"urn:eciu:note","Type":"ConceptScheme"},"PrefLabel":{"En":"LMSUrl"},"Id":"37b70ad3-ecb2-4127-9c47-647890720638","Type":"Concept"}},{"NoteLiteral":"","Subject":{"InScheme":{"Id":"urn:eciu:note","Type":"ConceptScheme"},"PrefLabel":{"En":"TeamAccessDate"},"Id":"37b70ad3-ecb2-4127-9c47-647890720638","Type":"Concept"}},{"NoteLiteral":"false","Subject":{"InScheme":{"Id":"urn:eciu:note","Type":"ConceptScheme"},"PrefLabel":{"En":"SelfPaced"},"Id":"37b70ad3-ecb2-4127-9c47-647890720638","Type":"Concept"}},{"NoteLiteral":"0","Subject":{"InScheme":{"Id":"urn:eciu:note","Type":"ConceptScheme"},"PrefLabel":{"En":"Pace"},"Id":"37b70ad3-ecb2-4127-9c47-647890720638","Type":"Concept"}},{"NoteLiteral":"Standard","Subject":{"InScheme":{"Id":"urn:eciu:note","Type":"ConceptScheme"},"PrefLabel":{"En":"Scope"},"Id":"37b70ad3-ecb2-4127-9c47-647890720638","Type":"Concept"}}],"Id":"urn:eciu:learningOpportunity:37b70ad3-ecb2-4127-9c47-647890720638","Type":"LearningOpportunity"}