{"Mode":{"InScheme":{"Id":"http://data.europa.eu/snb/learning-assessment/25831c2","Type":"ConceptScheme"},"PrefLabel":{"En":"Online"},"Id":"http://data.europa.eu/snb/learning-assessment/920fbb3cbe","Type":"Concept"},"DcType":null,"Title":{"En":"Managerial Ethics in Business and Leadership Theory"},"AdmissionsProcedure":null,"ApplicationDeadline":"2024-08-16","Description":{"En":"- In this course, will examine the different theories on the relationship between business and society.\n- We will explore the areas of cultural diversity and sustainability and how they relate to\u00A0 business.\n- Upon completion of this course you will be able to\u00A0 reflect on the relationship between business and society. Describe what is cultural diversity and its relevance for business ethicsand explain what the Sustainable Development Goals are and why they are important for business."},"LearningAchievementSpecification":{"EQFLevel":{"InScheme":{"Id":"http://data.europa.eu/snb/eqf/25831c2","Type":"ConceptScheme"},"PrefLabel":{"En":"Level 7"},"Id":"http://data.europa.eu/snb/eqf/7","Type":"Concept"},"CreditPoint":null,"LearningOutcome":[{"Title":{"En":"L01"},"RelatedESCOSkill":[{"Notation":"Skill","InScheme":{"Id":"http://data.europa.eu/esco/concept-scheme/skills","Type":"ConceptScheme"},"PrefLabel":{"En":"social innovation"},"Id":"http://data.europa.eu/esco/skill/149e5f0d-eb46-4e75-9265-e91f6b2ca596","Type":"Concept"},{"Notation":"Skill","InScheme":{"Id":"http://data.europa.eu/esco/concept-scheme/skills","Type":"ConceptScheme"},"PrefLabel":{"En":"social entrepreneur"},"Id":"http://data.europa.eu/esco/occupation/73b10c97-b003-45dc-a36d-c1d585c04be1","Type":"Concept"}],"AdditionalNote":{"NoteLiteral":{"En":"By the end of the course, you will be able to... Reflect on the purpose of business according to different approaches"},"Id":"urn:eciu:note:4b6fe554-e80e-ef11-9f89-000d3a292483","Type":"Note"},"Id":"urn:epass:learningOutcome:1ed8018a-0e0d-40ca-9661-cada50654500-1","Type":"LearningOutcome"},{"Title":{"En":"L02"},"RelatedESCOSkill":[{"Notation":"Skill","InScheme":{"Id":"http://data.europa.eu/esco/concept-scheme/skills","Type":"ConceptScheme"},"PrefLabel":{"En":"respect the diversity of cultural values and norms"},"Id":"http://data.europa.eu/esco/skill/5ca953f7-541d-4f67-bc55-7721348366cf","Type":"Concept"},{"Notation":"Skill","InScheme":{"Id":"http://data.europa.eu/esco/concept-scheme/skills","Type":"ConceptScheme"},"PrefLabel":{"En":"demonstrate intercultural competence"},"Id":"http://data.europa.eu/esco/skill/c10d5d87-36cf-42f5-8a12-e560fb5f4af8","Type":"Concept"}],"AdditionalNote":{"NoteLiteral":{"En":"By the end of the course, you will be able to... Describe the decision-making process"},"Id":"urn:eciu:note:8e82daa8-f80e-ef11-9f89-000d3a292483","Type":"Note"},"Id":"urn:epass:learningOutcome:1ed8018a-0e0d-40ca-9661-cada50654500-2","Type":"LearningOutcome"},{"Title":{"En":"L03"},"RelatedESCOSkill":[{"Notation":"Skill","InScheme":{"Id":"http://data.europa.eu/esco/concept-scheme/skills","Type":"ConceptScheme"},"PrefLabel":{"En":"listen actively"},"Id":"http://data.europa.eu/esco/skill/a17286c5-238d-4f0b-bc24-29e9121345de","Type":"Concept"},{"Notation":"Skill","InScheme":{"Id":"http://data.europa.eu/esco/concept-scheme/skills","Type":"ConceptScheme"},"PrefLabel":{"En":"listening and asking questions"},"Id":"http://data.europa.eu/esco/skill/S1.7.3","Type":"Concept"}],"AdditionalNote":{"NoteLiteral":{"En":"By the end of the course, you will be able to... Reflect on leadership and moral character"},"Id":"urn:eciu:note:8338f30e-f90e-ef11-9f89-000d3a292483","Type":"Note"},"Id":"urn:epass:learningOutcome:1ed8018a-0e0d-40ca-9661-cada50654500-3","Type":"LearningOutcome"}],"LearningSetting":null,"Mode":null,"Title":{"En":"Managerial Ethics in Business and Leadership Theory"},"DcType":null,"HomePage":null,"VolumeOfLearning":"PT4H","Id":"urn:eciu:qualification:1ed8018a-0e0d-40ca-9661-cada50654500","Type":"Qualification"},"IsPartOf":{"Mode":null,"DcType":null,"Title":{"En":"Managerial Ethics in Business and Leadership Theory"},"AdmissionsProcedure":null,"ApplicationDeadline":null,"Description":null,"LearningAchievementSpecification":null,"IsPartOf":null,"Temporal":null,"ProvidedBy":null,"LearningActivitySpecification":null,"BannerImage":null,"MoreInformation":null,"Id":"urn:eciu:learningOpportunity:3a343b28-e40e-ef11-9f89-000d3a292483","Type":"LearningOpportunity"},"Temporal":{"EndDate":"2024-05-20T00:00:00Z","Name":{"En":"Temporal"},"StartDate":"2024-08-30T00:00:00Z"},"ProvidedBy":{"Location":null,"Logo":null,"LegalName":{"En":"DUBLIN CITY UNIVERSITY (DCU)"},"Registration":null,"Homepage":null,"Id":"urn:eciu:org:ee9c51fc-6954-ed11-bba2-6045bd886566","Type":"Organisation"},"LearningActivitySpecification":{"Mode":null,"DcType":null,"Title":{"En":""},"Description":null,"MoreInformation":[{"NoteLiteral":"- The course will become **accessible as of the 20th of May 2024**.\n- You can already register for it by clicking **this link:\u00A0 [https://www.futurelearn.com/invitations/dcu/managerial-ethics-in-business-and-leadership-theory/am1p888h9uya2njxc6glgfhp3uhokgv](https://www.futurelearn.com/invitations/dcu/managerial-ethics-in-business-and-leadership-theory/am1p888h9uya2njxc6glgfhp3uhokgv)**\n- On clicking the link, you will be **prompted to set up an account with the FutureLearn**, which will be your Learning Environment for this course.\n- To gain access to the course in FutureLearn, **please use your Tampere City email address** when opening the account.\n- The course is asynchronous and provides you with the opportunity to comment on course content etc. with your peers during the course.","Subject":{"InScheme":{"Id":"urn:eciu:note","Type":"ConceptScheme"},"PrefLabel":{"En":"ParticipantInformation"},"Id":"1ed8018a-0e0d-40ca-9661-cada50654500","Type":"Concept"}}],"HasPart":null,"Id":"urn:eciu:learningActivitySpec:1ed8018a-0e0d-40ca-9661-cada50654500","Type":"LearningActivitySpecification"},"BannerImage":null,"MoreInformation":[{"NoteLiteral":"","Subject":{"InScheme":{"Id":"urn:eciu:note","Type":"ConceptScheme"},"PrefLabel":{"En":"SourceIdentifier"},"Id":"1ed8018a-0e0d-40ca-9661-cada50654500","Type":"Concept"}},{"NoteLiteral":"Identify the role that business ethics plays within a working environment with Dublin City University.","Subject":{"InScheme":{"Id":"urn:eciu:note","Type":"ConceptScheme"},"PrefLabel":{"En":"SubTitle"},"Id":"1ed8018a-0e0d-40ca-9661-cada50654500","Type":"Concept"}},{"NoteLiteral":"This informative course will take you through the main themes and concepts of ethics within a business context. You\u2019ll look at the role of managers and leaders within a business organisation and will reflect on different theories on what the purpose of a business is. You\u2019ll gain an insight into the decision-making process of a business and will finish the week by looking at leadership theories which will include a fascinating journey of discovering the virtues of a business leader.","Subject":{"InScheme":{"Id":"urn:eciu:note","Type":"ConceptScheme"},"PrefLabel":{"En":"Introduction"},"Id":"1ed8018a-0e0d-40ca-9661-cada50654500","Type":"Concept"}},{"NoteLiteral":"True","Subject":{"InScheme":{"Id":"urn:eciu:note","Type":"ConceptScheme"},"PrefLabel":{"En":"GenerateMicroCredentials"},"Id":"1ed8018a-0e0d-40ca-9661-cada50654500","Type":"Concept"}},{"NoteLiteral":"","Subject":{"InScheme":{"Id":"urn:eciu:note","Type":"ConceptScheme"},"PrefLabel":{"En":"AdmissionProcessInformation"},"Id":"1ed8018a-0e0d-40ca-9661-cada50654500","Type":"Concept"}},{"NoteLiteral":"True","Subject":{"InScheme":{"Id":"urn:eciu:note","Type":"ConceptScheme"},"PrefLabel":{"En":"SimplifiedAdmissionProcess"},"Id":"1ed8018a-0e0d-40ca-9661-cada50654500","Type":"Concept"}},{"NoteLiteral":"2024-05-13","Subject":{"InScheme":{"Id":"urn:eciu:note","Type":"ConceptScheme"},"PrefLabel":{"En":"ApplicationPeriodStartDate"},"Id":"1ed8018a-0e0d-40ca-9661-cada50654500","Type":"Concept"}},{"NoteLiteral":"30","Subject":{"InScheme":{"Id":"urn:eciu:note","Type":"ConceptScheme"},"PrefLabel":{"En":"MaximumNumberOfSeats"},"Id":"1ed8018a-0e0d-40ca-9661-cada50654500","Type":"Concept"}},{"NoteLiteral":"False","Subject":{"InScheme":{"Id":"urn:eciu:note","Type":"ConceptScheme"},"PrefLabel":{"En":"ECIULMSENabled"},"Id":"1ed8018a-0e0d-40ca-9661-cada50654500","Type":"Concept"}},{"NoteLiteral":"https://www.futurelearn.com/invitations/dcu/managerial-ethics-in-business-and-leadership-theory/am1p888h9uya2njxc6glgfhp3uhokgv","Subject":{"InScheme":{"Id":"urn:eciu:note","Type":"ConceptScheme"},"PrefLabel":{"En":"LMSUrl"},"Id":"1ed8018a-0e0d-40ca-9661-cada50654500","Type":"Concept"}},{"NoteLiteral":"","Subject":{"InScheme":{"Id":"urn:eciu:note","Type":"ConceptScheme"},"PrefLabel":{"En":"TeamAccessDate"},"Id":"1ed8018a-0e0d-40ca-9661-cada50654500","Type":"Concept"}},{"NoteLiteral":"false","Subject":{"InScheme":{"Id":"urn:eciu:note","Type":"ConceptScheme"},"PrefLabel":{"En":"SelfPaced"},"Id":"1ed8018a-0e0d-40ca-9661-cada50654500","Type":"Concept"}},{"NoteLiteral":"25","Subject":{"InScheme":{"Id":"urn:eciu:note","Type":"ConceptScheme"},"PrefLabel":{"En":"Pace"},"Id":"1ed8018a-0e0d-40ca-9661-cada50654500","Type":"Concept"}},{"NoteLiteral":"Standard","Subject":{"InScheme":{"Id":"urn:eciu:note","Type":"ConceptScheme"},"PrefLabel":{"En":"Scope"},"Id":"1ed8018a-0e0d-40ca-9661-cada50654500","Type":"Concept"}}],"Id":"urn:eciu:learningOpportunity:1ed8018a-0e0d-40ca-9661-cada50654500","Type":"LearningOpportunity"}