{"Mode":{"InScheme":{"Id":"http://data.europa.eu/snb/learning-assessment/25831c2","Type":"ConceptScheme"},"PrefLabel":{"En":"Online"},"Id":"http://data.europa.eu/snb/learning-assessment/920fbb3cbe","Type":"Concept"},"DcType":null,"Title":{"En":"Obstacles Facing Blockchain Emergence"},"AdmissionsProcedure":null,"ApplicationDeadline":"2024-08-16","Description":{"En":"The course is aimed at IT professionals in employment in the Republic of Ireland registered companies. To qualify for direct entry they must have a Level 8 Honours Degree (2.2) or higher in Computer Science, Computing, Computer Applications or a related discipline. Applicants without these entry requirements (e.g., Level 7 degree or lower than an Honours 2.2 in a Level 8 degree) may be considered if they can demonstrate previously obtained competence equivalent to the entry requirements.\n\nIn this course, we will look at how the General Data Protection Regulations (GDPR) contradicts the principle of blockchain data immutability and how the absences of a central governance system can cause serious problems, especially in the financial sector.\n\nWe will discuss some blockchain security issues such as crypto-exchange hacks. Furthermore, we will explore cultural issues such as Blockchain\u2019s reputation and how crypto has a negative image that is surrounded by fraudsters, hackers.\n\nFinally, we will discuss the lack of awareness, cooperation and understanding of how blockchain works, especially with small and medium-sized companies.\n\nIn this course, we will discuss governance issues such as the lack of policies and regulations faced by blockchain,\u00A0 blockchain privacy and security issues such as crypto-exchange hacks.\n\nWe will explore Cultural Issues such as Blockchain\u2019s reputation and lack of awareness and understanding about how Blockchain works for smaller enterprises.\n\nUpon completion of this course, you will be able to; identify the major blockchain obstacles hindering its emergence, explain each obstacle and how it affects the adoption of blockchain technology, outline ways to overcome blockchain obstacles and reach its full potential."},"LearningAchievementSpecification":{"EQFLevel":{"InScheme":{"Id":"http://data.europa.eu/snb/eqf/25831c2","Type":"ConceptScheme"},"PrefLabel":{"En":"Level 7"},"Id":"http://data.europa.eu/snb/eqf/7","Type":"Concept"},"CreditPoint":null,"LearningOutcome":[{"Title":{"En":"L01"},"RelatedESCOSkill":[{"Notation":"Skill","InScheme":{"Id":"http://data.europa.eu/esco/concept-scheme/skills","Type":"ConceptScheme"},"PrefLabel":{"En":"evaluate data, information and digital content"},"Id":"http://data.europa.eu/esco/skill/1d6c7de4-350e-4868-a47b-333b4b0d9650","Type":"Concept"}],"AdditionalNote":{"NoteLiteral":{"En":"By the end of the course, you will be able to... Identify the major blockchain obstacles hindering its emergence."},"Id":"urn:eciu:note:03703d7a-c411-ef11-9f89-00224885f47e","Type":"Note"},"Id":"urn:epass:learningOutcome:44d3ad69-b863-44f2-bb07-2694a2ac1504-1","Type":"LearningOutcome"},{"Title":{"En":"L02"},"RelatedESCOSkill":[{"Notation":"Skill","InScheme":{"Id":"http://data.europa.eu/esco/concept-scheme/skills","Type":"ConceptScheme"},"PrefLabel":{"En":"listening and asking questions"},"Id":"http://data.europa.eu/esco/skill/S1.7.3","Type":"Concept"}],"AdditionalNote":{"NoteLiteral":{"En":"By the end of the course, you will be able to... Explain each obstacle and how it affects the adoption of blockchain technology."},"Id":"urn:eciu:note:0cd900c4-c411-ef11-9f89-00224885f47e","Type":"Note"},"Id":"urn:epass:learningOutcome:44d3ad69-b863-44f2-bb07-2694a2ac1504-2","Type":"LearningOutcome"},{"Title":{"En":"L03"},"RelatedESCOSkill":[{"Notation":"Skill","InScheme":{"Id":"http://data.europa.eu/esco/concept-scheme/skills","Type":"ConceptScheme"},"PrefLabel":{"En":"solve problems"},"Id":"http://data.europa.eu/esco/skill/adc6dc11-3376-467b-96c5-9b0a21edc869","Type":"Concept"}],"AdditionalNote":{"NoteLiteral":{"En":"By the end of the course, you will be able to... Explore ways to surmount the blockchain obstacles and reach its full potential."},"Id":"urn:eciu:note:fe200404-c511-ef11-9f89-00224885f47e","Type":"Note"},"Id":"urn:epass:learningOutcome:44d3ad69-b863-44f2-bb07-2694a2ac1504-3","Type":"LearningOutcome"}],"LearningSetting":null,"Mode":null,"Title":{"En":"Obstacles Facing Blockchain Emergence"},"DcType":null,"HomePage":null,"VolumeOfLearning":"PT4H","Id":"urn:eciu:qualification:44d3ad69-b863-44f2-bb07-2694a2ac1504","Type":"Qualification"},"IsPartOf":{"Mode":null,"DcType":null,"Title":{"En":"Obstacles Facing Blockchain Emergence"},"AdmissionsProcedure":null,"ApplicationDeadline":null,"Description":null,"LearningAchievementSpecification":null,"IsPartOf":null,"Temporal":null,"ProvidedBy":null,"LearningActivitySpecification":null,"BannerImage":null,"MoreInformation":[{"NoteLiteral":"CA60001","Subject":{"InScheme":{"Id":"urn:eciu:note","Type":"ConceptScheme"},"PrefLabel":{"En":"EducationIdentifier"},"Id":"e7d1940f-c311-ef11-9f89-00224885f47e","Type":"Concept"}}],"Id":"urn:eciu:learningOpportunity:e7d1940f-c311-ef11-9f89-00224885f47e","Type":"LearningOpportunity"},"Temporal":{"EndDate":"2024-05-20T00:00:00Z","Name":{"En":"Temporal"},"StartDate":"2024-08-30T00:00:00Z"},"ProvidedBy":{"Location":null,"Logo":null,"LegalName":{"En":"DUBLIN CITY UNIVERSITY (DCU)"},"Registration":null,"Homepage":null,"Id":"urn:eciu:org:ee9c51fc-6954-ed11-bba2-6045bd886566","Type":"Organisation"},"LearningActivitySpecification":{"Mode":null,"DcType":null,"Title":{"En":""},"Description":null,"MoreInformation":[{"NoteLiteral":"- The course will become **accessible as of the 20th of May 2024**.\n- You can already register for it by clicking **this link:\u00A0[https://www.futurelearn.com/invitations/dcu/obstacles-facing-blockchain-emergence/hyqys9v4ttjez6g6njtfjkz6lgzsus0](https://www.futurelearn.com/invitations/dcu/obstacles-facing-blockchain-emergence/hyqys9v4ttjez6g6njtfjkz6lgzsus0)**\n- On clicking the link, you will be prompted to **set up an account with the FutureLearn**, which will be your Learning Environment for this course.\n- To gain access to the course in FutureLearn, **please use your Tampere City email address** when opening the account.\n- The course is asynchronous and provides you with the opportunity to comment on course content etc. with your peers during the course.","Subject":{"InScheme":{"Id":"urn:eciu:note","Type":"ConceptScheme"},"PrefLabel":{"En":"ParticipantInformation"},"Id":"44d3ad69-b863-44f2-bb07-2694a2ac1504","Type":"Concept"}}],"HasPart":null,"Id":"urn:eciu:learningActivitySpec:44d3ad69-b863-44f2-bb07-2694a2ac1504","Type":"LearningActivitySpecification"},"BannerImage":null,"MoreInformation":[{"NoteLiteral":"","Subject":{"InScheme":{"Id":"urn:eciu:note","Type":"ConceptScheme"},"PrefLabel":{"En":"SourceIdentifier"},"Id":"44d3ad69-b863-44f2-bb07-2694a2ac1504","Type":"Concept"}},{"NoteLiteral":"(Blockchain)","Subject":{"InScheme":{"Id":"urn:eciu:note","Type":"ConceptScheme"},"PrefLabel":{"En":"SubTitle"},"Id":"44d3ad69-b863-44f2-bb07-2694a2ac1504","Type":"Concept"}},{"NoteLiteral":"In this course, we will review the obstacles facing the emergence of blockchain technology, including governance, security, privacy and cultural issues.","Subject":{"InScheme":{"Id":"urn:eciu:note","Type":"ConceptScheme"},"PrefLabel":{"En":"Introduction"},"Id":"44d3ad69-b863-44f2-bb07-2694a2ac1504","Type":"Concept"}},{"NoteLiteral":"True","Subject":{"InScheme":{"Id":"urn:eciu:note","Type":"ConceptScheme"},"PrefLabel":{"En":"GenerateMicroCredentials"},"Id":"44d3ad69-b863-44f2-bb07-2694a2ac1504","Type":"Concept"}},{"NoteLiteral":"","Subject":{"InScheme":{"Id":"urn:eciu:note","Type":"ConceptScheme"},"PrefLabel":{"En":"AdmissionProcessInformation"},"Id":"44d3ad69-b863-44f2-bb07-2694a2ac1504","Type":"Concept"}},{"NoteLiteral":"True","Subject":{"InScheme":{"Id":"urn:eciu:note","Type":"ConceptScheme"},"PrefLabel":{"En":"SimplifiedAdmissionProcess"},"Id":"44d3ad69-b863-44f2-bb07-2694a2ac1504","Type":"Concept"}},{"NoteLiteral":"2024-05-13","Subject":{"InScheme":{"Id":"urn:eciu:note","Type":"ConceptScheme"},"PrefLabel":{"En":"ApplicationPeriodStartDate"},"Id":"44d3ad69-b863-44f2-bb07-2694a2ac1504","Type":"Concept"}},{"NoteLiteral":"30","Subject":{"InScheme":{"Id":"urn:eciu:note","Type":"ConceptScheme"},"PrefLabel":{"En":"MaximumNumberOfSeats"},"Id":"44d3ad69-b863-44f2-bb07-2694a2ac1504","Type":"Concept"}},{"NoteLiteral":"False","Subject":{"InScheme":{"Id":"urn:eciu:note","Type":"ConceptScheme"},"PrefLabel":{"En":"ECIULMSENabled"},"Id":"44d3ad69-b863-44f2-bb07-2694a2ac1504","Type":"Concept"}},{"NoteLiteral":"https://www.futurelearn.com/invitations/dcu/obstacles-facing-blockchain-emergence/hyqys9v4ttjez6g6njtfjkz6lgzsus0","Subject":{"InScheme":{"Id":"urn:eciu:note","Type":"ConceptScheme"},"PrefLabel":{"En":"LMSUrl"},"Id":"44d3ad69-b863-44f2-bb07-2694a2ac1504","Type":"Concept"}},{"NoteLiteral":"","Subject":{"InScheme":{"Id":"urn:eciu:note","Type":"ConceptScheme"},"PrefLabel":{"En":"TeamAccessDate"},"Id":"44d3ad69-b863-44f2-bb07-2694a2ac1504","Type":"Concept"}},{"NoteLiteral":"false","Subject":{"InScheme":{"Id":"urn:eciu:note","Type":"ConceptScheme"},"PrefLabel":{"En":"SelfPaced"},"Id":"44d3ad69-b863-44f2-bb07-2694a2ac1504","Type":"Concept"}},{"NoteLiteral":"25","Subject":{"InScheme":{"Id":"urn:eciu:note","Type":"ConceptScheme"},"PrefLabel":{"En":"Pace"},"Id":"44d3ad69-b863-44f2-bb07-2694a2ac1504","Type":"Concept"}},{"NoteLiteral":"Standard","Subject":{"InScheme":{"Id":"urn:eciu:note","Type":"ConceptScheme"},"PrefLabel":{"En":"Scope"},"Id":"44d3ad69-b863-44f2-bb07-2694a2ac1504","Type":"Concept"}}],"Id":"urn:eciu:learningOpportunity:44d3ad69-b863-44f2-bb07-2694a2ac1504","Type":"LearningOpportunity"}