{"Mode":{"InScheme":{"Id":"http://data.europa.eu/snb/learning-assessment/25831c2","Type":"ConceptScheme"},"PrefLabel":{"En":"Blended"},"Id":"http://data.europa.eu/snb/learning-assessment/e92d221e4d","Type":"Concept"},"DcType":null,"Title":{"En":"Play as a pedagogical resource to support children\u00B4s development, learning and creativity"},"AdmissionsProcedure":null,"ApplicationDeadline":"2025-03-02","Description":{"En":"In this module, play is treated as a central part of childhood and it is described from different research-based perspectives. Play is also related to teachers\u2019 mission to stimulate creativity, learning and development and promote social community between children. Furthermore, how teachers can create environments for play is discussed, as well as the pedagogical potential in play as a way to interact and communicate. The module develops upon a childhood sociological perspective, including concepts such as children\u0027s perspectives and children\u0027s agency.\n\nThe module will start with online activities that will provide the theoretical background in play as a pedagogical resource. During the face-to-face week at Link\u00F6ping University, campus Norrk\u00F6ping (12-16 May 2025),\u00A0you will have the opportunity to meet peers and par\u00ADticipate in interactive activities. Vari\u00ADous play situations, including both outdoor and indoor play, will be explored. Site visits to early-childhood and extended education centers are planned, along with excursions to both the forest and the city of Norrk\u00F6ping. Students will also employ their different backgrounds to inform discussions about play.\n\nThis module is an excellent choice for students of teaching programmes and for students of other disciplines that are curious about how play can stimulate creativity and learning in their filed."},"LearningAchievementSpecification":{"EQFLevel":{"InScheme":{"Id":"http://data.europa.eu/snb/eqf/25831c2","Type":"ConceptScheme"},"PrefLabel":{"En":"Level 6"},"Id":"http://data.europa.eu/snb/eqf/6","Type":"Concept"},"CreditPoint":{"Framework":{"InScheme":{"Id":"http://data.europa.eu/snb/education-credit/25831c2","Type":"ConceptScheme"},"PrefLabel":{"En":"European Credit Transfer System"},"Id":"http://data.europa.eu/snb/education-credit/6fcec5c5af","Type":"Concept"},"Point":"3,0","Id":"urn:epass:creditPoint:a0b9b33e-3b49-4d4e-8f3f-94c571f85754","Type":"CreditPoint"},"LearningOutcome":[{"Title":{"En":"Children\u00B4s play theories"},"RelatedESCOSkill":[{"Notation":"Skill","InScheme":{"Id":"http://data.europa.eu/esco/concept-scheme/skills","Type":"ConceptScheme"},"PrefLabel":{"En":"social pedagogy"},"Id":"http://data.europa.eu/esco/skill/58bae6b3-baf1-4ce2-9daf-197ede8c510a","Type":"Concept"}],"AdditionalNote":{"NoteLiteral":{"En":"The ability to describe children\u0027s play based on different approaches and theories"},"Id":"urn:eciu:note:1dcdadce-139c-ef11-8a69-6045bd9c8def","Type":"Note"},"Id":"urn:epass:learningOutcome:a0b9b33e-3b49-4d4e-8f3f-94c571f85754-1","Type":"LearningOutcome"},{"Title":{"En":"Pedagogy and play"},"RelatedESCOSkill":[{"Notation":"Skill","InScheme":{"Id":"http://data.europa.eu/esco/concept-scheme/skills","Type":"ConceptScheme"},"PrefLabel":{"En":"plan learning curriculum"},"Id":"http://data.europa.eu/esco/skill/8193f6c6-80d5-4542-a316-2b783e3d8ad9","Type":"Concept"}],"AdditionalNote":{"NoteLiteral":{"En":"Ability to discuss pedagogical organisation of play based on research."},"Id":"urn:eciu:note:8b51900e-149c-ef11-8a69-6045bd9c8def","Type":"Note"},"Id":"urn:epass:learningOutcome:a0b9b33e-3b49-4d4e-8f3f-94c571f85754-2","Type":"LearningOutcome"},{"Title":{"En":"Play as educational resource"},"RelatedESCOSkill":[{"Notation":"Skill","InScheme":{"Id":"http://data.europa.eu/esco/concept-scheme/skills","Type":"ConceptScheme"},"PrefLabel":{"En":"use pedagogic strategies for creativity"},"Id":"http://data.europa.eu/esco/skill/1c7ac9a3-5385-4443-bd7f-64f86451c0c1","Type":"Concept"},{"Notation":"Skill","InScheme":{"Id":"http://data.europa.eu/esco/concept-scheme/skills","Type":"ConceptScheme"},"PrefLabel":{"En":"develop educational resources"},"Id":"http://data.europa.eu/esco/skill/3a5b7435-c262-4a9d-893d-ee6c19bd9d92","Type":"Concept"}],"AdditionalNote":{"NoteLiteral":{"En":"Ability to explain how teachers can create conditions for play and use play as an educational resource."},"Id":"urn:eciu:note:63f7dc2e-149c-ef11-8a69-6045bd9c8def","Type":"Note"},"Id":"urn:epass:learningOutcome:a0b9b33e-3b49-4d4e-8f3f-94c571f85754-3","Type":"LearningOutcome"}],"LearningSetting":null,"Mode":null,"Title":{"En":"Play as a pedagogical resource to support children\u00B4s development, learning and creativity"},"DcType":null,"HomePage":null,"VolumeOfLearning":null,"Id":"urn:eciu:qualification:a0b9b33e-3b49-4d4e-8f3f-94c571f85754","Type":"Qualification"},"IsPartOf":{"Mode":null,"DcType":null,"Title":{"En":"Play as a pedagogical resource to support children\u00B4s development, learning and creativity"},"AdmissionsProcedure":null,"ApplicationDeadline":null,"Description":null,"LearningAchievementSpecification":null,"IsPartOf":null,"Temporal":null,"ProvidedBy":null,"LearningActivitySpecification":null,"BannerImage":null,"MoreInformation":null,"Id":"urn:eciu:learningOpportunity:95a07cfb-8c9b-ef11-8a69-7c1e527274ac","Type":"LearningOpportunity"},"Temporal":{"EndDate":"2025-03-31T00:00:00Z","Name":{"En":"Temporal"},"StartDate":"2025-05-23T00:00:00Z"},"ProvidedBy":{"Location":null,"Logo":null,"LegalName":{"En":"LINKOPINGS UNIVERSITET (LIU)"},"Registration":null,"Homepage":null,"Id":"urn:eciu:org:f1122d1d-6a54-ed11-bba2-6045bd886566","Type":"Organisation"},"LearningActivitySpecification":{"Mode":null,"DcType":null,"Title":{"En":""},"Description":null,"MoreInformation":[{"NoteLiteral":"This module includes a mandatory mobility 12-16 May 2025. Please contact the ECIU mobility officer at your home university to secure mobility funding for this micro-module.\n\nWe will make sure that you are notified regarding your admission in good time to allow you to plan your trip.\n\n**Schedule**\n\nThe introduction and first meeting of the module will take place ***online on 31 March (exact time TBA)***.\n\nThe learners will receive a detailed schedule of the online activities in due course.\n\n**Face-to-face week**\n\nBelow you can see a preliminary programme for the F2F week 12-16 May 2025. Changes may occur:\n\nThe module starts on 12 May at 9:00\u00A0 in the Norrk\u00F6ping campus, Link\u00F6ping University, and ends on 16 May at 13:00. The week will include literature seminars, workshops, and presentations. The schedule also includes visits to a preschool and an school-age educare center, as well as practical play seminars outdoors in both a park and a forest.\n\n**Monday 12 May**\n\n- 9:00: Introduction\n- 10:00 Seminar: What is play? Personal experiences\n- 13:00 Practical seminar: play in Folkparken\n\n**Tuesday 13 May**\n\n- 9:00 Visit to preschool facility\n- 13:00 Litterature seminar: Corsaro\n\n**Wednesday 14 May**\n\n- 9:00 Workshop at play lab\n- 13:00 Visit to school-age educar\n\n**Thursday 15 May**\n\n- 9:00 Practical seminar: play in Vrinneviskogen\n- 13:00 Preparare presentation\n\n**Friday 16 May**\n\n- 9:00 Presentation\n- 13:00 Conclusion\n\n**Examination**\n\nThe module is examined through written and oral presentation.\n\nFor any questions, please contact us at eciu@liu.se.","Subject":{"InScheme":{"Id":"urn:eciu:note","Type":"ConceptScheme"},"PrefLabel":{"En":"ParticipantInformation"},"Id":"a0b9b33e-3b49-4d4e-8f3f-94c571f85754","Type":"Concept"}}],"HasPart":null,"Id":"urn:eciu:learningActivitySpec:a0b9b33e-3b49-4d4e-8f3f-94c571f85754","Type":"LearningActivitySpecification"},"BannerImage":null,"MoreInformation":[{"NoteLiteral":"","Subject":{"InScheme":{"Id":"urn:eciu:note","Type":"ConceptScheme"},"PrefLabel":{"En":"SourceIdentifier"},"Id":"a0b9b33e-3b49-4d4e-8f3f-94c571f85754","Type":"Concept"}},{"NoteLiteral":"Join us in exploring the great learning potential of play and make a difference in children\u00B4s education.","Subject":{"InScheme":{"Id":"urn:eciu:note","Type":"ConceptScheme"},"PrefLabel":{"En":"SubTitle"},"Id":"a0b9b33e-3b49-4d4e-8f3f-94c571f85754","Type":"Concept"}},{"NoteLiteral":"Bring yourself back to your childhood. Do you remember how happy you felt when you were playing? And how many things you learned from that? This module highlights the centrality of play in childhood and the ways it encourages creativity, learning development and social community among children. The module will start with online activities where the theoretical foundations of play as a pedagogical resource will be laid down. During the face-to-face week, you will meet peers and participate in different play situations, both indoors and outdoors. Site visits and excursions are also planned.","Subject":{"InScheme":{"Id":"urn:eciu:note","Type":"ConceptScheme"},"PrefLabel":{"En":"Introduction"},"Id":"a0b9b33e-3b49-4d4e-8f3f-94c571f85754","Type":"Concept"}},{"NoteLiteral":"True","Subject":{"InScheme":{"Id":"urn:eciu:note","Type":"ConceptScheme"},"PrefLabel":{"En":"GenerateMicroCredentials"},"Id":"a0b9b33e-3b49-4d4e-8f3f-94c571f85754","Type":"Concept"}},{"NoteLiteral":"**Deadline for applications**: 02 March 2025\n\n**Entry requirements**:\u00A0studying at the university level\n\n**Mobility Grant**: Please contact the ECIU mobility officer as soon as possible to find out if you are eligible for a mobility grant\n\n**Supporting documentation**\n\nAll applicants are required to submit a transcript of records.\n\nTo process your application we will need the following infromation:\n\n- Name\n- Surname\n- Legal sex (female/male)\n- Date of birth\n- Valid home address\n- Phone number\n\nThis is necessary for the activation of your account at Link\u00F6ping University and to get access to the study material and the learning management system. Please fill in the above information in your profile on the ECIU engage platform, it will make the process much easier and faster for everyone.\n\nYou will receive a results notification within 2 days from the application deadline. If you are admitted, you will be contacted by the host university regarding the next steps in the process.","Subject":{"InScheme":{"Id":"urn:eciu:note","Type":"ConceptScheme"},"PrefLabel":{"En":"AdmissionProcessInformation"},"Id":"a0b9b33e-3b49-4d4e-8f3f-94c571f85754","Type":"Concept"}},{"NoteLiteral":"False","Subject":{"InScheme":{"Id":"urn:eciu:note","Type":"ConceptScheme"},"PrefLabel":{"En":"SimplifiedAdmissionProcess"},"Id":"a0b9b33e-3b49-4d4e-8f3f-94c571f85754","Type":"Concept"}},{"NoteLiteral":"2024-12-02","Subject":{"InScheme":{"Id":"urn:eciu:note","Type":"ConceptScheme"},"PrefLabel":{"En":"ApplicationPeriodStartDate"},"Id":"a0b9b33e-3b49-4d4e-8f3f-94c571f85754","Type":"Concept"}},{"NoteLiteral":"30","Subject":{"InScheme":{"Id":"urn:eciu:note","Type":"ConceptScheme"},"PrefLabel":{"En":"MaximumNumberOfSeats"},"Id":"a0b9b33e-3b49-4d4e-8f3f-94c571f85754","Type":"Concept"}},{"NoteLiteral":"False","Subject":{"InScheme":{"Id":"urn:eciu:note","Type":"ConceptScheme"},"PrefLabel":{"En":"ECIULMSENabled"},"Id":"a0b9b33e-3b49-4d4e-8f3f-94c571f85754","Type":"Concept"}},{"NoteLiteral":"","Subject":{"InScheme":{"Id":"urn:eciu:note","Type":"ConceptScheme"},"PrefLabel":{"En":"LMSUrl"},"Id":"a0b9b33e-3b49-4d4e-8f3f-94c571f85754","Type":"Concept"}},{"NoteLiteral":"","Subject":{"InScheme":{"Id":"urn:eciu:note","Type":"ConceptScheme"},"PrefLabel":{"En":"TeamAccessDate"},"Id":"a0b9b33e-3b49-4d4e-8f3f-94c571f85754","Type":"Concept"}},{"NoteLiteral":"false","Subject":{"InScheme":{"Id":"urn:eciu:note","Type":"ConceptScheme"},"PrefLabel":{"En":"SelfPaced"},"Id":"a0b9b33e-3b49-4d4e-8f3f-94c571f85754","Type":"Concept"}},{"NoteLiteral":"25","Subject":{"InScheme":{"Id":"urn:eciu:note","Type":"ConceptScheme"},"PrefLabel":{"En":"Pace"},"Id":"a0b9b33e-3b49-4d4e-8f3f-94c571f85754","Type":"Concept"}},{"NoteLiteral":"Standard","Subject":{"InScheme":{"Id":"urn:eciu:note","Type":"ConceptScheme"},"PrefLabel":{"En":"Scope"},"Id":"a0b9b33e-3b49-4d4e-8f3f-94c571f85754","Type":"Concept"}}],"Id":"urn:eciu:learningOpportunity:a0b9b33e-3b49-4d4e-8f3f-94c571f85754","Type":"LearningOpportunity"}