{"Mode":{"InScheme":{"Id":"http://data.europa.eu/snb/learning-assessment/25831c2","Type":"ConceptScheme"},"PrefLabel":{"En":"Online"},"Id":"http://data.europa.eu/snb/learning-assessment/920fbb3cbe","Type":"Concept"},"DcType":null,"Title":{"En":"Developing Language-learner Competence, Confidence and Intercultural"},"AdmissionsProcedure":null,"ApplicationDeadline":"2024-10-31","Description":{"En":"This module leads students on an informed self-reflective journey to develop confidence in their language and intercultural communication skills.\n\nContent of the course is:\n\n- language-proficiency testing\n- strategies for communication in other languages\n- reflections upon intercultural encounters\n- intercultural communication difficulties and solutions\n\nCEFR-level of the course is B2"},"LearningAchievementSpecification":{"EQFLevel":{"InScheme":{"Id":"http://data.europa.eu/snb/eqf/25831c2","Type":"ConceptScheme"},"PrefLabel":{"En":"Level 6"},"Id":"http://data.europa.eu/snb/eqf/6","Type":"Concept"},"CreditPoint":{"Framework":{"InScheme":{"Id":"http://data.europa.eu/snb/education-credit/25831c2","Type":"ConceptScheme"},"PrefLabel":{"En":"European Credit Transfer System"},"Id":"http://data.europa.eu/snb/education-credit/6fcec5c5af","Type":"Concept"},"Point":"1,0","Id":"urn:epass:creditPoint:48f59aba-2d69-4555-8c44-516b8d941765","Type":"CreditPoint"},"LearningOutcome":[{"Title":{"En":"Reflecting intercultural communication"},"RelatedESCOSkill":[{"Notation":"Skill","InScheme":{"Id":"http://data.europa.eu/esco/concept-scheme/skills","Type":"ConceptScheme"},"PrefLabel":{"En":"respect the diversity of cultural values and norms"},"Id":"http://data.europa.eu/esco/skill/5ca953f7-541d-4f67-bc55-7721348366cf","Type":"Concept"}],"AdditionalNote":{"NoteLiteral":{"En":"The student will be able to identify and reflect upon barriers to intercultural communication"},"Id":"urn:eciu:note:7858cc86-8460-ef11-bfe3-000d3aafbfd2","Type":"Note"},"Id":"urn:epass:learningOutcome:48f59aba-2d69-4555-8c44-516b8d941765-1","Type":"LearningOutcome"},{"Title":{"En":"Language abilities reflection"},"RelatedESCOSkill":[{"Notation":"Skill","InScheme":{"Id":"http://data.europa.eu/esco/concept-scheme/skills","Type":"ConceptScheme"},"PrefLabel":{"En":"exercise self-reflection"},"Id":"http://data.europa.eu/esco/skill/409a0245-0e6c-4aac-ba16-0920ecb76a8d","Type":"Concept"}],"AdditionalNote":{"NoteLiteral":{"En":"The student will be able to reflect on their language abilities"},"Id":"urn:eciu:note:79daf11d-8460-ef11-bfe3-00224882b2f6","Type":"Note"},"Id":"urn:epass:learningOutcome:48f59aba-2d69-4555-8c44-516b8d941765-2","Type":"LearningOutcome"},{"Title":{"En":"Intercultural communication skills"},"RelatedESCOSkill":[{"Notation":"Skill","InScheme":{"Id":"http://data.europa.eu/esco/concept-scheme/skills","Type":"ConceptScheme"},"PrefLabel":{"En":"demonstrate intercultural competence"},"Id":"http://data.europa.eu/esco/skill/c10d5d87-36cf-42f5-8a12-e560fb5f4af8","Type":"Concept"}],"AdditionalNote":{"NoteLiteral":{"En":"The student will be able to identify ways in which they can enable smooth communication with people from different linguistic and cultural backgrounds"},"Id":"urn:eciu:note:51864409-8560-ef11-bfe3-00224882b2f6","Type":"Note"},"Id":"urn:epass:learningOutcome:48f59aba-2d69-4555-8c44-516b8d941765-3","Type":"LearningOutcome"}],"LearningSetting":null,"Mode":null,"Title":{"En":"Developing Language-learner Competence, Confidence and Intercultural"},"DcType":null,"HomePage":null,"VolumeOfLearning":null,"Id":"urn:eciu:qualification:48f59aba-2d69-4555-8c44-516b8d941765","Type":"Qualification"},"IsPartOf":{"Mode":null,"DcType":null,"Title":{"En":"Developing Language-learner Competence, Confidence and Intercultural"},"AdmissionsProcedure":null,"ApplicationDeadline":null,"Description":null,"LearningAchievementSpecification":null,"IsPartOf":null,"Temporal":null,"ProvidedBy":null,"LearningActivitySpecification":null,"BannerImage":null,"MoreInformation":null,"Id":"urn:eciu:learningOpportunity:b1047059-1e5a-ef11-bfe3-00224882b2f6","Type":"LearningOpportunity"},"Temporal":{"EndDate":"2024-10-21T00:00:00Z","Name":{"En":"Temporal"},"StartDate":"2024-12-06T00:00:00Z"},"ProvidedBy":{"Location":null,"Logo":null,"LegalName":{"En":"TAMPEREEN KORKEAKOULUSAATIO SR (TAU)"},"Registration":null,"Homepage":null,"Id":"urn:eciu:org:8f142831-6a54-ed11-bba2-6045bd886566","Type":"Organisation"},"LearningActivitySpecification":{"Mode":null,"DcType":null,"Title":{"En":""},"Description":null,"MoreInformation":[{"NoteLiteral":"This course is offered asynchronously and can be completed at the students own pace within the 7-week time frame of the course. Two voluntary class sessions on Zoom will be offered in week 3 and 6 of the course. These class sessions will offer students an opportunity to speak with the teacher and share their ideas/questions/findings with other students on the course. It is not obligatory to attend these class sessions.\u00A0\n\nThe grading of the course is pass/fail\n\nThis course is open to all students","Subject":{"InScheme":{"Id":"urn:eciu:note","Type":"ConceptScheme"},"PrefLabel":{"En":"ParticipantInformation"},"Id":"48f59aba-2d69-4555-8c44-516b8d941765","Type":"Concept"}}],"HasPart":null,"Id":"urn:eciu:learningActivitySpec:48f59aba-2d69-4555-8c44-516b8d941765","Type":"LearningActivitySpecification"},"BannerImage":null,"MoreInformation":[{"NoteLiteral":"","Subject":{"InScheme":{"Id":"urn:eciu:note","Type":"ConceptScheme"},"PrefLabel":{"En":"SourceIdentifier"},"Id":"48f59aba-2d69-4555-8c44-516b8d941765","Type":"Concept"}},{"NoteLiteral":"Online micromodule","Subject":{"InScheme":{"Id":"urn:eciu:note","Type":"ConceptScheme"},"PrefLabel":{"En":"SubTitle"},"Id":"48f59aba-2d69-4555-8c44-516b8d941765","Type":"Concept"}},{"NoteLiteral":"In an increasingly globalized and multilingual world, work, home and life will likely involve using one or more foreign languages. However, a lack confidence in linguistic skills or fear of causing offense due to different cultural backgrounds can make communication difficult, or at least cause anxiety. However, this does not mean the skills needed for communication in these situations do not already exist.  Therefore, this self-study course intends to help students reflect on their existing linguistic and intercultural communication abilities and identify how best to use them.","Subject":{"InScheme":{"Id":"urn:eciu:note","Type":"ConceptScheme"},"PrefLabel":{"En":"Introduction"},"Id":"48f59aba-2d69-4555-8c44-516b8d941765","Type":"Concept"}},{"NoteLiteral":"True","Subject":{"InScheme":{"Id":"urn:eciu:note","Type":"ConceptScheme"},"PrefLabel":{"En":"GenerateMicroCredentials"},"Id":"48f59aba-2d69-4555-8c44-516b8d941765","Type":"Concept"}},{"NoteLiteral":"There is no specific admission process and the first 22 student to enroll will be accepted on the course . After signing up to the course and you will receive and activate your TUNI credentials. Once activated you will be able to access Tampere University\u0027s Moodle.","Subject":{"InScheme":{"Id":"urn:eciu:note","Type":"ConceptScheme"},"PrefLabel":{"En":"AdmissionProcessInformation"},"Id":"48f59aba-2d69-4555-8c44-516b8d941765","Type":"Concept"}},{"NoteLiteral":"True","Subject":{"InScheme":{"Id":"urn:eciu:note","Type":"ConceptScheme"},"PrefLabel":{"En":"SimplifiedAdmissionProcess"},"Id":"48f59aba-2d69-4555-8c44-516b8d941765","Type":"Concept"}},{"NoteLiteral":"2024-09-01","Subject":{"InScheme":{"Id":"urn:eciu:note","Type":"ConceptScheme"},"PrefLabel":{"En":"ApplicationPeriodStartDate"},"Id":"48f59aba-2d69-4555-8c44-516b8d941765","Type":"Concept"}},{"NoteLiteral":"22","Subject":{"InScheme":{"Id":"urn:eciu:note","Type":"ConceptScheme"},"PrefLabel":{"En":"MaximumNumberOfSeats"},"Id":"48f59aba-2d69-4555-8c44-516b8d941765","Type":"Concept"}},{"NoteLiteral":"False","Subject":{"InScheme":{"Id":"urn:eciu:note","Type":"ConceptScheme"},"PrefLabel":{"En":"ECIULMSENabled"},"Id":"48f59aba-2d69-4555-8c44-516b8d941765","Type":"Concept"}},{"NoteLiteral":"","Subject":{"InScheme":{"Id":"urn:eciu:note","Type":"ConceptScheme"},"PrefLabel":{"En":"LMSUrl"},"Id":"48f59aba-2d69-4555-8c44-516b8d941765","Type":"Concept"}},{"NoteLiteral":"","Subject":{"InScheme":{"Id":"urn:eciu:note","Type":"ConceptScheme"},"PrefLabel":{"En":"TeamAccessDate"},"Id":"48f59aba-2d69-4555-8c44-516b8d941765","Type":"Concept"}},{"NoteLiteral":"false","Subject":{"InScheme":{"Id":"urn:eciu:note","Type":"ConceptScheme"},"PrefLabel":{"En":"SelfPaced"},"Id":"48f59aba-2d69-4555-8c44-516b8d941765","Type":"Concept"}},{"NoteLiteral":"20","Subject":{"InScheme":{"Id":"urn:eciu:note","Type":"ConceptScheme"},"PrefLabel":{"En":"Pace"},"Id":"48f59aba-2d69-4555-8c44-516b8d941765","Type":"Concept"}},{"NoteLiteral":"Standard","Subject":{"InScheme":{"Id":"urn:eciu:note","Type":"ConceptScheme"},"PrefLabel":{"En":"Scope"},"Id":"48f59aba-2d69-4555-8c44-516b8d941765","Type":"Concept"}}],"Id":"urn:eciu:learningOpportunity:48f59aba-2d69-4555-8c44-516b8d941765","Type":"LearningOpportunity"}