{"Mode":{"InScheme":{"Id":"http://data.europa.eu/snb/learning-assessment/25831c2","Type":"ConceptScheme"},"PrefLabel":{"En":"Online"},"Id":"http://data.europa.eu/snb/learning-assessment/920fbb3cbe","Type":"Concept"},"DcType":null,"Title":{"En":"Accelerating\u00A0Innovation\u00A0Adoption\u200B"},"AdmissionsProcedure":{"NoteLiteral":{"En":"Entry requirements: \n\u2022\tStudent at any of the universities of the ECIU;\n\u2022\tB2 level of English language proficiency.\nApplicants need to attach a copy of ID card / passport (document issued by the country of origin) to enrol in the KTU virtual learning environment. This does not apply to KTU students (if you are a KTU student, you may attach a blank page).\nStudents, who are admitted and accepted the offered place in the micro-module, will be informed by email on the steps to take in order to gain access to the KTU virtual learning environment. Students will receive an email from the teacher of the micro-module on the first day of the start of module.\nStudents who have dropped out from the KTU micro-module(s) in the autumn 2024 are not eligible to enrol in the KTU micro-module(s) in the spring 2025."},"Id":"urn:eciu:note:6bcfaab6-48bc-ef11-b8e8-7c1e525dc572","Type":"Note"},"ApplicationDeadline":"2025-02-23","Description":{"En":"In the micro-module our goal is clear: to empower you with the skills and insights necessary to drive innovation forward in your field.\n\nObjective:\u00A0The primary aim of this micro-module is to equip you with the ability to evaluate, assess, and effectively implement innovative ideas.\n\nWhy It Matters:\u00A0Innovation is not just about creativity; it\u0027s about making a tangible impact. The single most important aspect of this micro-module is its focus on practical application. You\u0027ll learn not only to recognize promising innovations but also to navigate the complexities of adoption. This ability is crucial for anyone aspiring to lead transformative change in their organization or community.\n\nKey Benefits:\u00A0By the end of this module, you\u0027ll have gained:\n\n- A deep understanding of different types of innovations and their implications for progress.\n\n- The skills to assess innovation strategies and their potential to solve complex problems.\n\n- Practical knowledge in navigating adoption approaches to foster creativity and drive success.\n\nWhy Choose This Micro-Module: Choosing this micro-module means choosing to invest in your ability to innovate effectively. Whether you\u0027re aiming to advance your career or lead impactful projects, the insights and skills gained here will set you apart. Join us in accelerating innovation and shaping a brighter future through informed and strategic adoption practices."},"LearningAchievementSpecification":{"EQFLevel":{"InScheme":{"Id":"http://data.europa.eu/snb/eqf/25831c2","Type":"ConceptScheme"},"PrefLabel":{"En":"Level 7"},"Id":"http://data.europa.eu/snb/eqf/7","Type":"Concept"},"CreditPoint":{"Framework":{"InScheme":{"Id":"http://data.europa.eu/snb/education-credit/25831c2","Type":"ConceptScheme"},"PrefLabel":{"En":"European Credit Transfer System"},"Id":"http://data.europa.eu/snb/education-credit/6fcec5c5af","Type":"Concept"},"Point":"2,0","Id":"urn:epass:creditPoint:6bcfaab6-48bc-ef11-b8e8-7c1e525dc572","Type":"CreditPoint"},"LearningOutcome":[{"Title":{"En":"Assess the implications of different innovation strategies"},"RelatedESCOSkill":[{"Notation":"Skill","InScheme":{"Id":"http://data.europa.eu/esco/concept-scheme/skills","Type":"ConceptScheme"},"PrefLabel":{"En":"think innovately"},"Id":"http://data.europa.eu/esco/skill/c2a0c52c-0b4b-4180-a918-92650ea3b458","Type":"Concept"},{"Notation":"Skill","InScheme":{"Id":"http://data.europa.eu/esco/concept-scheme/skills","Type":"ConceptScheme"},"PrefLabel":{"En":"think creatively"},"Id":"http://data.europa.eu/esco/skill/c624c6a3-b0ba-4a31-a296-0d433fe47e41","Type":"Concept"}],"AdditionalNote":{"NoteLiteral":{"En":"Students will be able to assess the implications of different innovation strategies and their potential to drive progress and solve complex problems."},"Id":"urn:eciu:note:9c526ec0-48bc-ef11-b8e8-6045bd943bbb","Type":"Note"},"Id":"urn:epass:learningOutcome:6bcfaab6-48bc-ef11-b8e8-7c1e525dc572-1","Type":"LearningOutcome"},{"Title":{"En":"Evaluate how different types of innovations drive progress"},"RelatedESCOSkill":[{"Notation":"Skill","InScheme":{"Id":"http://data.europa.eu/esco/concept-scheme/skills","Type":"ConceptScheme"},"PrefLabel":{"En":"think creatively"},"Id":"http://data.europa.eu/esco/skill/c624c6a3-b0ba-4a31-a296-0d433fe47e41","Type":"Concept"},{"Notation":"Skill","InScheme":{"Id":"http://data.europa.eu/esco/concept-scheme/skills","Type":"ConceptScheme"},"PrefLabel":{"En":"think holistically"},"Id":"http://data.europa.eu/esco/skill/d56e2c2f-3e01-4b76-a7bb-ecb6d430172f","Type":"Concept"},{"Notation":"Skill","InScheme":{"Id":"http://data.europa.eu/esco/concept-scheme/skills","Type":"ConceptScheme"},"PrefLabel":{"En":"keep an open mind"},"Id":"http://data.europa.eu/esco/skill/fd89f784-88dc-4d35-abd7-86aa073cab12","Type":"Concept"}],"AdditionalNote":{"NoteLiteral":{"En":"Students will be able to evaluate how different types of innovations drive progress and shape the future."},"Id":"urn:eciu:note:5a27c1b9-48bc-ef11-b8e8-6045bdf43ab7","Type":"Note"},"Id":"urn:epass:learningOutcome:6bcfaab6-48bc-ef11-b8e8-7c1e525dc572-2","Type":"LearningOutcome"},{"Title":{"En":"Navigate innovation adoption approaches to foster creativity and drive progress"},"RelatedESCOSkill":[{"Notation":"Skill","InScheme":{"Id":"http://data.europa.eu/esco/concept-scheme/skills","Type":"ConceptScheme"},"PrefLabel":{"En":"social innovation"},"Id":"http://data.europa.eu/esco/skill/149e5f0d-eb46-4e75-9265-e91f6b2ca596","Type":"Concept"},{"Notation":"Skill","InScheme":{"Id":"http://data.europa.eu/esco/concept-scheme/skills","Type":"ConceptScheme"},"PrefLabel":{"En":"show entrepreneurial spirit"},"Id":"http://data.europa.eu/esco/skill/bdcf429c-5ccf-4c3d-bb61-4c987573a35e","Type":"Concept"}],"AdditionalNote":{"NoteLiteral":{"En":"Students will be able to navigate innovation adoption approaches to foster creativity and drive progress, considering factors such as risk tolerance, collaboration, and resource allocation."},"Id":"urn:eciu:note:6294c0bf-48bc-ef11-b8e8-6045bdf43ab7","Type":"Note"},"Id":"urn:epass:learningOutcome:6bcfaab6-48bc-ef11-b8e8-7c1e525dc572-3","Type":"LearningOutcome"}],"LearningSetting":null,"Mode":null,"Title":{"En":"Accelerating\u00A0Innovation\u00A0Adoption\u200B"},"DcType":null,"HomePage":null,"VolumeOfLearning":null,"Id":"urn:eciu:qualification:6bcfaab6-48bc-ef11-b8e8-7c1e525dc572","Type":"Qualification"},"IsPartOf":{"Mode":null,"DcType":null,"Title":{"En":"Accelerating\u00A0Innovation\u00A0Adoption\u200B"},"AdmissionsProcedure":null,"ApplicationDeadline":null,"Description":null,"LearningAchievementSpecification":null,"IsPartOf":null,"Temporal":null,"ProvidedBy":null,"LearningActivitySpecification":null,"BannerImage":null,"MoreInformation":null,"Id":"urn:eciu:learningOpportunity:b6a9b8f2-211d-ef11-840a-000d3a2a7e23","Type":"LearningOpportunity"},"Temporal":{"EndDate":"2025-03-17T00:00:00Z","Name":{"En":"Temporal"},"StartDate":"2025-05-09T00:00:00Z"},"ProvidedBy":{"Location":null,"Logo":null,"LegalName":{"En":"KAUNO TECHNOLOGIJOS UNIVERSITETAS (KTU)"},"Registration":null,"Homepage":null,"Id":"urn:eciu:org:4cc1e316-6a54-ed11-bba2-6045bd886566","Type":"Organisation"},"LearningActivitySpecification":{"Mode":null,"DcType":null,"Title":{"En":""},"Description":{"En":"[https://uais.cr.ktu.lt/ktuis/stp_report_ects.mdl_ml?p_kodas=MM00M013\u0026p_year=2024\u0026p_lang=EN\u0026p_stp_id=](https://uais.cr.ktu.lt/ktuis/stp_report_ects.mdl_ml?p_kodas=MM00M013\u0026amp;p_year=2024\u0026amp;p_lang=EN\u0026amp;p_stp_id=)"},"MoreInformation":[{"NoteLiteral":"This is an online micro-module, which you can finish in your own pace. The final grade consists of:\n\n- Quizzes \u2013 20% of final grade;\n\n- Situation \u2013 case analysis \u2013 50% of the final grade;\n\n- Self-check task;\n\n- Forum discussions \u2013 30% of final grade.\n\n[Syllabus of the micro-module](https://uais.cr.ktu.lt/ktuis/stp_report_ects.mdl_ml?p_kodas=MM00M013\u0026amp;p_year=2024\u0026amp;p_lang=EN\u0026amp;p_stp_id=)\n\nThe micro-module will be delivered in the KTU virtual learning environment. When a student is enrolled in KTU, s/he will be informed by email on how to gain access to the micro-module.\n\nAfter the successful completion of the micro-module:\n\n- In two weeks, a student will receive an email with the link to download the ECIU University micro-credential.\n- In mid-June 2025, a student from other university than KTU will receive an email with the KTU Transcript of Records that might be presented for recognition of learning outcomes at the home university.","Subject":{"InScheme":{"Id":"urn:eciu:note","Type":"ConceptScheme"},"PrefLabel":{"En":"ParticipantInformation"},"Id":"6bcfaab6-48bc-ef11-b8e8-7c1e525dc572","Type":"Concept"}}],"HasPart":null,"Id":"urn:eciu:learningActivitySpec:6bcfaab6-48bc-ef11-b8e8-7c1e525dc572","Type":"LearningActivitySpecification"},"BannerImage":null,"MoreInformation":[{"NoteLiteral":"MM00M013","Subject":{"InScheme":{"Id":"urn:eciu:note","Type":"ConceptScheme"},"PrefLabel":{"En":"SourceIdentifier"},"Id":"6bcfaab6-48bc-ef11-b8e8-7c1e525dc572","Type":"Concept"}},{"NoteLiteral":"Accelerating Innovation Adoption: Strategies for Rapid Implementation and Success","Subject":{"InScheme":{"Id":"urn:eciu:note","Type":"ConceptScheme"},"PrefLabel":{"En":"SubTitle"},"Id":"6bcfaab6-48bc-ef11-b8e8-7c1e525dc572","Type":"Concept"}},{"NoteLiteral":"In today\u0027s fast-paced technological landscape, the ability to swiftly adopt and integrate innovations is crucial for communities and organizations to maintain competitiveness and relevance. This micro-module addresses the pressing need for strategies to accelerate innovation adoption by providing targeted guidance and practical insights. By leveraging case studies, interactive exercises, and expert-led discussions, participants will gain actionable knowledge and skills to streamline the adoption process. The micro-module emphasizes the importance of proactive change management, stakeholder engagement, and resource optimization to maximize the practical benefits of innovation adoption. Through a flexible organization method, participants can access content at their own pace, ensuring convenient learning integration into their busy schedules. Join us in mastering the art of accelerating innovation adoption and driving sustainable growth in the digital era.","Subject":{"InScheme":{"Id":"urn:eciu:note","Type":"ConceptScheme"},"PrefLabel":{"En":"Introduction"},"Id":"6bcfaab6-48bc-ef11-b8e8-7c1e525dc572","Type":"Concept"}},{"NoteLiteral":"True","Subject":{"InScheme":{"Id":"urn:eciu:note","Type":"ConceptScheme"},"PrefLabel":{"En":"GenerateMicroCredentials"},"Id":"6bcfaab6-48bc-ef11-b8e8-7c1e525dc572","Type":"Concept"}},{"NoteLiteral":"Entry requirements:\n\n- Student at any of the universities of the ECIU;\n- B2 level of English language proficiency.\n\nApplicants need to attach a copy of ID card / passport (document issued by the country of origin) to enrol in the KTU virtual learning environment. This does not apply to KTU students (if you are a KTU student, you may attach a blank page).\n\nStudents, who are admitted and accepted the offered place in the micro-module, will be informed by email on the steps to take in order to gain access to the KTU virtual learning environment. Students will receive an email from the teacher of the micro-module on the first day of the start of module.\n\nStudents who have dropped out from the KTU micro-module(s) in the autumn 2024 are not eligible to enrol in the KTU micro-module(s) in the spring 2025.","Subject":{"InScheme":{"Id":"urn:eciu:note","Type":"ConceptScheme"},"PrefLabel":{"En":"AdmissionProcessInformation"},"Id":"6bcfaab6-48bc-ef11-b8e8-7c1e525dc572","Type":"Concept"}},{"NoteLiteral":"False","Subject":{"InScheme":{"Id":"urn:eciu:note","Type":"ConceptScheme"},"PrefLabel":{"En":"SimplifiedAdmissionProcess"},"Id":"6bcfaab6-48bc-ef11-b8e8-7c1e525dc572","Type":"Concept"}},{"NoteLiteral":"2024-12-23","Subject":{"InScheme":{"Id":"urn:eciu:note","Type":"ConceptScheme"},"PrefLabel":{"En":"ApplicationPeriodStartDate"},"Id":"6bcfaab6-48bc-ef11-b8e8-7c1e525dc572","Type":"Concept"}},{"NoteLiteral":"30","Subject":{"InScheme":{"Id":"urn:eciu:note","Type":"ConceptScheme"},"PrefLabel":{"En":"MaximumNumberOfSeats"},"Id":"6bcfaab6-48bc-ef11-b8e8-7c1e525dc572","Type":"Concept"}},{"NoteLiteral":"False","Subject":{"InScheme":{"Id":"urn:eciu:note","Type":"ConceptScheme"},"PrefLabel":{"En":"ECIULMSENabled"},"Id":"6bcfaab6-48bc-ef11-b8e8-7c1e525dc572","Type":"Concept"}},{"NoteLiteral":"","Subject":{"InScheme":{"Id":"urn:eciu:note","Type":"ConceptScheme"},"PrefLabel":{"En":"LMSUrl"},"Id":"6bcfaab6-48bc-ef11-b8e8-7c1e525dc572","Type":"Concept"}},{"NoteLiteral":"","Subject":{"InScheme":{"Id":"urn:eciu:note","Type":"ConceptScheme"},"PrefLabel":{"En":"TeamAccessDate"},"Id":"6bcfaab6-48bc-ef11-b8e8-7c1e525dc572","Type":"Concept"}},{"NoteLiteral":"false","Subject":{"InScheme":{"Id":"urn:eciu:note","Type":"ConceptScheme"},"PrefLabel":{"En":"SelfPaced"},"Id":"6bcfaab6-48bc-ef11-b8e8-7c1e525dc572","Type":"Concept"}},{"NoteLiteral":"20","Subject":{"InScheme":{"Id":"urn:eciu:note","Type":"ConceptScheme"},"PrefLabel":{"En":"Pace"},"Id":"6bcfaab6-48bc-ef11-b8e8-7c1e525dc572","Type":"Concept"}},{"NoteLiteral":"Standard","Subject":{"InScheme":{"Id":"urn:eciu:note","Type":"ConceptScheme"},"PrefLabel":{"En":"Scope"},"Id":"6bcfaab6-48bc-ef11-b8e8-7c1e525dc572","Type":"Concept"}}],"Id":"urn:eciu:learningOpportunity:6bcfaab6-48bc-ef11-b8e8-7c1e525dc572","Type":"LearningOpportunity"}