{"Mode":{"InScheme":{"Id":"http://data.europa.eu/snb/learning-assessment/25831c2","Type":"ConceptScheme"},"PrefLabel":{"En":"Online"},"Id":"http://data.europa.eu/snb/learning-assessment/920fbb3cbe","Type":"Concept"},"DcType":null,"Title":{"En":"Visuals to Text"},"AdmissionsProcedure":{"NoteLiteral":{"En":"\u0022Once you have received your TUNI Credentials and have successfully logged in to DigiCampus, head over the the course \u0022\u0022Methods and technologies for accessibility and their evaluation\u0022\u0022.\u00A0The enrolment key is \u0022\u002220methods21\u0022\u0022\n\nThis is an umbrella course, under which several courses relating to accessibility can be found. From there you will be able to access the learning opportunity you have signed up for \u0022\u0022Visuals to Text\u0022\u0022.\n\nLink to DigiCampus: digicampus.fi/?lang=en\nLink to the umbrella course in DigiCampus: digicampus.fi/course/view.php?id=1193\u0022"},"Id":"urn:eciu:note:f78965e7-81da-4ba2-be06-0d1195be6460","Type":"Note"},"ApplicationDeadline":"2024-12-01","Description":{"En":"The course covers the basic principles and methods of translating visual information into text. Both human-led methods and automatic technologies are introduced, including audio/video description, automatic image/video captioning and alternative texts."},"LearningAchievementSpecification":{"EQFLevel":{"InScheme":{"Id":"http://data.europa.eu/snb/eqf/25831c2","Type":"ConceptScheme"},"PrefLabel":{"En":"Level 7"},"Id":"http://data.europa.eu/snb/eqf/7","Type":"Concept"},"CreditPoint":{"Framework":{"InScheme":{"Id":"http://data.europa.eu/snb/education-credit/25831c2","Type":"ConceptScheme"},"PrefLabel":{"En":"European Credit Transfer System"},"Id":"http://data.europa.eu/snb/education-credit/6fcec5c5af","Type":"Concept"},"Point":"1,0","Id":"urn:epass:creditPoint:f78965e7-81da-4ba2-be06-0d1195be6460","Type":"CreditPoint"},"LearningOutcome":[{"Title":{"En":"Learning Outcome 1"},"RelatedESCOSkill":[{"Notation":"Skill","InScheme":{"Id":"http://data.europa.eu/esco/concept-scheme/skills","Type":"ConceptScheme"},"PrefLabel":{"En":"use IT tools"},"Id":"http://data.europa.eu/esco/skill/f632251a-4078-4546-b19f-7ef528d08325","Type":"Concept"},{"Notation":"Skill","InScheme":{"Id":"http://data.europa.eu/esco/concept-scheme/skills","Type":"ConceptScheme"},"PrefLabel":{"En":"digital competencies"},"Id":"http://data.europa.eu/esco/skill/aeecc330-0be9-419f-bddb-5218de926004","Type":"Concept"},{"Notation":"Skill","InScheme":{"Id":"http://data.europa.eu/esco/concept-scheme/skills","Type":"ConceptScheme"},"PrefLabel":{"En":"computer programming"},"Id":"http://data.europa.eu/esco/skill/21d2f96d-35f7-4e3f-9745-c533d2dd6e97","Type":"Concept"}],"AdditionalNote":{"NoteLiteral":{"En":"The student will know the basic principles of visuals-to-text translation."},"Id":"urn:eciu:note:de2f4fc7-d210-ee11-8f6d-6045bd886fac","Type":"Note"},"Id":"urn:epass:learningOutcome:f78965e7-81da-4ba2-be06-0d1195be6460-1","Type":"LearningOutcome"},{"Title":{"En":"Learning Outcome 2"},"RelatedESCOSkill":[{"Notation":"Skill","InScheme":{"Id":"http://data.europa.eu/esco/concept-scheme/skills","Type":"ConceptScheme"},"PrefLabel":{"En":"digital competencies"},"Id":"http://data.europa.eu/esco/skill/aeecc330-0be9-419f-bddb-5218de926004","Type":"Concept"},{"Notation":"Skill","InScheme":{"Id":"http://data.europa.eu/esco/concept-scheme/skills","Type":"ConceptScheme"},"PrefLabel":{"En":"use IT tools"},"Id":"http://data.europa.eu/esco/skill/f632251a-4078-4546-b19f-7ef528d08325","Type":"Concept"},{"Notation":"Skill","InScheme":{"Id":"http://data.europa.eu/esco/concept-scheme/skills","Type":"ConceptScheme"},"PrefLabel":{"En":"demonstrate willingness to learn"},"Id":"http://data.europa.eu/esco/skill/A1.8.0","Type":"Concept"}],"AdditionalNote":{"NoteLiteral":{"En":"The student will understand differences between human and machine-produced methods and descriptions."},"Id":"urn:eciu:note:84a58bd9-d210-ee11-8f6d-6045bd886fac","Type":"Note"},"Id":"urn:epass:learningOutcome:f78965e7-81da-4ba2-be06-0d1195be6460-2","Type":"LearningOutcome"},{"Title":{"En":"Learning Outcome 3"},"RelatedESCOSkill":[{"Notation":"Skill","InScheme":{"Id":"http://data.europa.eu/esco/concept-scheme/skills","Type":"ConceptScheme"},"PrefLabel":{"En":"use IT tools"},"Id":"http://data.europa.eu/esco/skill/f632251a-4078-4546-b19f-7ef528d08325","Type":"Concept"},{"Notation":"Skill","InScheme":{"Id":"http://data.europa.eu/esco/concept-scheme/skills","Type":"ConceptScheme"},"PrefLabel":{"En":"use ICT systems"},"Id":"http://data.europa.eu/esco/skill/31d35d3d-2bf2-49aa-9c20-92566ef80277","Type":"Concept"},{"Notation":"Skill","InScheme":{"Id":"http://data.europa.eu/esco/concept-scheme/skills","Type":"ConceptScheme"},"PrefLabel":{"En":"evaluate data, information and digital content"},"Id":"http://data.europa.eu/esco/skill/1d6c7de4-350e-4868-a47b-333b4b0d9650","Type":"Concept"}],"AdditionalNote":{"NoteLiteral":{"En":"The student will have basic knowledge of how to produce alternative texts to images and videos."},"Id":"urn:eciu:note:7b0ea5e5-d210-ee11-8f6d-6045bd886fac","Type":"Note"},"Id":"urn:epass:learningOutcome:f78965e7-81da-4ba2-be06-0d1195be6460-3","Type":"LearningOutcome"}],"LearningSetting":null,"Mode":null,"Title":{"En":"Visuals to Text"},"DcType":null,"HomePage":null,"VolumeOfLearning":null,"Id":"urn:eciu:qualification:f78965e7-81da-4ba2-be06-0d1195be6460","Type":"Qualification"},"IsPartOf":{"Mode":null,"DcType":null,"Title":{"En":"Visuals to Text"},"AdmissionsProcedure":null,"ApplicationDeadline":null,"Description":null,"LearningAchievementSpecification":null,"IsPartOf":null,"Temporal":null,"ProvidedBy":null,"LearningActivitySpecification":null,"BannerImage":null,"MoreInformation":[{"NoteLiteral":"ACC.070","Subject":{"InScheme":{"Id":"urn:eciu:note","Type":"ConceptScheme"},"PrefLabel":{"En":"EducationIdentifier"},"Id":"7a4e94fb-35d5-ed11-a7c7-6045bd886fac","Type":"Concept"}}],"Id":"urn:eciu:learningOpportunity:7a4e94fb-35d5-ed11-a7c7-6045bd886fac","Type":"LearningOpportunity"},"Temporal":{"EndDate":"2023-08-06T00:00:00Z","Name":{"En":"Temporal"},"StartDate":"2024-12-31T00:00:00Z"},"ProvidedBy":{"Location":null,"Logo":null,"LegalName":{"En":"TAMPEREEN KORKEAKOULUSAATIO SR (TAU)"},"Registration":null,"Homepage":null,"Id":"urn:eciu:org:8f142831-6a54-ed11-bba2-6045bd886566","Type":"Organisation"},"LearningActivitySpecification":{"Mode":null,"DcType":null,"Title":{"En":""},"Description":null,"MoreInformation":[{"NoteLiteral":"This is a nonstoop MOOC (Massive Open Online course). This means the course is fully online and you can take it at your own pace according to your own schedule.  \n  \nThis MOOC is offered by Tampere University on the DigiCampus platform. Once you have your TUNI credentials, log in to DigiCampus by using the choice \u0022Login with HAKA Account\u0022, select \u0022Tampere Universities\u0022and use your tuni.fi account. In DigiCampus, head over the the course \u0022Methods and technologies for accessibility and their evaluation\u0022.\u00A0The enrolment key is \u002220methods21\u0022. From this module, select the course you applied for.  \n  \nLink to DigiCampus: digicampus.fi/?lang=en  \nDirect link to the course: digicampus.fi/course/view.php?id=1193","Subject":{"InScheme":{"Id":"urn:eciu:note","Type":"ConceptScheme"},"PrefLabel":{"En":"ParticipantInformation"},"Id":"f78965e7-81da-4ba2-be06-0d1195be6460","Type":"Concept"}}],"HasPart":null,"Id":"urn:eciu:learningActivitySpec:f78965e7-81da-4ba2-be06-0d1195be6460","Type":"LearningActivitySpecification"},"BannerImage":null,"MoreInformation":[{"NoteLiteral":"","Subject":{"InScheme":{"Id":"urn:eciu:note","Type":"ConceptScheme"},"PrefLabel":{"En":"SourceIdentifier"},"Id":"f78965e7-81da-4ba2-be06-0d1195be6460","Type":"Concept"}},{"NoteLiteral":"Nonstop MOOC on methods and technologies for accessibility","Subject":{"InScheme":{"Id":"urn:eciu:note","Type":"ConceptScheme"},"PrefLabel":{"En":"SubTitle"},"Id":"f78965e7-81da-4ba2-be06-0d1195be6460","Type":"Concept"}},{"NoteLiteral":"This course is part of the larger module \u0022Methods and technologies for accessibility and their evaluation\u0022 which consists of over 25 modules (1 ECT each). If you want to become an expert at creating digitally accessible services, make sure to check them out.","Subject":{"InScheme":{"Id":"urn:eciu:note","Type":"ConceptScheme"},"PrefLabel":{"En":"Introduction"},"Id":"f78965e7-81da-4ba2-be06-0d1195be6460","Type":"Concept"}},{"NoteLiteral":"True","Subject":{"InScheme":{"Id":"urn:eciu:note","Type":"ConceptScheme"},"PrefLabel":{"En":"GenerateMicroCredentials"},"Id":"f78965e7-81da-4ba2-be06-0d1195be6460","Type":"Concept"}},{"NoteLiteral":"This Micromodule is open to all ECIU students and there is no specific admissions process, rather all interested students will have the change to take the course.","Subject":{"InScheme":{"Id":"urn:eciu:note","Type":"ConceptScheme"},"PrefLabel":{"En":"AdmissionProcessInformation"},"Id":"f78965e7-81da-4ba2-be06-0d1195be6460","Type":"Concept"}},{"NoteLiteral":"True","Subject":{"InScheme":{"Id":"urn:eciu:note","Type":"ConceptScheme"},"PrefLabel":{"En":"SimplifiedAdmissionProcess"},"Id":"f78965e7-81da-4ba2-be06-0d1195be6460","Type":"Concept"}},{"NoteLiteral":"2023-08-06","Subject":{"InScheme":{"Id":"urn:eciu:note","Type":"ConceptScheme"},"PrefLabel":{"En":"ApplicationPeriodStartDate"},"Id":"f78965e7-81da-4ba2-be06-0d1195be6460","Type":"Concept"}},{"NoteLiteral":"100","Subject":{"InScheme":{"Id":"urn:eciu:note","Type":"ConceptScheme"},"PrefLabel":{"En":"MaximumNumberOfSeats"},"Id":"f78965e7-81da-4ba2-be06-0d1195be6460","Type":"Concept"}},{"NoteLiteral":"False","Subject":{"InScheme":{"Id":"urn:eciu:note","Type":"ConceptScheme"},"PrefLabel":{"En":"ECIULMSENabled"},"Id":"f78965e7-81da-4ba2-be06-0d1195be6460","Type":"Concept"}},{"NoteLiteral":"https://digicampus.fi/course/view.php?id=1193","Subject":{"InScheme":{"Id":"urn:eciu:note","Type":"ConceptScheme"},"PrefLabel":{"En":"LMSUrl"},"Id":"f78965e7-81da-4ba2-be06-0d1195be6460","Type":"Concept"}},{"NoteLiteral":"","Subject":{"InScheme":{"Id":"urn:eciu:note","Type":"ConceptScheme"},"PrefLabel":{"En":"TeamAccessDate"},"Id":"f78965e7-81da-4ba2-be06-0d1195be6460","Type":"Concept"}},{"NoteLiteral":"false","Subject":{"InScheme":{"Id":"urn:eciu:note","Type":"ConceptScheme"},"PrefLabel":{"En":"SelfPaced"},"Id":"f78965e7-81da-4ba2-be06-0d1195be6460","Type":"Concept"}},{"NoteLiteral":"0","Subject":{"InScheme":{"Id":"urn:eciu:note","Type":"ConceptScheme"},"PrefLabel":{"En":"Pace"},"Id":"f78965e7-81da-4ba2-be06-0d1195be6460","Type":"Concept"}},{"NoteLiteral":"Standard","Subject":{"InScheme":{"Id":"urn:eciu:note","Type":"ConceptScheme"},"PrefLabel":{"En":"Scope"},"Id":"f78965e7-81da-4ba2-be06-0d1195be6460","Type":"Concept"}}],"Id":"urn:eciu:learningOpportunity:f78965e7-81da-4ba2-be06-0d1195be6460","Type":"LearningOpportunity"}