{"Mode":{"InScheme":{"Id":"http://data.europa.eu/snb/learning-assessment/25831c2","Type":"ConceptScheme"},"PrefLabel":{"En":"Online"},"Id":"http://data.europa.eu/snb/learning-assessment/920fbb3cbe","Type":"Concept"},"DcType":null,"Title":{"En":"Ditch it or pitch it - Selling yourself \u0026 your project SS24_25"},"AdmissionsProcedure":{"NoteLiteral":{"En":"The minimum language (English) requirement is B2 (CEFR). Application is open to second- and/or third-year students of any major of first-cycle or any term of second-cycle studies. Applicants are required to submit either a certificate or transcript of records regarding their English level or take a placement test. The applicants can add this learning opportunity (micromodule) to their Flexible Learning Pathway (FLP level or take a placement test."},"Id":"urn:eciu:note:2055fbdb-1f3f-4b82-a5a2-1a11bc5c5813","Type":"Note"},"ApplicationDeadline":"2025-03-18","Description":{"En":"How to sell yourself and pitch your project (idea) is a unique micromodule where learners do all the talking while the teamcher\u2019s role is to facilitate the process. Learners are empowered to master their oral skills by using the language (English, minimum B2) in meaningful contexts. Learners develop essential competences to become more confident, convincing, and empathetic communicators able to ask follow-up and probing questions. The micromodule provides them with space to simulate various academic and professional situations, such as: interviews, surveys, presentations, pitches.\u00A0\n\nOn successful completion of the micromodule, learners will become confident speakers and team members who can express themselves very well with good understanding of their interlocutors\u2019 needs. Being a good communicator will help them succeed both in their professional and personal life.\u00A0\n\nLearning Environment \u2013 MS Teams and/or Moodle"},"LearningAchievementSpecification":{"EQFLevel":{"InScheme":{"Id":"http://data.europa.eu/snb/eqf/25831c2","Type":"ConceptScheme"},"PrefLabel":{"En":"Level 6"},"Id":"http://data.europa.eu/snb/eqf/6","Type":"Concept"},"CreditPoint":{"Framework":{"InScheme":{"Id":"http://data.europa.eu/snb/education-credit/25831c2","Type":"ConceptScheme"},"PrefLabel":{"En":"European Credit Transfer System"},"Id":"http://data.europa.eu/snb/education-credit/6fcec5c5af","Type":"Concept"},"Point":"2,0","Id":"urn:epass:creditPoint:2055fbdb-1f3f-4b82-a5a2-1a11bc5c5813","Type":"CreditPoint"},"LearningOutcome":[{"Title":{"En":"Learning Outcome 1"},"RelatedESCOSkill":[{"Notation":"Skill","InScheme":{"Id":"http://data.europa.eu/esco/concept-scheme/skills","Type":"ConceptScheme"},"PrefLabel":{"En":"demonstrate enthusiasm"},"Id":"http://data.europa.eu/esco/skill/22b7d99d-252f-4572-8e3c-438ea87607eb","Type":"Concept"}],"AdditionalNote":{"NoteLiteral":{"En":"Successfully present one\u2019s strengths and accomplishments."},"Id":"urn:eciu:note:ba901361-c4a1-ef11-8a69-00224888a241","Type":"Note"},"Id":"urn:epass:learningOutcome:2055fbdb-1f3f-4b82-a5a2-1a11bc5c5813-1","Type":"LearningOutcome"},{"Title":{"En":"Learning Outcome 2"},"RelatedESCOSkill":[{"Notation":"Skill","InScheme":{"Id":"http://data.europa.eu/esco/concept-scheme/skills","Type":"ConceptScheme"},"PrefLabel":{"En":"listening and asking questions"},"Id":"http://data.europa.eu/esco/skill/S1.7.3","Type":"Concept"},{"Notation":"Skill","InScheme":{"Id":"http://data.europa.eu/esco/concept-scheme/skills","Type":"ConceptScheme"},"PrefLabel":{"En":"listening and asking questions"},"Id":"http://data.europa.eu/esco/skill/S1.7.3","Type":"Concept"}],"AdditionalNote":{"NoteLiteral":{"En":"Initiate and maintain longer academic, professional conversations (e. g. interviews)"},"Id":"urn:eciu:note:3568b2c7-c4a1-ef11-8a69-00224888a241","Type":"Note"},"Id":"urn:epass:learningOutcome:2055fbdb-1f3f-4b82-a5a2-1a11bc5c5813-2","Type":"LearningOutcome"},{"Title":{"En":"Learning Outcome 3"},"RelatedESCOSkill":[{"Notation":"Skill","InScheme":{"Id":"http://data.europa.eu/esco/concept-scheme/skills","Type":"ConceptScheme"},"PrefLabel":{"En":"listening and asking questions"},"Id":"http://data.europa.eu/esco/skill/S1.7.3","Type":"Concept"}],"AdditionalNote":{"NoteLiteral":{"En":"Effectively communicate orally in formal and semi-formal academic, professional contexts."},"Id":"urn:eciu:note:9de6e681-c5a1-ef11-8a69-00224888a241","Type":"Note"},"Id":"urn:epass:learningOutcome:2055fbdb-1f3f-4b82-a5a2-1a11bc5c5813-3","Type":"LearningOutcome"},{"Title":{"En":"Learning Outcome 4"},"RelatedESCOSkill":[{"Notation":"Skill","InScheme":{"Id":"http://data.europa.eu/esco/concept-scheme/skills","Type":"ConceptScheme"},"PrefLabel":{"En":"demonstrate willingness to learn"},"Id":"http://data.europa.eu/esco/skill/A1.8.0","Type":"Concept"}],"AdditionalNote":{"NoteLiteral":{"En":"Provide constructive feedback."},"Id":"urn:eciu:note:4a7469c0-c5a1-ef11-8a69-00224888a241","Type":"Note"},"Id":"urn:epass:learningOutcome:2055fbdb-1f3f-4b82-a5a2-1a11bc5c5813-4","Type":"LearningOutcome"}],"LearningSetting":null,"Mode":null,"Title":{"En":"Ditch it or pitch it - Selling yourself \u0026 your project SS24_25"},"DcType":null,"HomePage":null,"VolumeOfLearning":null,"Id":"urn:eciu:qualification:2055fbdb-1f3f-4b82-a5a2-1a11bc5c5813","Type":"Qualification"},"IsPartOf":{"Mode":null,"DcType":null,"Title":{"En":"Ditch it or pitch it - Selling yourself \u0026 your project SS24_25"},"AdmissionsProcedure":null,"ApplicationDeadline":null,"Description":null,"LearningAchievementSpecification":null,"IsPartOf":null,"Temporal":null,"ProvidedBy":null,"LearningActivitySpecification":null,"BannerImage":null,"MoreInformation":null,"Id":"urn:eciu:learningOpportunity:2db4412b-aa9a-ef11-8a6a-000d3a234020","Type":"LearningOpportunity"},"Temporal":{"EndDate":"2025-03-31T00:00:00Z","Name":{"En":"Temporal"},"StartDate":"2025-06-30T00:00:00Z"},"ProvidedBy":{"Location":null,"Logo":null,"LegalName":{"En":"POLITECHNIKA LODZKA (TUL)"},"Registration":null,"Homepage":null,"Id":"urn:eciu:org:71f04a2a-6a54-ed11-bba2-6045bd886566","Type":"Organisation"},"LearningActivitySpecification":{"Mode":null,"DcType":null,"Title":{"En":""},"Description":null,"MoreInformation":[{"NoteLiteral":"Study format:\n\nonline, (a)synchronous\u00A0depending on group availability.\n\nExpectations form participants::\u00A0\n\nLearners will take part in the following activities:\u00A0\u00A0\n\n1. discussions;\u00A0\n\n2. surveys;\u00A0\n\n3. simulations of interviews;\u00A0\n\n4. presentations;\u00A0\n\n5. an interview conducted by an HR expert/recruiter or university career advisor\n\nEvaluation will be based on:\u00A0\n\n1. continuous assessment;\u00A0\n\n2. self- and peer-evaluation;\u00A0\n\n3. pitch presentation.","Subject":{"InScheme":{"Id":"urn:eciu:note","Type":"ConceptScheme"},"PrefLabel":{"En":"ParticipantInformation"},"Id":"2055fbdb-1f3f-4b82-a5a2-1a11bc5c5813","Type":"Concept"}}],"HasPart":null,"Id":"urn:eciu:learningActivitySpec:2055fbdb-1f3f-4b82-a5a2-1a11bc5c5813","Type":"LearningActivitySpecification"},"BannerImage":null,"MoreInformation":[{"NoteLiteral":"","Subject":{"InScheme":{"Id":"urn:eciu:note","Type":"ConceptScheme"},"PrefLabel":{"En":"SourceIdentifier"},"Id":"2055fbdb-1f3f-4b82-a5a2-1a11bc5c5813","Type":"Concept"}},{"NoteLiteral":"How to become a confident, persuasive, and empathetic communicator.","Subject":{"InScheme":{"Id":"urn:eciu:note","Type":"ConceptScheme"},"PrefLabel":{"En":"SubTitle"},"Id":"2055fbdb-1f3f-4b82-a5a2-1a11bc5c5813","Type":"Concept"}},{"NoteLiteral":"In the contemporary, quickly changing world one element seems constant \u2013 being a good communicator. However, most students, especially from technical universities, with technical interests tend to lack communication, in particular self-presentation skills. This micromodule will help learners acquire these essential, transversal skills and enhance their performance during oral exams, presentations but also during the process of applying for an internship, summer school, mobility semester or a job. Different tutoring techniques, e.g.: 5 W\u2019s, Wheel of Life, will boost learners\u2019 confidence, their responsibility for learning, empowerment, and well-being. Cooperation, cocreation, pitching, peer learning and peer assessment, providing constructive feedback will play a pivotal role in this micromodule. The micromodule addresses not only the requirements of labour market but also learners\u2019 needs.","Subject":{"InScheme":{"Id":"urn:eciu:note","Type":"ConceptScheme"},"PrefLabel":{"En":"Introduction"},"Id":"2055fbdb-1f3f-4b82-a5a2-1a11bc5c5813","Type":"Concept"}},{"NoteLiteral":"True","Subject":{"InScheme":{"Id":"urn:eciu:note","Type":"ConceptScheme"},"PrefLabel":{"En":"GenerateMicroCredentials"},"Id":"2055fbdb-1f3f-4b82-a5a2-1a11bc5c5813","Type":"Concept"}},{"NoteLiteral":"The minimum language (English) requirement is B2 (CEFR). Application is open to second- and/or third-year students of any major of first-cycle or any term of second-cycle studies. Applicants are required to submit either a certificate or transcript of records regarding their English level or take a placement test. The applicants can add this learning opportunity (micromodule) to their Flexible Learning Pathway (FLP level) or take a placement test.","Subject":{"InScheme":{"Id":"urn:eciu:note","Type":"ConceptScheme"},"PrefLabel":{"En":"AdmissionProcessInformation"},"Id":"2055fbdb-1f3f-4b82-a5a2-1a11bc5c5813","Type":"Concept"}},{"NoteLiteral":"False","Subject":{"InScheme":{"Id":"urn:eciu:note","Type":"ConceptScheme"},"PrefLabel":{"En":"SimplifiedAdmissionProcess"},"Id":"2055fbdb-1f3f-4b82-a5a2-1a11bc5c5813","Type":"Concept"}},{"NoteLiteral":"2024-12-09","Subject":{"InScheme":{"Id":"urn:eciu:note","Type":"ConceptScheme"},"PrefLabel":{"En":"ApplicationPeriodStartDate"},"Id":"2055fbdb-1f3f-4b82-a5a2-1a11bc5c5813","Type":"Concept"}},{"NoteLiteral":"15","Subject":{"InScheme":{"Id":"urn:eciu:note","Type":"ConceptScheme"},"PrefLabel":{"En":"MaximumNumberOfSeats"},"Id":"2055fbdb-1f3f-4b82-a5a2-1a11bc5c5813","Type":"Concept"}},{"NoteLiteral":"False","Subject":{"InScheme":{"Id":"urn:eciu:note","Type":"ConceptScheme"},"PrefLabel":{"En":"ECIULMSENabled"},"Id":"2055fbdb-1f3f-4b82-a5a2-1a11bc5c5813","Type":"Concept"}},{"NoteLiteral":"","Subject":{"InScheme":{"Id":"urn:eciu:note","Type":"ConceptScheme"},"PrefLabel":{"En":"LMSUrl"},"Id":"2055fbdb-1f3f-4b82-a5a2-1a11bc5c5813","Type":"Concept"}},{"NoteLiteral":"","Subject":{"InScheme":{"Id":"urn:eciu:note","Type":"ConceptScheme"},"PrefLabel":{"En":"TeamAccessDate"},"Id":"2055fbdb-1f3f-4b82-a5a2-1a11bc5c5813","Type":"Concept"}},{"NoteLiteral":"false","Subject":{"InScheme":{"Id":"urn:eciu:note","Type":"ConceptScheme"},"PrefLabel":{"En":"SelfPaced"},"Id":"2055fbdb-1f3f-4b82-a5a2-1a11bc5c5813","Type":"Concept"}},{"NoteLiteral":"25","Subject":{"InScheme":{"Id":"urn:eciu:note","Type":"ConceptScheme"},"PrefLabel":{"En":"Pace"},"Id":"2055fbdb-1f3f-4b82-a5a2-1a11bc5c5813","Type":"Concept"}},{"NoteLiteral":"Standard","Subject":{"InScheme":{"Id":"urn:eciu:note","Type":"ConceptScheme"},"PrefLabel":{"En":"Scope"},"Id":"2055fbdb-1f3f-4b82-a5a2-1a11bc5c5813","Type":"Concept"}}],"Id":"urn:eciu:learningOpportunity:2055fbdb-1f3f-4b82-a5a2-1a11bc5c5813","Type":"LearningOpportunity"}