{"Mode":{"InScheme":{"Id":"http://data.europa.eu/snb/learning-assessment/25831c2","Type":"ConceptScheme"},"PrefLabel":{"En":"Online"},"Id":"http://data.europa.eu/snb/learning-assessment/920fbb3cbe","Type":"Concept"},"DcType":null,"Title":{"En":"Blockchain Leadership for the Next Era"},"AdmissionsProcedure":null,"ApplicationDeadline":"2024-08-16","Description":{"En":"In this course, we will detail some of the blockchain stakeholders such as; governments, industry bodies, venture capitalists, educators and developers.\n\nAdditionally, we will explore the top pioneers as well as companies and countries that are leading the blockchain revolution.\n\nBlockchain technology is in a period of rapid change and intense development. We are going to discuss some of the innovative ideas and services offered by blockchain. Furthermore, we will explore blockchain with AI and what lies ahead for the future of blockchain.\n\nWe will explore the top pioneers, companies and countries that are leading the blockchain revolution.\u00A0\n\nWe will discuss some of the innovative ideas and services offered by blockchain.\n\nFinally, we will explore Blockchain with AI and what lies ahead for the future.\u00A0\n\nUpon completion of this course, you will be able to identify the key blockchain stakeholders, discuss and identify the top pioneers and companies leading the blockchain revolution, outline the potential of blockchain technology and its agenda for the next era."},"LearningAchievementSpecification":{"EQFLevel":{"InScheme":{"Id":"http://data.europa.eu/snb/eqf/25831c2","Type":"ConceptScheme"},"PrefLabel":{"En":"Level 7"},"Id":"http://data.europa.eu/snb/eqf/7","Type":"Concept"},"CreditPoint":null,"LearningOutcome":[{"Title":{"En":"L01"},"RelatedESCOSkill":[{"Notation":"Skill","InScheme":{"Id":"http://data.europa.eu/esco/concept-scheme/skills","Type":"ConceptScheme"},"PrefLabel":{"En":"search for information online"},"Id":"http://data.europa.eu/esco/skill/698be2d3-8768-422d-a2d3-1cb701816089","Type":"Concept"}],"AdditionalNote":{"NoteLiteral":{"En":"By the end of the course, you will be able to identify the key blockchain stakeholders."},"Id":"urn:eciu:note:97e28361-c911-ef11-9f89-6045bd89eae4","Type":"Note"},"Id":"urn:epass:learningOutcome:3161c0ed-465c-46cb-8db8-26e958b587c1-1","Type":"LearningOutcome"},{"Title":{"En":"L02"},"RelatedESCOSkill":[{"Notation":"Skill","InScheme":{"Id":"http://data.europa.eu/esco/concept-scheme/skills","Type":"ConceptScheme"},"PrefLabel":{"En":"listening and asking questions"},"Id":"http://data.europa.eu/esco/skill/S1.7.3","Type":"Concept"}],"AdditionalNote":{"NoteLiteral":{"En":"By the end of the course, you will be able to discuss and identify the top pioneers and companies leading the blockchain revolution."},"Id":"urn:eciu:note:020ae78c-c911-ef11-9f89-6045bd89eae4","Type":"Note"},"Id":"urn:epass:learningOutcome:3161c0ed-465c-46cb-8db8-26e958b587c1-2","Type":"LearningOutcome"},{"Title":{"En":"L03"},"RelatedESCOSkill":[{"Notation":"Skill","InScheme":{"Id":"http://data.europa.eu/esco/concept-scheme/skills","Type":"ConceptScheme"},"PrefLabel":{"En":"analyse big data"},"Id":"http://data.europa.eu/esco/skill/47a49cd6-097d-457a-9f7b-c290c14930d5","Type":"Concept"}],"AdditionalNote":{"NoteLiteral":{"En":"By the end of the course, you will be able to explore the potential of blockchain technology and its agenda for the next era."},"Id":"urn:eciu:note:7ba8fedc-c911-ef11-9f89-6045bd89eae4","Type":"Note"},"Id":"urn:epass:learningOutcome:3161c0ed-465c-46cb-8db8-26e958b587c1-3","Type":"LearningOutcome"}],"LearningSetting":null,"Mode":null,"Title":{"En":"Blockchain Leadership for the Next Era"},"DcType":null,"HomePage":null,"VolumeOfLearning":"PT4H","Id":"urn:eciu:qualification:3161c0ed-465c-46cb-8db8-26e958b587c1","Type":"Qualification"},"IsPartOf":{"Mode":null,"DcType":null,"Title":{"En":"Blockchain Leadership for the Next Era"},"AdmissionsProcedure":null,"ApplicationDeadline":null,"Description":null,"LearningAchievementSpecification":null,"IsPartOf":null,"Temporal":null,"ProvidedBy":null,"LearningActivitySpecification":null,"BannerImage":null,"MoreInformation":[{"NoteLiteral":"CA60001","Subject":{"InScheme":{"Id":"urn:eciu:note","Type":"ConceptScheme"},"PrefLabel":{"En":"EducationIdentifier"},"Id":"43caa80f-c911-ef11-9f89-6045bd89eae4","Type":"Concept"}}],"Id":"urn:eciu:learningOpportunity:43caa80f-c911-ef11-9f89-6045bd89eae4","Type":"LearningOpportunity"},"Temporal":{"EndDate":"2024-05-20T00:00:00Z","Name":{"En":"Temporal"},"StartDate":"2024-08-30T00:00:00Z"},"ProvidedBy":{"Location":null,"Logo":null,"LegalName":{"En":"DUBLIN CITY UNIVERSITY (DCU)"},"Registration":null,"Homepage":null,"Id":"urn:eciu:org:ee9c51fc-6954-ed11-bba2-6045bd886566","Type":"Organisation"},"LearningActivitySpecification":{"Mode":null,"DcType":null,"Title":{"En":""},"Description":null,"MoreInformation":[{"NoteLiteral":"- The course will become **accessible as of the 20th of May 2024**.\n- You can already register for it by clicking**this link: [https://www.futurelearn.com/invitations/dcu/blockchain-leadership-for-the-next-era/99zutnw4cpbimna1t4fkwa6pyjx66a0](https://www.futurelearn.com/invitations/dcu/blockchain-leadership-for-the-next-era/99zutnw4cpbimna1t4fkwa6pyjx66a0)**\n- On clicking the link, you will be prompted to **set up an account with the FutureLearn**, which will be your Learning Environment for this course.\n- To gain access to the course in FutureLearn, **please use your Tampere City email address** when opening the account.\n- The course is asynchronous and provides you with the opportunity to comment on course content etc. with your peers during the course.","Subject":{"InScheme":{"Id":"urn:eciu:note","Type":"ConceptScheme"},"PrefLabel":{"En":"ParticipantInformation"},"Id":"3161c0ed-465c-46cb-8db8-26e958b587c1","Type":"Concept"}}],"HasPart":null,"Id":"urn:eciu:learningActivitySpec:3161c0ed-465c-46cb-8db8-26e958b587c1","Type":"LearningActivitySpecification"},"BannerImage":null,"MoreInformation":[{"NoteLiteral":"","Subject":{"InScheme":{"Id":"urn:eciu:note","Type":"ConceptScheme"},"PrefLabel":{"En":"SourceIdentifier"},"Id":"3161c0ed-465c-46cb-8db8-26e958b587c1","Type":"Concept"}},{"NoteLiteral":"(Blockchain)","Subject":{"InScheme":{"Id":"urn:eciu:note","Type":"ConceptScheme"},"PrefLabel":{"En":"SubTitle"},"Id":"3161c0ed-465c-46cb-8db8-26e958b587c1","Type":"Concept"}},{"NoteLiteral":"In this course, we will review some of the key blockchain stakeholders and leaders, as well as predictions for blockchain in the next era.","Subject":{"InScheme":{"Id":"urn:eciu:note","Type":"ConceptScheme"},"PrefLabel":{"En":"Introduction"},"Id":"3161c0ed-465c-46cb-8db8-26e958b587c1","Type":"Concept"}},{"NoteLiteral":"True","Subject":{"InScheme":{"Id":"urn:eciu:note","Type":"ConceptScheme"},"PrefLabel":{"En":"GenerateMicroCredentials"},"Id":"3161c0ed-465c-46cb-8db8-26e958b587c1","Type":"Concept"}},{"NoteLiteral":"","Subject":{"InScheme":{"Id":"urn:eciu:note","Type":"ConceptScheme"},"PrefLabel":{"En":"AdmissionProcessInformation"},"Id":"3161c0ed-465c-46cb-8db8-26e958b587c1","Type":"Concept"}},{"NoteLiteral":"True","Subject":{"InScheme":{"Id":"urn:eciu:note","Type":"ConceptScheme"},"PrefLabel":{"En":"SimplifiedAdmissionProcess"},"Id":"3161c0ed-465c-46cb-8db8-26e958b587c1","Type":"Concept"}},{"NoteLiteral":"2024-05-13","Subject":{"InScheme":{"Id":"urn:eciu:note","Type":"ConceptScheme"},"PrefLabel":{"En":"ApplicationPeriodStartDate"},"Id":"3161c0ed-465c-46cb-8db8-26e958b587c1","Type":"Concept"}},{"NoteLiteral":"30","Subject":{"InScheme":{"Id":"urn:eciu:note","Type":"ConceptScheme"},"PrefLabel":{"En":"MaximumNumberOfSeats"},"Id":"3161c0ed-465c-46cb-8db8-26e958b587c1","Type":"Concept"}},{"NoteLiteral":"False","Subject":{"InScheme":{"Id":"urn:eciu:note","Type":"ConceptScheme"},"PrefLabel":{"En":"ECIULMSENabled"},"Id":"3161c0ed-465c-46cb-8db8-26e958b587c1","Type":"Concept"}},{"NoteLiteral":"https://www.futurelearn.com/invitations/dcu/blockchain-leadership-for-the-next-era/99zutnw4cpbimna1t4fkwa6pyjx66a0","Subject":{"InScheme":{"Id":"urn:eciu:note","Type":"ConceptScheme"},"PrefLabel":{"En":"LMSUrl"},"Id":"3161c0ed-465c-46cb-8db8-26e958b587c1","Type":"Concept"}},{"NoteLiteral":"","Subject":{"InScheme":{"Id":"urn:eciu:note","Type":"ConceptScheme"},"PrefLabel":{"En":"TeamAccessDate"},"Id":"3161c0ed-465c-46cb-8db8-26e958b587c1","Type":"Concept"}},{"NoteLiteral":"false","Subject":{"InScheme":{"Id":"urn:eciu:note","Type":"ConceptScheme"},"PrefLabel":{"En":"SelfPaced"},"Id":"3161c0ed-465c-46cb-8db8-26e958b587c1","Type":"Concept"}},{"NoteLiteral":"25","Subject":{"InScheme":{"Id":"urn:eciu:note","Type":"ConceptScheme"},"PrefLabel":{"En":"Pace"},"Id":"3161c0ed-465c-46cb-8db8-26e958b587c1","Type":"Concept"}},{"NoteLiteral":"Standard","Subject":{"InScheme":{"Id":"urn:eciu:note","Type":"ConceptScheme"},"PrefLabel":{"En":"Scope"},"Id":"3161c0ed-465c-46cb-8db8-26e958b587c1","Type":"Concept"}}],"Id":"urn:eciu:learningOpportunity:3161c0ed-465c-46cb-8db8-26e958b587c1","Type":"LearningOpportunity"}