{"Mode":{"InScheme":{"Id":"http://data.europa.eu/snb/learning-assessment/25831c2","Type":"ConceptScheme"},"PrefLabel":{"En":"Online"},"Id":"http://data.europa.eu/snb/learning-assessment/920fbb3cbe","Type":"Concept"},"DcType":null,"Title":{"En":"Accessible Social Media"},"AdmissionsProcedure":null,"ApplicationDeadline":"2025-05-31","Description":{"En":"This module introduces you to accessible social media. The module focuses on basic information about social media accessibility, accessibility of emojis and tips how to make your own social media account more accessible."},"LearningAchievementSpecification":{"EQFLevel":{"InScheme":{"Id":"http://data.europa.eu/snb/eqf/25831c2","Type":"ConceptScheme"},"PrefLabel":{"En":"Level 7"},"Id":"http://data.europa.eu/snb/eqf/7","Type":"Concept"},"CreditPoint":{"Framework":{"InScheme":{"Id":"http://data.europa.eu/snb/education-credit/25831c2","Type":"ConceptScheme"},"PrefLabel":{"En":"European Credit Transfer System"},"Id":"http://data.europa.eu/snb/education-credit/6fcec5c5af","Type":"Concept"},"Point":"1,0","Id":"urn:epass:creditPoint:379e4462-9ad1-ef11-a72e-7c1e52510959","Type":"CreditPoint"},"LearningOutcome":[{"Title":{"En":"Accessible social media content."},"RelatedESCOSkill":[{"Notation":"Skill","InScheme":{"Id":"http://data.europa.eu/esco/concept-scheme/skills","Type":"ConceptScheme"},"PrefLabel":{"En":"develop inclusive communication material"},"Id":"http://data.europa.eu/esco/skill/5bac4bcc-1846-4688-ba02-ad2b51544282","Type":"Concept"},{"Notation":"Skill","InScheme":{"Id":"http://data.europa.eu/esco/concept-scheme/skills","Type":"ConceptScheme"},"PrefLabel":{"En":"advise on environmental alterations"},"Id":"http://data.europa.eu/esco/skill/a32ff11a-5f97-4c2e-bbf7-6848814e56e8","Type":"Concept"}],"AdditionalNote":{"NoteLiteral":{"En":"The student will be able to make more accessible social media content."},"Id":"urn:eciu:note:ee90e360-9ad1-ef11-a72e-000d3a27c579","Type":"Note"},"Id":"urn:epass:learningOutcome:379e4462-9ad1-ef11-a72e-7c1e52510959-1","Type":"LearningOutcome"},{"Title":{"En":"Emoji accessibility"},"RelatedESCOSkill":[{"Notation":"Skill","InScheme":{"Id":"http://data.europa.eu/esco/concept-scheme/skills","Type":"ConceptScheme"},"PrefLabel":{"En":"interact through digital technologies"},"Id":"http://data.europa.eu/esco/skill/a12057b4-6d11-4a12-ab8e-15a028ef0a6d","Type":"Concept"},{"Notation":"Skill","InScheme":{"Id":"http://data.europa.eu/esco/concept-scheme/skills","Type":"ConceptScheme"},"PrefLabel":{"En":"advise on environmental alterations"},"Id":"http://data.europa.eu/esco/skill/a32ff11a-5f97-4c2e-bbf7-6848814e56e8","Type":"Concept"}],"AdditionalNote":{"NoteLiteral":{"En":"The student will know the basics in emoji accessibility."},"Id":"urn:eciu:note:a6fcde6b-9ad1-ef11-a72e-0022488b6cff","Type":"Note"},"Id":"urn:epass:learningOutcome:379e4462-9ad1-ef11-a72e-7c1e52510959-2","Type":"LearningOutcome"},{"Title":{"En":"Different accessibility options in social media"},"RelatedESCOSkill":[{"Notation":"Skill","InScheme":{"Id":"http://data.europa.eu/esco/concept-scheme/skills","Type":"ConceptScheme"},"PrefLabel":{"En":"ICT accessibility standards"},"Id":"http://data.europa.eu/esco/skill/3e23db60-0c3d-498a-a6ac-ffbed0ecb033","Type":"Concept"},{"Notation":"Skill","InScheme":{"Id":"http://data.europa.eu/esco/concept-scheme/skills","Type":"ConceptScheme"},"PrefLabel":{"En":"advise on environmental alterations"},"Id":"http://data.europa.eu/esco/skill/a32ff11a-5f97-4c2e-bbf7-6848814e56e8","Type":"Concept"}],"AdditionalNote":{"NoteLiteral":{"En":"The student is familiar with different accessibility options in social media and can utilize them."},"Id":"urn:eciu:note:c840e967-9ad1-ef11-a72e-6045bdf3b44b","Type":"Note"},"Id":"urn:epass:learningOutcome:379e4462-9ad1-ef11-a72e-7c1e52510959-3","Type":"LearningOutcome"}],"LearningSetting":null,"Mode":null,"Title":{"En":"Accessible Social Media"},"DcType":null,"HomePage":null,"VolumeOfLearning":null,"Id":"urn:eciu:qualification:379e4462-9ad1-ef11-a72e-7c1e52510959","Type":"Qualification"},"IsPartOf":{"Mode":null,"DcType":null,"Title":{"En":"Accessible Social Media"},"AdmissionsProcedure":null,"ApplicationDeadline":null,"Description":null,"LearningAchievementSpecification":null,"IsPartOf":null,"Temporal":null,"ProvidedBy":null,"LearningActivitySpecification":null,"BannerImage":null,"MoreInformation":[{"NoteLiteral":"ACC.250","Subject":{"InScheme":{"Id":"urn:eciu:note","Type":"ConceptScheme"},"PrefLabel":{"En":"EducationIdentifier"},"Id":"098b6a6d-4715-ee11-8f6d-6045bd886f79","Type":"Concept"}}],"Id":"urn:eciu:learningOpportunity:098b6a6d-4715-ee11-8f6d-6045bd886f79","Type":"LearningOpportunity"},"Temporal":{"EndDate":"2025-01-20T00:00:00Z","Name":{"En":"Temporal"},"StartDate":"2025-07-31T00:00:00Z"},"ProvidedBy":{"Location":null,"Logo":null,"LegalName":{"En":"TAMPEREEN KORKEAKOULUSAATIO SR (TAU)"},"Registration":null,"Homepage":null,"Id":"urn:eciu:org:8f142831-6a54-ed11-bba2-6045bd886566","Type":"Organisation"},"LearningActivitySpecification":{"Mode":null,"DcType":null,"Title":{"En":""},"Description":null,"MoreInformation":[{"NoteLiteral":"This is a nonstoop MOOC (Massive Open Online course). This means the course is fully online and you can take it at your own pace according to your own schedule.  \n  \nThis MOOC is offered by Tampere University on the DigiCampus platform. Once you have your TUNI credentials, log in to DigiCampus by using the choice \u0022Login with HAKA Account\u0022, select \u0022Tampere Universities\u0022and use your tuni.fi account. In DigiCampus, head over the the course \u0022Methods and technologies for accessibility and their evaluation\u0022.\u00A0The enrolment key is \u002220methods21\u0022. From this module, select the course you applied for.  \n  \nLink to DigiCampus: digicampus.fi/?lang=en  \nDirect link to the course: digicampus.fi/course/view.php?id=1193","Subject":{"InScheme":{"Id":"urn:eciu:note","Type":"ConceptScheme"},"PrefLabel":{"En":"ParticipantInformation"},"Id":"379e4462-9ad1-ef11-a72e-7c1e52510959","Type":"Concept"}}],"HasPart":null,"Id":"urn:eciu:learningActivitySpec:379e4462-9ad1-ef11-a72e-7c1e52510959","Type":"LearningActivitySpecification"},"BannerImage":null,"MoreInformation":[{"NoteLiteral":"","Subject":{"InScheme":{"Id":"urn:eciu:note","Type":"ConceptScheme"},"PrefLabel":{"En":"SourceIdentifier"},"Id":"379e4462-9ad1-ef11-a72e-7c1e52510959","Type":"Concept"}},{"NoteLiteral":"Nonstop MOOC on methods and technologies for accessibility","Subject":{"InScheme":{"Id":"urn:eciu:note","Type":"ConceptScheme"},"PrefLabel":{"En":"SubTitle"},"Id":"379e4462-9ad1-ef11-a72e-7c1e52510959","Type":"Concept"}},{"NoteLiteral":"This course is part of the larger module \u0022Methods and technologies for accessibility and their evaluation\u0022 which consists of over 25 modules (1 ECT each). If you want to become an expert at creating digitally accessible services, make sure to check them out.","Subject":{"InScheme":{"Id":"urn:eciu:note","Type":"ConceptScheme"},"PrefLabel":{"En":"Introduction"},"Id":"379e4462-9ad1-ef11-a72e-7c1e52510959","Type":"Concept"}},{"NoteLiteral":"True","Subject":{"InScheme":{"Id":"urn:eciu:note","Type":"ConceptScheme"},"PrefLabel":{"En":"GenerateMicroCredentials"},"Id":"379e4462-9ad1-ef11-a72e-7c1e52510959","Type":"Concept"}},{"NoteLiteral":"This micromodule is open to all ECIU students and there is no specific admissions process, rather all interested students will have the change to take the course.\u00A0However, the course is mainly targeted to master\u0027s level students. Notice that the course is self-paced and you need to reserve time in your timetable for finishing it.","Subject":{"InScheme":{"Id":"urn:eciu:note","Type":"ConceptScheme"},"PrefLabel":{"En":"AdmissionProcessInformation"},"Id":"379e4462-9ad1-ef11-a72e-7c1e52510959","Type":"Concept"}},{"NoteLiteral":"True","Subject":{"InScheme":{"Id":"urn:eciu:note","Type":"ConceptScheme"},"PrefLabel":{"En":"SimplifiedAdmissionProcess"},"Id":"379e4462-9ad1-ef11-a72e-7c1e52510959","Type":"Concept"}},{"NoteLiteral":"2025-01-20","Subject":{"InScheme":{"Id":"urn:eciu:note","Type":"ConceptScheme"},"PrefLabel":{"En":"ApplicationPeriodStartDate"},"Id":"379e4462-9ad1-ef11-a72e-7c1e52510959","Type":"Concept"}},{"NoteLiteral":"100","Subject":{"InScheme":{"Id":"urn:eciu:note","Type":"ConceptScheme"},"PrefLabel":{"En":"MaximumNumberOfSeats"},"Id":"379e4462-9ad1-ef11-a72e-7c1e52510959","Type":"Concept"}},{"NoteLiteral":"False","Subject":{"InScheme":{"Id":"urn:eciu:note","Type":"ConceptScheme"},"PrefLabel":{"En":"ECIULMSENabled"},"Id":"379e4462-9ad1-ef11-a72e-7c1e52510959","Type":"Concept"}},{"NoteLiteral":"","Subject":{"InScheme":{"Id":"urn:eciu:note","Type":"ConceptScheme"},"PrefLabel":{"En":"LMSUrl"},"Id":"379e4462-9ad1-ef11-a72e-7c1e52510959","Type":"Concept"}},{"NoteLiteral":"","Subject":{"InScheme":{"Id":"urn:eciu:note","Type":"ConceptScheme"},"PrefLabel":{"En":"TeamAccessDate"},"Id":"379e4462-9ad1-ef11-a72e-7c1e52510959","Type":"Concept"}},{"NoteLiteral":"false","Subject":{"InScheme":{"Id":"urn:eciu:note","Type":"ConceptScheme"},"PrefLabel":{"En":"SelfPaced"},"Id":"379e4462-9ad1-ef11-a72e-7c1e52510959","Type":"Concept"}},{"NoteLiteral":"10","Subject":{"InScheme":{"Id":"urn:eciu:note","Type":"ConceptScheme"},"PrefLabel":{"En":"Pace"},"Id":"379e4462-9ad1-ef11-a72e-7c1e52510959","Type":"Concept"}},{"NoteLiteral":"Standard","Subject":{"InScheme":{"Id":"urn:eciu:note","Type":"ConceptScheme"},"PrefLabel":{"En":"Scope"},"Id":"379e4462-9ad1-ef11-a72e-7c1e52510959","Type":"Concept"}}],"Id":"urn:eciu:learningOpportunity:379e4462-9ad1-ef11-a72e-7c1e52510959","Type":"LearningOpportunity"}