{"Mode":{"InScheme":{"Id":"http://data.europa.eu/snb/learning-assessment/25831c2","Type":"ConceptScheme"},"PrefLabel":{"En":"Blended"},"Id":"http://data.europa.eu/snb/learning-assessment/e92d221e4d","Type":"Concept"},"DcType":null,"Title":{"En":"Individual Ethics in Business"},"AdmissionsProcedure":null,"ApplicationDeadline":"2024-08-16","Description":{"En":"This informative course will take you through the main themes and concepts of ethics within a business context. You\u2019ll take the perspective of the individual within a business and will explore what \u2018responsibility\u2019 means within a business context. You\u2019ll then cover the main misbehaviours that can happen within a business and ways in which to avoid them.\n\nYou\u2019ll discover that ethics is not something that you \u201Cadd\u201D to your actions, it is within the action itself.\n\nIn this course, we will explore how individuals behave when they\u2019re at work in a company.\n\nWe will answer questions like: What is responsibility? When can we say that someone is responsible for a decision or for a particular course of action?\n\nWe will distinguish between different kinds of actions that a person can perform in his or her everyday life and, specifically, in the context of business.\n\nWe will focus on certain misbehaviours in business, presenting many examples.\u00A0\n\nUpon completion of this course, you will be able to Define what \u201Cresponsibility\u201D means in the business context and Identify the main misbehaviours in the context of business."},"LearningAchievementSpecification":{"EQFLevel":{"InScheme":{"Id":"http://data.europa.eu/snb/eqf/25831c2","Type":"ConceptScheme"},"PrefLabel":{"En":"Level 7"},"Id":"http://data.europa.eu/snb/eqf/7","Type":"Concept"},"CreditPoint":null,"LearningOutcome":[{"Title":{"En":"L01"},"RelatedESCOSkill":[{"Notation":"Skill","InScheme":{"Id":"http://data.europa.eu/esco/concept-scheme/skills","Type":"ConceptScheme"},"PrefLabel":{"En":"listen actively"},"Id":"http://data.europa.eu/esco/skill/a17286c5-238d-4f0b-bc24-29e9121345de","Type":"Concept"}],"AdditionalNote":{"NoteLiteral":{"En":"By the end of the course, you will be able to define what \u201Cresponsibility\u201D means in the business context"},"Id":"urn:eciu:note:9d43e07c-e211-ef11-9f8a-6045bd8865c3","Type":"Note"},"Id":"urn:epass:learningOutcome:fcfb5344-1117-4dfa-a729-ad89ad852b0e-1","Type":"LearningOutcome"},{"Title":{"En":"L02"},"RelatedESCOSkill":[{"Notation":"Skill","InScheme":{"Id":"http://data.europa.eu/esco/concept-scheme/skills","Type":"ConceptScheme"},"PrefLabel":{"En":"show entrepreneurial spirit"},"Id":"http://data.europa.eu/esco/skill/bdcf429c-5ccf-4c3d-bb61-4c987573a35e","Type":"Concept"},{"Notation":"Skill","InScheme":{"Id":"http://data.europa.eu/esco/concept-scheme/skills","Type":"ConceptScheme"},"PrefLabel":{"En":"listen actively"},"Id":"http://data.europa.eu/esco/skill/a17286c5-238d-4f0b-bc24-29e9121345de","Type":"Concept"}],"AdditionalNote":{"NoteLiteral":{"En":"By the end of the course, you will be able to identify the main misbehaviours in the context of business"},"Id":"urn:eciu:note:18ab5ebf-e211-ef11-9f8a-6045bd8865c3","Type":"Note"},"Id":"urn:epass:learningOutcome:fcfb5344-1117-4dfa-a729-ad89ad852b0e-2","Type":"LearningOutcome"}],"LearningSetting":null,"Mode":null,"Title":{"En":"Individual Ethics in Business"},"DcType":null,"HomePage":null,"VolumeOfLearning":"PT4H","Id":"urn:eciu:qualification:fcfb5344-1117-4dfa-a729-ad89ad852b0e","Type":"Qualification"},"IsPartOf":{"Mode":null,"DcType":null,"Title":{"En":"Individual Ethics in Business"},"AdmissionsProcedure":null,"ApplicationDeadline":null,"Description":null,"LearningAchievementSpecification":null,"IsPartOf":null,"Temporal":null,"ProvidedBy":null,"LearningActivitySpecification":null,"BannerImage":null,"MoreInformation":null,"Id":"urn:eciu:learningOpportunity:909b2fdf-dc0e-ef11-9f89-000d3a292483","Type":"LearningOpportunity"},"Temporal":{"EndDate":"2024-05-20T00:00:00Z","Name":{"En":"Temporal"},"StartDate":"2024-08-30T00:00:00Z"},"ProvidedBy":{"Location":null,"Logo":null,"LegalName":{"En":"DUBLIN CITY UNIVERSITY (DCU)"},"Registration":null,"Homepage":null,"Id":"urn:eciu:org:ee9c51fc-6954-ed11-bba2-6045bd886566","Type":"Organisation"},"LearningActivitySpecification":{"Mode":null,"DcType":null,"Title":{"En":""},"Description":null,"MoreInformation":[{"NoteLiteral":"- The course will become **accessible as of the 20th of May 2024.**\n- You can already register for it by clicking **this link: [https://www.futurelearn.com/invitations/dcu/individual-ethics-in-business/pv6jtnmt802ml35gmbgw8pyh8ycvar3](https://www.futurelearn.com/invitations/dcu/individual-ethics-in-business/pv6jtnmt802ml35gmbgw8pyh8ycvar3)**\n- On clicking the link, you will be prompted to **set up an account with the FutureLearn**, which will be your Learning Environment for this course.\n- To gain access to the course in FutureLearn, **please use your Tampere City email address** when opening the account.\n- The course is asynchronous and provides you with the opportunity to comment on course content etc. with your peers during the course.","Subject":{"InScheme":{"Id":"urn:eciu:note","Type":"ConceptScheme"},"PrefLabel":{"En":"ParticipantInformation"},"Id":"fcfb5344-1117-4dfa-a729-ad89ad852b0e","Type":"Concept"}}],"HasPart":null,"Id":"urn:eciu:learningActivitySpec:fcfb5344-1117-4dfa-a729-ad89ad852b0e","Type":"LearningActivitySpecification"},"BannerImage":null,"MoreInformation":[{"NoteLiteral":"","Subject":{"InScheme":{"Id":"urn:eciu:note","Type":"ConceptScheme"},"PrefLabel":{"En":"SourceIdentifier"},"Id":"fcfb5344-1117-4dfa-a729-ad89ad852b0e","Type":"Concept"}},{"NoteLiteral":"(Business Ethics)","Subject":{"InScheme":{"Id":"urn:eciu:note","Type":"ConceptScheme"},"PrefLabel":{"En":"SubTitle"},"Id":"fcfb5344-1117-4dfa-a729-ad89ad852b0e","Type":"Concept"}},{"NoteLiteral":"Identify the role that business ethics plays within a working environment with Dublin City University.","Subject":{"InScheme":{"Id":"urn:eciu:note","Type":"ConceptScheme"},"PrefLabel":{"En":"Introduction"},"Id":"fcfb5344-1117-4dfa-a729-ad89ad852b0e","Type":"Concept"}},{"NoteLiteral":"True","Subject":{"InScheme":{"Id":"urn:eciu:note","Type":"ConceptScheme"},"PrefLabel":{"En":"GenerateMicroCredentials"},"Id":"fcfb5344-1117-4dfa-a729-ad89ad852b0e","Type":"Concept"}},{"NoteLiteral":"","Subject":{"InScheme":{"Id":"urn:eciu:note","Type":"ConceptScheme"},"PrefLabel":{"En":"AdmissionProcessInformation"},"Id":"fcfb5344-1117-4dfa-a729-ad89ad852b0e","Type":"Concept"}},{"NoteLiteral":"True","Subject":{"InScheme":{"Id":"urn:eciu:note","Type":"ConceptScheme"},"PrefLabel":{"En":"SimplifiedAdmissionProcess"},"Id":"fcfb5344-1117-4dfa-a729-ad89ad852b0e","Type":"Concept"}},{"NoteLiteral":"2024-05-13","Subject":{"InScheme":{"Id":"urn:eciu:note","Type":"ConceptScheme"},"PrefLabel":{"En":"ApplicationPeriodStartDate"},"Id":"fcfb5344-1117-4dfa-a729-ad89ad852b0e","Type":"Concept"}},{"NoteLiteral":"30","Subject":{"InScheme":{"Id":"urn:eciu:note","Type":"ConceptScheme"},"PrefLabel":{"En":"MaximumNumberOfSeats"},"Id":"fcfb5344-1117-4dfa-a729-ad89ad852b0e","Type":"Concept"}},{"NoteLiteral":"False","Subject":{"InScheme":{"Id":"urn:eciu:note","Type":"ConceptScheme"},"PrefLabel":{"En":"ECIULMSENabled"},"Id":"fcfb5344-1117-4dfa-a729-ad89ad852b0e","Type":"Concept"}},{"NoteLiteral":"https://www.futurelearn.com/invitations/dcu/individual-ethics-in-business/pv6jtnmt802ml35gmbgw8pyh8ycvar3","Subject":{"InScheme":{"Id":"urn:eciu:note","Type":"ConceptScheme"},"PrefLabel":{"En":"LMSUrl"},"Id":"fcfb5344-1117-4dfa-a729-ad89ad852b0e","Type":"Concept"}},{"NoteLiteral":"","Subject":{"InScheme":{"Id":"urn:eciu:note","Type":"ConceptScheme"},"PrefLabel":{"En":"TeamAccessDate"},"Id":"fcfb5344-1117-4dfa-a729-ad89ad852b0e","Type":"Concept"}},{"NoteLiteral":"false","Subject":{"InScheme":{"Id":"urn:eciu:note","Type":"ConceptScheme"},"PrefLabel":{"En":"SelfPaced"},"Id":"fcfb5344-1117-4dfa-a729-ad89ad852b0e","Type":"Concept"}},{"NoteLiteral":"25","Subject":{"InScheme":{"Id":"urn:eciu:note","Type":"ConceptScheme"},"PrefLabel":{"En":"Pace"},"Id":"fcfb5344-1117-4dfa-a729-ad89ad852b0e","Type":"Concept"}},{"NoteLiteral":"Standard","Subject":{"InScheme":{"Id":"urn:eciu:note","Type":"ConceptScheme"},"PrefLabel":{"En":"Scope"},"Id":"fcfb5344-1117-4dfa-a729-ad89ad852b0e","Type":"Concept"}}],"Id":"urn:eciu:learningOpportunity:fcfb5344-1117-4dfa-a729-ad89ad852b0e","Type":"LearningOpportunity"}