{"Mode":{"InScheme":{"Id":"http://data.europa.eu/snb/learning-assessment/25831c2","Type":"ConceptScheme"},"PrefLabel":{"En":"Blended"},"Id":"http://data.europa.eu/snb/learning-assessment/e92d221e4d","Type":"Concept"},"DcType":null,"Title":{"En":"Shared Access for Family Electrically-Assisted Tricycle"},"AdmissionsProcedure":null,"ApplicationDeadline":"2024-10-11","Description":{"En":"By taking part in this challenge with the international company ACTIA, you participate in an ambitious project driven by the need to imagine new way of moving in metropolises for a more sustainable society. By engaging with international experts, you will explore solutions based on new technology with the possibility to make a real demonstration on an innovative electrically assisted tricycle.\u00A0\n\nAre you a student in computer science, telecommunications, or electronics? If you are, then this challenge is for you with rich seminars on the topic of smart mobility, advanced technologies for localization, communication and service with the opportunity to work with an international team not only with teachers and researchers but also with concerned industrial and startup.\n\nSo become an actor of the new usage of shared vehicles for a sustainable society."},"LearningAchievementSpecification":{"EQFLevel":{"InScheme":{"Id":"http://data.europa.eu/snb/eqf/25831c2","Type":"ConceptScheme"},"PrefLabel":{"En":"Level 6"},"Id":"http://data.europa.eu/snb/eqf/6","Type":"Concept"},"CreditPoint":{"Framework":{"InScheme":{"Id":"http://data.europa.eu/snb/education-credit/25831c2","Type":"ConceptScheme"},"PrefLabel":{"En":"European Credit Transfer System"},"Id":"http://data.europa.eu/snb/education-credit/6fcec5c5af","Type":"Concept"},"Point":"6,0","Id":"urn:epass:creditPoint:14afdde2-0de3-4d3b-96f1-6e7170ab4521","Type":"CreditPoint"},"LearningOutcome":[{"Title":{"En":"Apply problem-solving in social service for smart mobility"},"RelatedESCOSkill":[{"Notation":"Skill","InScheme":{"Id":"http://data.europa.eu/esco/concept-scheme/skills","Type":"ConceptScheme"},"PrefLabel":{"En":"dealing with problems"},"Id":"http://data.europa.eu/esco/skill/13d301d0-98cb-414f-a8f9-a3f059228133","Type":"Concept"}],"AdditionalNote":{"NoteLiteral":{"En":"Apply problem-solving in social service for smart mobility based on an electrically assisted tricycle prototype "},"Id":"urn:eciu:note:3f858bf0-c83d-ef11-8409-6045bd963c0f","Type":"Note"},"Id":"urn:epass:learningOutcome:14afdde2-0de3-4d3b-96f1-6e7170ab4521-1","Type":"LearningOutcome"},{"Title":{"En":"Work in an international project using cooperative methodology"},"RelatedESCOSkill":[{"Notation":"Skill","InScheme":{"Id":"http://data.europa.eu/esco/concept-scheme/skills","Type":"ConceptScheme"},"PrefLabel":{"En":"Agile development"},"Id":"http://data.europa.eu/esco/skill/dba46f87-0831-49cd-a1c7-340a653c0221","Type":"Concept"}],"AdditionalNote":{"NoteLiteral":{"En":"Work in an international project using cooperative methodology to solve technological and social problem based on cross capabilities and  international behavior"},"Id":"urn:eciu:note:d57cef37-c93d-ef11-8409-6045bd963c0f","Type":"Note"},"Id":"urn:epass:learningOutcome:14afdde2-0de3-4d3b-96f1-6e7170ab4521-2","Type":"LearningOutcome"},{"Title":{"En":"Understand distributed computing based on network"},"RelatedESCOSkill":[{"Notation":"Skill","InScheme":{"Id":"http://data.europa.eu/esco/concept-scheme/skills","Type":"ConceptScheme"},"PrefLabel":{"En":"database management systems"},"Id":"http://data.europa.eu/esco/skill/ab1e97ed-2319-4293-a8b7-072d2648822f","Type":"Concept"}],"AdditionalNote":{"NoteLiteral":{"En":"For example for ultra-wide band technology"},"Id":"urn:eciu:note:2c4c65d1-d63d-ef11-8409-6045bd963c0f","Type":"Note"},"Id":"urn:epass:learningOutcome:14afdde2-0de3-4d3b-96f1-6e7170ab4521-3","Type":"LearningOutcome"}],"LearningSetting":null,"Mode":null,"Title":{"En":"Shared Access for Family Electrically-Assisted Tricycle"},"DcType":null,"HomePage":null,"VolumeOfLearning":null,"Id":"urn:eciu:qualification:14afdde2-0de3-4d3b-96f1-6e7170ab4521","Type":"Qualification"},"IsPartOf":{"Mode":null,"DcType":null,"Title":{"En":"Shared Access for Family Electrically-Assisted Tricycle"},"AdmissionsProcedure":null,"ApplicationDeadline":null,"Description":null,"LearningAchievementSpecification":null,"IsPartOf":null,"Temporal":null,"ProvidedBy":null,"LearningActivitySpecification":null,"BannerImage":null,"MoreInformation":[{"NoteLiteral":"INSA Group","Subject":{"InScheme":{"Id":"urn:eciu:note","Type":"ConceptScheme"},"PrefLabel":{"En":"EducationIdentifier"},"Id":"291a4815-c83d-ef11-8409-6045bd963c0f","Type":"Concept"}}],"Id":"urn:eciu:learningOpportunity:291a4815-c83d-ef11-8409-6045bd963c0f","Type":"LearningOpportunity"},"Temporal":{"EndDate":"2024-10-15T00:00:00Z","Name":{"En":"Temporal"},"StartDate":"2025-01-31T00:00:00Z"},"ProvidedBy":{"Location":null,"Logo":null,"LegalName":{"En":"INSTITUT NATIONAL DES SCIENCES APPLIQUEES DE TOULOUSE (INSA TOULOUSE)"},"Registration":null,"Homepage":null,"Id":"urn:eciu:org:bc4a5510-6a54-ed11-bba2-6045bd886566","Type":"Organisation"},"LearningActivitySpecification":{"Mode":null,"DcType":null,"Title":{"En":""},"Description":null,"MoreInformation":[{"NoteLiteral":"**Evaluation**\n\nGroup assessment and evaluations based on presentations made midway through the face-to-face courses and at the end of the distance-learning courses.\n\nAfter the \u00E9valuations, a price will be goes to the team who offers the best solution.\n\n**Calendar summary:**\n\nMandatory attendance at all online and onsite sessions\n\nWeek1 (40): one slot of 2 hours:\u00A0 explain the challenge and start to build international teams (between 6 to 8 people in each team)\n\nWeek 2 (41): standalone work (2-3 hours), slots of 20 minutes of exchange with each team about their ideas and Seminary on UWB technology\n\nWeek 3 (42): On-line 2 hours \u002B personal work 4 hours, Project plan of the project (presentation\u002Bdocument)/ Web page of the project / collaborative tools (git, ..), presentation by students\n\nWeek 4 (43): 5 days on site of INSA Toulouse, Hackathon on mobility, companies\u2019 visit, definition of sprints\n\nWeek 5 (45): On-line 2 hours \u002B personal work 4 hours, Beginning of sprint 1 (focus on technology use and scenario tests), Seminary on ADAS\n\nWeek 6 (46): On-line 2 hours \u002B personal work 4 hours, Project review (validation of sprint, demonstration of partial results, topics of next sprint)\n\nWeek 7 (47): personal work 4 hours\u002Bseminary, Beginning of sprint 2 (focus on technology use and envionment of tests), Seminary on Software Defined Vehicle SDV\n\nWeek 8 (48): On-line 2 hours \u002B personal work 4 hours, Project review\n\nWeek 9 (49): personal work 4 hours, Beginning of sprint 3 (focus on development of each part and unitary tests)\n\nWeek 10 (50):\u00A0\u00A0On-line 2 hours \u002B personal work 4 hours, Project review and demonstration for final transfer","Subject":{"InScheme":{"Id":"urn:eciu:note","Type":"ConceptScheme"},"PrefLabel":{"En":"ParticipantInformation"},"Id":"14afdde2-0de3-4d3b-96f1-6e7170ab4521","Type":"Concept"}}],"HasPart":[{"Mode":{"InScheme":{"Id":"http://data.europa.eu/snb/learning-assessment/25831c2","Type":"ConceptScheme"},"PrefLabel":{"En":"Online"},"Id":"http://data.europa.eu/snb/learning-assessment/920fbb3cbe","Type":"Concept"},"DcType":{"InScheme":{"Id":"http://data.europa.eu/snb/learning-activity/25831c2","Type":"ConceptScheme"},"PrefLabel":{"En":"self-motivated study"},"Id":"http://data.europa.eu/snb/learning-activity/b660f5dcea","Type":"Concept"},"Title":{"En":"On-line learning"},"Description":null,"MoreInformation":null,"HasPart":null,"Id":"urn:eciu:learningActivitySpec:489c0ae6-d73d-ef11-8409-6045bd963c0f","Type":"LearningActivitySpecification"},{"Mode":null,"DcType":{"InScheme":{"Id":"http://data.europa.eu/snb/learning-activity/25831c2","Type":"ConceptScheme"},"PrefLabel":{"En":"workshop, seminar or conference"},"Id":"http://data.europa.eu/snb/learning-activity/efff75e10a","Type":"Concept"},"Title":{"En":"On-site learning"},"Description":null,"MoreInformation":null,"HasPart":null,"Id":"urn:eciu:learningActivitySpec:694e5105-d83d-ef11-8409-6045bd963c0f","Type":"LearningActivitySpecification"}],"Id":"urn:eciu:learningActivitySpec:14afdde2-0de3-4d3b-96f1-6e7170ab4521","Type":"LearningActivitySpecification"},"BannerImage":null,"MoreInformation":[{"NoteLiteral":"","Subject":{"InScheme":{"Id":"urn:eciu:note","Type":"ConceptScheme"},"PrefLabel":{"En":"SourceIdentifier"},"Id":"14afdde2-0de3-4d3b-96f1-6e7170ab4521","Type":"Concept"}},{"NoteLiteral":"Using Ultra Wide Band Technology - A new way for smart mobility","Subject":{"InScheme":{"Id":"urn:eciu:note","Type":"ConceptScheme"},"PrefLabel":{"En":"SubTitle"},"Id":"14afdde2-0de3-4d3b-96f1-6e7170ab4521","Type":"Concept"}},{"NoteLiteral":"The living spaces of today\u0027s urban inhabitants extend beyond the institutional and administrative perimeters of public action. Developments in travel have thus modified the city and the perceptions of space by its practitioners who have become hypermobile. Faced with these lifestyles which combine quality of life outside the city and flexibility of mobility by car, it is difficult to reintroduce public transport, which is poorly suited to scattered urbanization. Traditional mobility manufacturers, namely automobile manufacturers and equipment suppliers, are increasingly interested in \u200B\u200Bintermediate electric vehicles like electrically assisted tricycle for family moving.\nThe objective of this challenge is to think about mobility based on shared electrical medium vehicles and to focus on services needed to develop shared usage.","Subject":{"InScheme":{"Id":"urn:eciu:note","Type":"ConceptScheme"},"PrefLabel":{"En":"Introduction"},"Id":"14afdde2-0de3-4d3b-96f1-6e7170ab4521","Type":"Concept"}},{"NoteLiteral":"True","Subject":{"InScheme":{"Id":"urn:eciu:note","Type":"ConceptScheme"},"PrefLabel":{"En":"GenerateMicroCredentials"},"Id":"14afdde2-0de3-4d3b-96f1-6e7170ab4521","Type":"Concept"}},{"NoteLiteral":"To apply, please upload:\n\n- a CV,\n\n- a detailed motivation letter, indicating why the applicant is interested in this kind of project, what are the added values of the applicants to this CBL and what are the previous experiences of the applicant in this domain (if any)\n\n- a transcript of records\n\nThe prerequisites are study engineering cursus in the domain of ICT (Information and Communication Technologies).\n\nParticular care will be given to the selection process to have a large range of students coming from different domains.","Subject":{"InScheme":{"Id":"urn:eciu:note","Type":"ConceptScheme"},"PrefLabel":{"En":"AdmissionProcessInformation"},"Id":"14afdde2-0de3-4d3b-96f1-6e7170ab4521","Type":"Concept"}},{"NoteLiteral":"False","Subject":{"InScheme":{"Id":"urn:eciu:note","Type":"ConceptScheme"},"PrefLabel":{"En":"SimplifiedAdmissionProcess"},"Id":"14afdde2-0de3-4d3b-96f1-6e7170ab4521","Type":"Concept"}},{"NoteLiteral":"2024-08-01","Subject":{"InScheme":{"Id":"urn:eciu:note","Type":"ConceptScheme"},"PrefLabel":{"En":"ApplicationPeriodStartDate"},"Id":"14afdde2-0de3-4d3b-96f1-6e7170ab4521","Type":"Concept"}},{"NoteLiteral":"24","Subject":{"InScheme":{"Id":"urn:eciu:note","Type":"ConceptScheme"},"PrefLabel":{"En":"MaximumNumberOfSeats"},"Id":"14afdde2-0de3-4d3b-96f1-6e7170ab4521","Type":"Concept"}},{"NoteLiteral":"False","Subject":{"InScheme":{"Id":"urn:eciu:note","Type":"ConceptScheme"},"PrefLabel":{"En":"ECIULMSENabled"},"Id":"14afdde2-0de3-4d3b-96f1-6e7170ab4521","Type":"Concept"}},{"NoteLiteral":"","Subject":{"InScheme":{"Id":"urn:eciu:note","Type":"ConceptScheme"},"PrefLabel":{"En":"LMSUrl"},"Id":"14afdde2-0de3-4d3b-96f1-6e7170ab4521","Type":"Concept"}},{"NoteLiteral":"","Subject":{"InScheme":{"Id":"urn:eciu:note","Type":"ConceptScheme"},"PrefLabel":{"En":"TeamAccessDate"},"Id":"14afdde2-0de3-4d3b-96f1-6e7170ab4521","Type":"Concept"}},{"NoteLiteral":"false","Subject":{"InScheme":{"Id":"urn:eciu:note","Type":"ConceptScheme"},"PrefLabel":{"En":"SelfPaced"},"Id":"14afdde2-0de3-4d3b-96f1-6e7170ab4521","Type":"Concept"}},{"NoteLiteral":"0","Subject":{"InScheme":{"Id":"urn:eciu:note","Type":"ConceptScheme"},"PrefLabel":{"En":"Pace"},"Id":"14afdde2-0de3-4d3b-96f1-6e7170ab4521","Type":"Concept"}},{"NoteLiteral":"Standard","Subject":{"InScheme":{"Id":"urn:eciu:note","Type":"ConceptScheme"},"PrefLabel":{"En":"Scope"},"Id":"14afdde2-0de3-4d3b-96f1-6e7170ab4521","Type":"Concept"}}],"Id":"urn:eciu:learningOpportunity:14afdde2-0de3-4d3b-96f1-6e7170ab4521","Type":"LearningOpportunity"}