{"Mode":{"InScheme":{"Id":"http://data.europa.eu/snb/learning-assessment/25831c2","Type":"ConceptScheme"},"PrefLabel":{"En":"Online"},"Id":"http://data.europa.eu/snb/learning-assessment/920fbb3cbe","Type":"Concept"},"DcType":null,"Title":{"En":"Web Accessibility II (Content)"},"AdmissionsProcedure":null,"ApplicationDeadline":"2024-12-01","Description":{"En":"This thematic modules Web accessibility I and II introduces guidelines and other standards related to web accessibility, such as Web Content Accessibility Guidelines (WCAG). The second module explains the web accessibility principles (POUR), but focuses on the content to make it readable and understandable, including requirements that address cognitive accessibility."},"LearningAchievementSpecification":{"EQFLevel":{"InScheme":{"Id":"http://data.europa.eu/snb/eqf/25831c2","Type":"ConceptScheme"},"PrefLabel":{"En":"Level 7"},"Id":"http://data.europa.eu/snb/eqf/7","Type":"Concept"},"CreditPoint":{"Framework":{"InScheme":{"Id":"http://data.europa.eu/snb/education-credit/25831c2","Type":"ConceptScheme"},"PrefLabel":{"En":"European Credit Transfer System"},"Id":"http://data.europa.eu/snb/education-credit/6fcec5c5af","Type":"Concept"},"Point":"1,0","Id":"urn:epass:creditPoint:f4457277-f3c6-45b1-8fc4-ea89ea4d0a52","Type":"CreditPoint"},"LearningOutcome":[{"Title":{"En":"Learning Outcome 1"},"RelatedESCOSkill":[{"Notation":"Skill","InScheme":{"Id":"http://data.europa.eu/esco/concept-scheme/skills","Type":"ConceptScheme"},"PrefLabel":{"En":"web programming"},"Id":"http://data.europa.eu/esco/skill/69bbd53f-fbb0-4476-b4b2-ef7844464e28","Type":"Concept"}],"AdditionalNote":{"NoteLiteral":{"En":"The student will be able to apply the principles of accessibility while designing websites."},"Id":"urn:eciu:note:b3d0d5b3-fd11-ee11-8f6e-6045bd886fac","Type":"Note"},"Id":"urn:epass:learningOutcome:f4457277-f3c6-45b1-8fc4-ea89ea4d0a52-1","Type":"LearningOutcome"},{"Title":{"En":"Learning Outcome 2"},"RelatedESCOSkill":[{"Notation":"Skill","InScheme":{"Id":"http://data.europa.eu/esco/concept-scheme/skills","Type":"ConceptScheme"},"PrefLabel":{"En":"ICT accessibility standards"},"Id":"http://data.europa.eu/esco/skill/3e23db60-0c3d-498a-a6ac-ffbed0ecb033","Type":"Concept"}],"AdditionalNote":{"NoteLiteral":{"En":"The student will be able to evaluate Web accessibility following the guidelines and understands the requirements for cognitive accessibility in W3C standards."},"Id":"urn:eciu:note:6ea9c3c0-fd11-ee11-8f6e-6045bd886fac","Type":"Note"},"Id":"urn:epass:learningOutcome:f4457277-f3c6-45b1-8fc4-ea89ea4d0a52-2","Type":"LearningOutcome"},{"Title":{"En":"Learning Outcome 3"},"RelatedESCOSkill":[{"Notation":"Skill","InScheme":{"Id":"http://data.europa.eu/esco/concept-scheme/skills","Type":"ConceptScheme"},"PrefLabel":{"En":"evaluate data, information and digital content"},"Id":"http://data.europa.eu/esco/skill/1d6c7de4-350e-4868-a47b-333b4b0d9650","Type":"Concept"}],"AdditionalNote":{"NoteLiteral":{"En":"The student will be able to make use of tools for evaluating web-content based on accessibility."},"Id":"urn:eciu:note:d554aed4-fd11-ee11-8f6e-6045bd886fac","Type":"Note"},"Id":"urn:epass:learningOutcome:f4457277-f3c6-45b1-8fc4-ea89ea4d0a52-3","Type":"LearningOutcome"}],"LearningSetting":null,"Mode":null,"Title":{"En":"Web Accessibility II (Content)"},"DcType":null,"HomePage":null,"VolumeOfLearning":null,"Id":"urn:eciu:qualification:f4457277-f3c6-45b1-8fc4-ea89ea4d0a52","Type":"Qualification"},"IsPartOf":{"Mode":null,"DcType":null,"Title":{"En":"Web Accessibility II (Content)"},"AdmissionsProcedure":null,"ApplicationDeadline":null,"Description":null,"LearningAchievementSpecification":null,"IsPartOf":null,"Temporal":null,"ProvidedBy":null,"LearningActivitySpecification":null,"BannerImage":null,"MoreInformation":[{"NoteLiteral":"ACC.190","Subject":{"InScheme":{"Id":"urn:eciu:note","Type":"ConceptScheme"},"PrefLabel":{"En":"EducationIdentifier"},"Id":"fe1804ea-fc11-ee11-8f6e-6045bd886fac","Type":"Concept"}}],"Id":"urn:eciu:learningOpportunity:fe1804ea-fc11-ee11-8f6e-6045bd886fac","Type":"LearningOpportunity"},"Temporal":{"EndDate":"2023-08-06T00:00:00Z","Name":{"En":"Temporal"},"StartDate":"2024-12-31T00:00:00Z"},"ProvidedBy":{"Location":null,"Logo":null,"LegalName":{"En":"TAMPEREEN KORKEAKOULUSAATIO SR (TAU)"},"Registration":null,"Homepage":null,"Id":"urn:eciu:org:8f142831-6a54-ed11-bba2-6045bd886566","Type":"Organisation"},"LearningActivitySpecification":{"Mode":null,"DcType":null,"Title":{"En":""},"Description":null,"MoreInformation":[{"NoteLiteral":"This is a nonstoop MOOC (Massive Open Online course). This means the course is fully online and you can take it at your own pace according to your own schedule.  \n  \nThis MOOC is offered by Tampere University on the DigiCampus platform. Once you have your TUNI credentials, log in to DigiCampus by using the choice \u0022Login with HAKA Account\u0022, select \u0022Tampere Universities\u0022and use your tuni.fi account. In DigiCampus, head over the the course \u0022Methods and technologies for accessibility and their evaluation\u0022.\u00A0The enrolment key is \u002220methods21\u0022. From this module, select the course you applied for.  \n  \nLink to DigiCampus: digicampus.fi/?lang=en  \nDirect link to the course: digicampus.fi/course/view.php?id=1193","Subject":{"InScheme":{"Id":"urn:eciu:note","Type":"ConceptScheme"},"PrefLabel":{"En":"ParticipantInformation"},"Id":"f4457277-f3c6-45b1-8fc4-ea89ea4d0a52","Type":"Concept"}}],"HasPart":null,"Id":"urn:eciu:learningActivitySpec:f4457277-f3c6-45b1-8fc4-ea89ea4d0a52","Type":"LearningActivitySpecification"},"BannerImage":null,"MoreInformation":[{"NoteLiteral":"","Subject":{"InScheme":{"Id":"urn:eciu:note","Type":"ConceptScheme"},"PrefLabel":{"En":"SourceIdentifier"},"Id":"f4457277-f3c6-45b1-8fc4-ea89ea4d0a52","Type":"Concept"}},{"NoteLiteral":"Nonstop MOOC on methods and technologies for accessibility","Subject":{"InScheme":{"Id":"urn:eciu:note","Type":"ConceptScheme"},"PrefLabel":{"En":"SubTitle"},"Id":"f4457277-f3c6-45b1-8fc4-ea89ea4d0a52","Type":"Concept"}},{"NoteLiteral":"This course is part of the larger module \u0022Methods and technologies for accessibility and their evaluation\u0022 which consists of over 25 modules (1 ECT each). If you want to become an expert at creating digitally accessible services, make sure to check them out.","Subject":{"InScheme":{"Id":"urn:eciu:note","Type":"ConceptScheme"},"PrefLabel":{"En":"Introduction"},"Id":"f4457277-f3c6-45b1-8fc4-ea89ea4d0a52","Type":"Concept"}},{"NoteLiteral":"True","Subject":{"InScheme":{"Id":"urn:eciu:note","Type":"ConceptScheme"},"PrefLabel":{"En":"GenerateMicroCredentials"},"Id":"f4457277-f3c6-45b1-8fc4-ea89ea4d0a52","Type":"Concept"}},{"NoteLiteral":"This micromodule is open to all ECIU students and there is no specific admissions process, rather all interested students will have the change to take the course.","Subject":{"InScheme":{"Id":"urn:eciu:note","Type":"ConceptScheme"},"PrefLabel":{"En":"AdmissionProcessInformation"},"Id":"f4457277-f3c6-45b1-8fc4-ea89ea4d0a52","Type":"Concept"}},{"NoteLiteral":"True","Subject":{"InScheme":{"Id":"urn:eciu:note","Type":"ConceptScheme"},"PrefLabel":{"En":"SimplifiedAdmissionProcess"},"Id":"f4457277-f3c6-45b1-8fc4-ea89ea4d0a52","Type":"Concept"}},{"NoteLiteral":"2023-08-06","Subject":{"InScheme":{"Id":"urn:eciu:note","Type":"ConceptScheme"},"PrefLabel":{"En":"ApplicationPeriodStartDate"},"Id":"f4457277-f3c6-45b1-8fc4-ea89ea4d0a52","Type":"Concept"}},{"NoteLiteral":"100","Subject":{"InScheme":{"Id":"urn:eciu:note","Type":"ConceptScheme"},"PrefLabel":{"En":"MaximumNumberOfSeats"},"Id":"f4457277-f3c6-45b1-8fc4-ea89ea4d0a52","Type":"Concept"}},{"NoteLiteral":"False","Subject":{"InScheme":{"Id":"urn:eciu:note","Type":"ConceptScheme"},"PrefLabel":{"En":"ECIULMSENabled"},"Id":"f4457277-f3c6-45b1-8fc4-ea89ea4d0a52","Type":"Concept"}},{"NoteLiteral":"https://digicampus.fi/course/view.php?id=1193\u0026lang=en","Subject":{"InScheme":{"Id":"urn:eciu:note","Type":"ConceptScheme"},"PrefLabel":{"En":"LMSUrl"},"Id":"f4457277-f3c6-45b1-8fc4-ea89ea4d0a52","Type":"Concept"}},{"NoteLiteral":"","Subject":{"InScheme":{"Id":"urn:eciu:note","Type":"ConceptScheme"},"PrefLabel":{"En":"TeamAccessDate"},"Id":"f4457277-f3c6-45b1-8fc4-ea89ea4d0a52","Type":"Concept"}},{"NoteLiteral":"false","Subject":{"InScheme":{"Id":"urn:eciu:note","Type":"ConceptScheme"},"PrefLabel":{"En":"SelfPaced"},"Id":"f4457277-f3c6-45b1-8fc4-ea89ea4d0a52","Type":"Concept"}},{"NoteLiteral":"0","Subject":{"InScheme":{"Id":"urn:eciu:note","Type":"ConceptScheme"},"PrefLabel":{"En":"Pace"},"Id":"f4457277-f3c6-45b1-8fc4-ea89ea4d0a52","Type":"Concept"}},{"NoteLiteral":"Standard","Subject":{"InScheme":{"Id":"urn:eciu:note","Type":"ConceptScheme"},"PrefLabel":{"En":"Scope"},"Id":"f4457277-f3c6-45b1-8fc4-ea89ea4d0a52","Type":"Concept"}}],"Id":"urn:eciu:learningOpportunity:f4457277-f3c6-45b1-8fc4-ea89ea4d0a52","Type":"LearningOpportunity"}