{"Mode":{"InScheme":{"Id":"http://data.europa.eu/snb/learning-assessment/25831c2","Type":"ConceptScheme"},"PrefLabel":{"En":"Online"},"Id":"http://data.europa.eu/snb/learning-assessment/920fbb3cbe","Type":"Concept"},"DcType":null,"Title":{"En":"Industry 4.0: Smart Machining"},"AdmissionsProcedure":null,"ApplicationDeadline":"2024-10-18","Description":{"En":"The Smart Machining micromodule is designed to equip you with cutting-edge knowledge and practical skills in the field of advanced manufacturing. By taking this micromodule, you will delve into the sophisticated techniques that underpin smart machining.\n\nThe course is divided in two parts: three modules of 6 hours each and a project for analysing the experimental data. Each module is composed of 2 hours of online classes and 4 hours of assignment with the professor. The project is composed of 8 hours of synchronous work and the students should be able to work on the project between each week to evaluate its personal task in the group. The evaluation is part based on the assignments and part on the project work. By the end of the module, we expect that the students are convinced that the data can be useful to improve productivity on industry in practice.\n\nBy the end of the module, students will possess an understanding of smart machining technologies and their practical applications. This knowledge will empower them to contribute to the advancement of manufacturing processes, making them valuable assets to any industry focused on innovation and efficiency. The skills acquired in this course will prepare students for roles in advanced manufacturing, process optimization, and industrial automation, positioning them at the forefront of the smart manufacturing revolution."},"LearningAchievementSpecification":{"EQFLevel":{"InScheme":{"Id":"http://data.europa.eu/snb/eqf/25831c2","Type":"ConceptScheme"},"PrefLabel":{"En":"Level 3"},"Id":"http://data.europa.eu/snb/eqf/3","Type":"Concept"},"CreditPoint":{"Framework":{"InScheme":{"Id":"http://data.europa.eu/snb/education-credit/25831c2","Type":"ConceptScheme"},"PrefLabel":{"En":"European Credit Transfer System"},"Id":"http://data.europa.eu/snb/education-credit/6fcec5c5af","Type":"Concept"},"Point":"3,0","Id":"urn:epass:creditPoint:345e33c3-b9e4-48d9-986d-2e47ba534ce3","Type":"CreditPoint"},"LearningOutcome":[{"Title":{"En":"Predict the lobe diagrams using mechanistic aproach"},"RelatedESCOSkill":[{"Notation":"Skill","InScheme":{"Id":"http://data.europa.eu/esco/concept-scheme/skills","Type":"ConceptScheme"},"PrefLabel":{"En":"MATLAB"},"Id":"http://data.europa.eu/esco/skill/c3a03c5a-c260-4c26-9b9a-873abb396f4d","Type":"Concept"},{"Notation":"Skill","InScheme":{"Id":"http://data.europa.eu/esco/concept-scheme/skills","Type":"ConceptScheme"},"PrefLabel":{"En":"computer programming"},"Id":"http://data.europa.eu/esco/skill/21d2f96d-35f7-4e3f-9745-c533d2dd6e97","Type":"Concept"},{"Notation":"Skill","InScheme":{"Id":"http://data.europa.eu/esco/concept-scheme/skills","Type":"ConceptScheme"},"PrefLabel":{"En":"algorithms"},"Id":"http://data.europa.eu/esco/skill/54924a2c-daca-40d3-9716-4b38ceb04f38","Type":"Concept"}],"AdditionalNote":null,"Id":"urn:epass:learningOutcome:345e33c3-b9e4-48d9-986d-2e47ba534ce3-1","Type":"LearningOutcome"},{"Title":{"En":"Understand the data format taken from machines (json and xml)"},"RelatedESCOSkill":[{"Notation":"Skill","InScheme":{"Id":"http://data.europa.eu/esco/concept-scheme/skills","Type":"ConceptScheme"},"PrefLabel":{"En":"perform data analysis"},"Id":"http://data.europa.eu/esco/skill/2b92a5b2-6758-4ee3-9fb4-b6387a55cc8f","Type":"Concept"}],"AdditionalNote":{"NoteLiteral":{"En":"You will also be able to understand how the network for acquistion works."},"Id":"urn:eciu:note:d9076f4b-cc3a-ef11-840a-0022487fecad","Type":"Note"},"Id":"urn:epass:learningOutcome:345e33c3-b9e4-48d9-986d-2e47ba534ce3-2","Type":"LearningOutcome"},{"Title":{"En":"Work in an international team to propose a machining process and analyse experimental data"},"RelatedESCOSkill":[{"Notation":"Skill","InScheme":{"Id":"http://data.europa.eu/esco/concept-scheme/skills","Type":"ConceptScheme"},"PrefLabel":{"En":"work in teams"},"Id":"http://data.europa.eu/esco/skill/60c78287-22eb-4103-9c8c-28deaa460da0","Type":"Concept"},{"Notation":"Skill","InScheme":{"Id":"http://data.europa.eu/esco/concept-scheme/skills","Type":"ConceptScheme"},"PrefLabel":{"En":"using digital tools to control machinery"},"Id":"http://data.europa.eu/esco/skill/842ebeb2-d252-4bde-98fe-e0463f7009db","Type":"Concept"}],"AdditionalNote":{"NoteLiteral":{"En":"You will collaborate with team members to determine a machining process for your team\u0027s case study, and then analyse the experimental data from a real machining process."},"Id":"urn:eciu:note:6c6bc1e7-cc3a-ef11-840a-0022487fecad","Type":"Note"},"Id":"urn:epass:learningOutcome:345e33c3-b9e4-48d9-986d-2e47ba534ce3-3","Type":"LearningOutcome"},{"Title":{"En":"Predict forces in a simplified machining operation compiling a basic programming code."},"RelatedESCOSkill":[{"Notation":"Skill","InScheme":{"Id":"http://data.europa.eu/esco/concept-scheme/skills","Type":"ConceptScheme"},"PrefLabel":{"En":"computer programming"},"Id":"http://data.europa.eu/esco/skill/21d2f96d-35f7-4e3f-9745-c533d2dd6e97","Type":"Concept"}],"AdditionalNote":null,"Id":"urn:epass:learningOutcome:345e33c3-b9e4-48d9-986d-2e47ba534ce3-4","Type":"LearningOutcome"}],"LearningSetting":null,"Mode":null,"Title":{"En":"Industry 4.0: Smart Machining"},"DcType":null,"HomePage":null,"VolumeOfLearning":null,"Id":"urn:eciu:qualification:345e33c3-b9e4-48d9-986d-2e47ba534ce3","Type":"Qualification"},"IsPartOf":{"Mode":null,"DcType":null,"Title":{"En":"Industry 4.0: Smart Machining"},"AdmissionsProcedure":null,"ApplicationDeadline":null,"Description":null,"LearningAchievementSpecification":null,"IsPartOf":null,"Temporal":null,"ProvidedBy":null,"LearningActivitySpecification":null,"BannerImage":null,"MoreInformation":null,"Id":"urn:eciu:learningOpportunity:ed2f8d2b-c93a-ef11-8409-6045bd963c0f","Type":"LearningOpportunity"},"Temporal":{"EndDate":"2024-10-01T00:00:00Z","Name":{"En":"Temporal"},"StartDate":"2024-12-15T00:00:00Z"},"ProvidedBy":{"Location":null,"Logo":null,"LegalName":{"En":"INSTITUT NATIONAL DES SCIENCES APPLIQUEES DE TOULOUSE (INSA TOULOUSE)"},"Registration":null,"Homepage":null,"Id":"urn:eciu:org:bc4a5510-6a54-ed11-bba2-6045bd886566","Type":"Organisation"},"LearningActivitySpecification":{"Mode":null,"DcType":null,"Title":{"En":""},"Description":{"En":"You will complete personal assignments online relating to a range of processes and phenomena central to smart machining."},"MoreInformation":[{"NoteLiteral":"**Format and Structure**\n\nWhilst folowing this course, you will study both material online at your own pace as well as engage with synchronous live sessions with your professor and peers. The online live sessions will take place on a fixed day (either Mondays, Tuesdays, or Wednesdays), in the morning. You will have 2-3 hours of live sessions during a week. Sessions will be recorded so if you cannot attend the sessions, you can catch up independently. However, please note that some sessions (such as your evaluation session) will be mandatory. Check with your professor at the beginning of the micromodule.\n\nThe online sessions will follow the structure below:\n\n- Class 1 (1h) - Introduction and Force modelling,\n- Class 2 (2h) - Exercise on class of prediction of cutting force (assignment)\n- Class 3 (1h) - Dynamic of cutting\n- Class 4\u00A0(1h) - Exercise on lobes diagram A\n- Class 5 (1h) - Exercise on lobes diagram B (Assigment)\n- Class 6 (1h)- CNC machine-tool set-up and acquisition\n- Class 7 (1h) - Exercise on analysing CNC data (pyhon/Mongo Compass)\n- Class 8 (1h) - Assignment about the combined different data in the same time scale\n- Class 9 (2h) - Project part 1\n- Class 10 (2h) - Project part 2\n- Class 11 (2h) - Project\u00A0part 3\n- Class 12 (2h) - Project part 4\n\n**Evaluation**\n\nYour evaluation grade is composed of 60% assignment work and 40% final group project. You will either receive a pass or fail for this module.\n\nFor the final group project, you will collaborate remotely with international team members to determine a machining process for your team\u0027s case study, and then analyse the experimental data from a real machining process. Students at INSA Toulouse will operate the machines and ECIU students will analyse the data, helping students gain an understanding of what it\u0027s like to work in an international and geographically-dispersed team. You will submit a video presentation via Moodle presenting your case study and data analysis.","Subject":{"InScheme":{"Id":"urn:eciu:note","Type":"ConceptScheme"},"PrefLabel":{"En":"ParticipantInformation"},"Id":"345e33c3-b9e4-48d9-986d-2e47ba534ce3","Type":"Concept"}}],"HasPart":[{"Mode":{"InScheme":{"Id":"http://data.europa.eu/snb/learning-assessment/25831c2","Type":"ConceptScheme"},"PrefLabel":{"En":"Online"},"Id":"http://data.europa.eu/snb/learning-assessment/920fbb3cbe","Type":"Concept"},"DcType":{"InScheme":{"Id":"http://data.europa.eu/snb/learning-activity/25831c2","Type":"ConceptScheme"},"PrefLabel":{"En":"self-motivated study"},"Id":"http://data.europa.eu/snb/learning-activity/b660f5dcea","Type":"Concept"},"Title":{"En":"Completing personal assignments"},"Description":null,"MoreInformation":null,"HasPart":null,"Id":"urn:eciu:learningActivitySpec:99a747da-d33a-ef11-8409-6045bd963c0f","Type":"LearningActivitySpecification"},{"Mode":{"InScheme":{"Id":"http://data.europa.eu/snb/learning-assessment/25831c2","Type":"ConceptScheme"},"PrefLabel":{"En":"Project based"},"Id":"http://data.europa.eu/snb/learning-assessment/7813801c77","Type":"Concept"},"DcType":{"InScheme":{"Id":"http://data.europa.eu/snb/learning-activity/25831c2","Type":"ConceptScheme"},"PrefLabel":{"En":"lab / simulation / practice coursework"},"Id":"http://data.europa.eu/snb/learning-activity/3c8bd58d62","Type":"Concept"},"Title":{"En":"Group project"},"Description":null,"MoreInformation":null,"HasPart":null,"Id":"urn:eciu:learningActivitySpec:6f2da016-d43a-ef11-8409-6045bd963c0f","Type":"LearningActivitySpecification"}],"Id":"urn:eciu:learningActivitySpec:345e33c3-b9e4-48d9-986d-2e47ba534ce3","Type":"LearningActivitySpecification"},"BannerImage":null,"MoreInformation":[{"NoteLiteral":"","Subject":{"InScheme":{"Id":"urn:eciu:note","Type":"ConceptScheme"},"PrefLabel":{"En":"SourceIdentifier"},"Id":"345e33c3-b9e4-48d9-986d-2e47ba534ce3","Type":"Concept"}},{"NoteLiteral":"Analysing and improving the industrial machining process","Subject":{"InScheme":{"Id":"urn:eciu:note","Type":"ConceptScheme"},"PrefLabel":{"En":"SubTitle"},"Id":"345e33c3-b9e4-48d9-986d-2e47ba534ce3","Type":"Concept"}},{"NoteLiteral":"The Smart Machining micromodule is focused on the advanced techniques of Computer Numerical Control (CNC) in 5-axis machines. Through practical examples and hands-on projects, participants will learn how smart machining technologies can drive innovation and competitiveness in industry. The courses introduces the various types of sensors used in these systems and how they can contribute to process optimisation. You will learn about communication protocols with CNC machines, the integration of sensors\u0027 response with the database, and how you should carry out impactful data analysis. You will explore cutting forces and their impact on machining processes, learning to predict these forces for improved outcomes. The course also examines machining dynamics, providing insights into vibration and stability. Finally, a significant focus is placed on data analysis, collecting and interpreting machining data for continuous improvement and predictive maintenance.","Subject":{"InScheme":{"Id":"urn:eciu:note","Type":"ConceptScheme"},"PrefLabel":{"En":"Introduction"},"Id":"345e33c3-b9e4-48d9-986d-2e47ba534ce3","Type":"Concept"}},{"NoteLiteral":"True","Subject":{"InScheme":{"Id":"urn:eciu:note","Type":"ConceptScheme"},"PrefLabel":{"En":"GenerateMicroCredentials"},"Id":"345e33c3-b9e4-48d9-986d-2e47ba534ce3","Type":"Concept"}},{"NoteLiteral":"In order to be eligible for this micromodule, you should have a basic understanding of machining, mechanical vibration, and CNC programming. You should also have a basic understandng of either Python or MATLAB.\n\nDuring the application process you will be asked to provide a transcript of records and CV that should demonstrate your skills in these areas.","Subject":{"InScheme":{"Id":"urn:eciu:note","Type":"ConceptScheme"},"PrefLabel":{"En":"AdmissionProcessInformation"},"Id":"345e33c3-b9e4-48d9-986d-2e47ba534ce3","Type":"Concept"}},{"NoteLiteral":"False","Subject":{"InScheme":{"Id":"urn:eciu:note","Type":"ConceptScheme"},"PrefLabel":{"En":"SimplifiedAdmissionProcess"},"Id":"345e33c3-b9e4-48d9-986d-2e47ba534ce3","Type":"Concept"}},{"NoteLiteral":"2024-07-07","Subject":{"InScheme":{"Id":"urn:eciu:note","Type":"ConceptScheme"},"PrefLabel":{"En":"ApplicationPeriodStartDate"},"Id":"345e33c3-b9e4-48d9-986d-2e47ba534ce3","Type":"Concept"}},{"NoteLiteral":"8","Subject":{"InScheme":{"Id":"urn:eciu:note","Type":"ConceptScheme"},"PrefLabel":{"En":"MaximumNumberOfSeats"},"Id":"345e33c3-b9e4-48d9-986d-2e47ba534ce3","Type":"Concept"}},{"NoteLiteral":"False","Subject":{"InScheme":{"Id":"urn:eciu:note","Type":"ConceptScheme"},"PrefLabel":{"En":"ECIULMSENabled"},"Id":"345e33c3-b9e4-48d9-986d-2e47ba534ce3","Type":"Concept"}},{"NoteLiteral":"","Subject":{"InScheme":{"Id":"urn:eciu:note","Type":"ConceptScheme"},"PrefLabel":{"En":"LMSUrl"},"Id":"345e33c3-b9e4-48d9-986d-2e47ba534ce3","Type":"Concept"}},{"NoteLiteral":"","Subject":{"InScheme":{"Id":"urn:eciu:note","Type":"ConceptScheme"},"PrefLabel":{"En":"TeamAccessDate"},"Id":"345e33c3-b9e4-48d9-986d-2e47ba534ce3","Type":"Concept"}},{"NoteLiteral":"false","Subject":{"InScheme":{"Id":"urn:eciu:note","Type":"ConceptScheme"},"PrefLabel":{"En":"SelfPaced"},"Id":"345e33c3-b9e4-48d9-986d-2e47ba534ce3","Type":"Concept"}},{"NoteLiteral":"0","Subject":{"InScheme":{"Id":"urn:eciu:note","Type":"ConceptScheme"},"PrefLabel":{"En":"Pace"},"Id":"345e33c3-b9e4-48d9-986d-2e47ba534ce3","Type":"Concept"}},{"NoteLiteral":"Standard","Subject":{"InScheme":{"Id":"urn:eciu:note","Type":"ConceptScheme"},"PrefLabel":{"En":"Scope"},"Id":"345e33c3-b9e4-48d9-986d-2e47ba534ce3","Type":"Concept"}}],"Id":"urn:eciu:learningOpportunity:345e33c3-b9e4-48d9-986d-2e47ba534ce3","Type":"LearningOpportunity"}