{"Mode":{"InScheme":{"Id":"http://data.europa.eu/snb/learning-assessment/25831c2","Type":"ConceptScheme"},"PrefLabel":{"En":"Online"},"Id":"http://data.europa.eu/snb/learning-assessment/920fbb3cbe","Type":"Concept"},"DcType":null,"Title":{"En":"Language Studies - French (A2 Level)"},"AdmissionsProcedure":null,"ApplicationDeadline":"2024-10-21","Description":{"En":"In a unique online environment, 50% synchronous and 50% asynchronous, you will be learners from different countries working together in French on 2 projects:\n\n- Discovering Lyon in France and many other cities\n\n- Studying here and there.\n\nA French tutor will guide through a wide range of activities that will help you realize your project in groups encouraging you to use French.\n\nFor example, the class will encourage you to talk about yourself, to describe a city, to share your points of interests in a city, to talk about your learning environment, your studies, your friends, the food, your night outs etc.\n\nThis micromodule will focus on an intercultural approach that will help you put the things you learn into an international perspective. It will thus give you tools for a future international experience or exchange."},"LearningAchievementSpecification":{"EQFLevel":{"InScheme":{"Id":"http://data.europa.eu/snb/eqf/25831c2","Type":"ConceptScheme"},"PrefLabel":{"En":"Level 2"},"Id":"http://data.europa.eu/snb/eqf/2","Type":"Concept"},"CreditPoint":{"Framework":{"InScheme":{"Id":"http://data.europa.eu/snb/education-credit/25831c2","Type":"ConceptScheme"},"PrefLabel":{"En":"European Credit Transfer System"},"Id":"http://data.europa.eu/snb/education-credit/6fcec5c5af","Type":"Concept"},"Point":"4,0","Id":"urn:epass:creditPoint:cce4d0db-3f53-41e1-ac05-9e90d7f395a2","Type":"CreditPoint"},"LearningOutcome":[{"Title":{"En":"Demonstrate A2 French language skills"},"RelatedESCOSkill":[{"Notation":"Skill","InScheme":{"Id":"http://data.europa.eu/esco/concept-scheme/skills","Type":"ConceptScheme"},"PrefLabel":{"En":"understand written French"},"Id":"http://data.europa.eu/esco/skill/4ff6df71-6988-4300-8966-9fabb2b59186","Type":"Concept"},{"Notation":"Skill","InScheme":{"Id":"http://data.europa.eu/esco/concept-scheme/skills","Type":"ConceptScheme"},"PrefLabel":{"En":"interact verbally in French"},"Id":"http://data.europa.eu/esco/skill/bfb5f0b8-0ea0-4e44-a48d-7d876f966758","Type":"Concept"},{"Notation":"Skill","InScheme":{"Id":"http://data.europa.eu/esco/concept-scheme/skills","Type":"ConceptScheme"},"PrefLabel":{"En":"write French"},"Id":"http://data.europa.eu/esco/skill/5dfc81aa-c395-4e88-a0e0-a2fbb681ecc0","Type":"Concept"},{"Notation":"Skill","InScheme":{"Id":"http://data.europa.eu/esco/concept-scheme/skills","Type":"ConceptScheme"},"PrefLabel":{"En":"understand spoken French"},"Id":"http://data.europa.eu/esco/skill/2ce713f2-c684-4fa3-8e56-939e4bfbf4a2","Type":"Concept"},{"Notation":"Skill","InScheme":{"Id":"http://data.europa.eu/esco/concept-scheme/skills","Type":"ConceptScheme"},"PrefLabel":{"En":"French"},"Id":"http://data.europa.eu/esco/skill/e747e77e-0ea1-4001-8b07-1d11946b5f1b","Type":"Concept"}],"AdditionalNote":{"NoteLiteral":{"En":"Your skills in listening, speaking, reading, and writing will improve from A1 to A2"},"Id":"urn:eciu:note:45af4f19-9849-ef11-bfe2-000d3abbcf8b","Type":"Note"},"Id":"urn:epass:learningOutcome:cce4d0db-3f53-41e1-ac05-9e90d7f395a2-1","Type":"LearningOutcome"},{"Title":{"En":"Describe French cities, including Lyon"},"RelatedESCOSkill":[],"AdditionalNote":{"NoteLiteral":{"En":"You will be able to recall facts regarding France and French cities, especially Lyon"},"Id":"urn:eciu:note:97fdc5c8-9849-ef11-bfe2-000d3abbcf8b","Type":"Note"},"Id":"urn:epass:learningOutcome:cce4d0db-3f53-41e1-ac05-9e90d7f395a2-2","Type":"LearningOutcome"},{"Title":{"En":"Understand study abroad in France and other French-speaking countries"},"RelatedESCOSkill":[{"Notation":"Skill","InScheme":{"Id":"http://data.europa.eu/esco/concept-scheme/skills","Type":"ConceptScheme"},"PrefLabel":{"En":"study cultures"},"Id":"http://data.europa.eu/esco/skill/56e30a60-0a87-4631-85ea-c69bc8bd0519","Type":"Concept"}],"AdditionalNote":{"NoteLiteral":{"En":"You will learn about what its like for international students living in France"},"Id":"urn:eciu:note:6ac72217-9949-ef11-bfe2-000d3abbcf8b","Type":"Note"},"Id":"urn:epass:learningOutcome:cce4d0db-3f53-41e1-ac05-9e90d7f395a2-3","Type":"LearningOutcome"},{"Title":{"En":"Demonstrate intercultural skills"},"RelatedESCOSkill":[{"Notation":"Skill","InScheme":{"Id":"http://data.europa.eu/esco/concept-scheme/skills","Type":"ConceptScheme"},"PrefLabel":{"En":"demonstrate intercultural competence"},"Id":"http://data.europa.eu/esco/skill/c10d5d87-36cf-42f5-8a12-e560fb5f4af8","Type":"Concept"}],"AdditionalNote":{"NoteLiteral":{"En":"By learning in a pan-European context, you will develop your ability to work in intercultural groups"},"Id":"urn:eciu:note:d5fdac8f-9949-ef11-bfe2-000d3abbcf8b","Type":"Note"},"Id":"urn:epass:learningOutcome:cce4d0db-3f53-41e1-ac05-9e90d7f395a2-4","Type":"LearningOutcome"}],"LearningSetting":null,"Mode":null,"Title":{"En":"Language Studies - French (A2 Level)"},"DcType":null,"HomePage":null,"VolumeOfLearning":null,"Id":"urn:eciu:qualification:cce4d0db-3f53-41e1-ac05-9e90d7f395a2","Type":"Qualification"},"IsPartOf":{"Mode":null,"DcType":null,"Title":{"En":"Language Studies - French (A2 Level)"},"AdmissionsProcedure":null,"ApplicationDeadline":null,"Description":null,"LearningAchievementSpecification":null,"IsPartOf":null,"Temporal":null,"ProvidedBy":null,"LearningActivitySpecification":null,"BannerImage":null,"MoreInformation":[{"NoteLiteral":"INSA Group","Subject":{"InScheme":{"Id":"urn:eciu:note","Type":"ConceptScheme"},"PrefLabel":{"En":"EducationIdentifier"},"Id":"34b9ada3-9649-ef11-bfe2-000d3abbcf8b","Type":"Concept"}}],"Id":"urn:eciu:learningOpportunity:34b9ada3-9649-ef11-bfe2-000d3abbcf8b","Type":"LearningOpportunity"},"Temporal":{"EndDate":"2024-11-08T00:00:00Z","Name":{"En":"Temporal"},"StartDate":"2025-03-13T00:00:00Z"},"ProvidedBy":{"Location":null,"Logo":null,"LegalName":{"En":"INSTITUT NATIONAL DES SCIENCES APPLIQUEES DE TOULOUSE (INSA TOULOUSE)"},"Registration":null,"Homepage":null,"Id":"urn:eciu:org:bc4a5510-6a54-ed11-bba2-6045bd886566","Type":"Organisation"},"LearningActivitySpecification":{"Mode":null,"DcType":null,"Title":{"En":""},"Description":null,"MoreInformation":[{"NoteLiteral":"The course consists of:\n\n- 10 synchronous classes of 2 hours on Friday from 10am to 12 noon CET (no class 21 December to 6 January and 22 February to 10 March)\n- 10 hours of asynchronous classes.\n\nThe micro-module will be assessed through project-based assessment: students will work and be assessed by two projects. The final grade will be an average of the grade you receive for your two projects.","Subject":{"InScheme":{"Id":"urn:eciu:note","Type":"ConceptScheme"},"PrefLabel":{"En":"ParticipantInformation"},"Id":"cce4d0db-3f53-41e1-ac05-9e90d7f395a2","Type":"Concept"}}],"HasPart":[{"Mode":null,"DcType":null,"Title":{"En":"Practical reading and listening activities"},"Description":null,"MoreInformation":null,"HasPart":null,"Id":"urn:eciu:learningActivitySpec:ad023133-9c49-ef11-bfe2-000d3abbcf8b","Type":"LearningActivitySpecification"},{"Mode":null,"DcType":null,"Title":{"En":"Communication skills in French"},"Description":null,"MoreInformation":null,"HasPart":null,"Id":"urn:eciu:learningActivitySpec:80d022f0-9c49-ef11-bfe2-000d3abbcf8b","Type":"LearningActivitySpecification"}],"Id":"urn:eciu:learningActivitySpec:cce4d0db-3f53-41e1-ac05-9e90d7f395a2","Type":"LearningActivitySpecification"},"BannerImage":null,"MoreInformation":[{"NoteLiteral":"","Subject":{"InScheme":{"Id":"urn:eciu:note","Type":"ConceptScheme"},"PrefLabel":{"En":"SourceIdentifier"},"Id":"cce4d0db-3f53-41e1-ac05-9e90d7f395a2","Type":"Concept"}},{"NoteLiteral":"Participate in an interactive online A2-level French class","Subject":{"InScheme":{"Id":"urn:eciu:note","Type":"ConceptScheme"},"PrefLabel":{"En":"SubTitle"},"Id":"cce4d0db-3f53-41e1-ac05-9e90d7f395a2","Type":"Concept"}},{"NoteLiteral":"If you love France, if you would like to study or travel in France one day, or if you\u0027re simply interested in a basic knowledge of the French language and culture: this course is for you! You will broaden your mind whilst interacting with students from other countries in Europe, sharing interests, ideas, building a strong community around France and thus developing your intercultural skills!","Subject":{"InScheme":{"Id":"urn:eciu:note","Type":"ConceptScheme"},"PrefLabel":{"En":"Introduction"},"Id":"cce4d0db-3f53-41e1-ac05-9e90d7f395a2","Type":"Concept"}},{"NoteLiteral":"True","Subject":{"InScheme":{"Id":"urn:eciu:note","Type":"ConceptScheme"},"PrefLabel":{"En":"GenerateMicroCredentials"},"Id":"cce4d0db-3f53-41e1-ac05-9e90d7f395a2","Type":"Concept"}},{"NoteLiteral":"A1 level in French is required to participate to this course.\n\nAll applicants must submit a transcript of record with the name of their department/faculty to apply. The application deadline is the 21st of October 2024.","Subject":{"InScheme":{"Id":"urn:eciu:note","Type":"ConceptScheme"},"PrefLabel":{"En":"AdmissionProcessInformation"},"Id":"cce4d0db-3f53-41e1-ac05-9e90d7f395a2","Type":"Concept"}},{"NoteLiteral":"False","Subject":{"InScheme":{"Id":"urn:eciu:note","Type":"ConceptScheme"},"PrefLabel":{"En":"SimplifiedAdmissionProcess"},"Id":"cce4d0db-3f53-41e1-ac05-9e90d7f395a2","Type":"Concept"}},{"NoteLiteral":"2024-07-31","Subject":{"InScheme":{"Id":"urn:eciu:note","Type":"ConceptScheme"},"PrefLabel":{"En":"ApplicationPeriodStartDate"},"Id":"cce4d0db-3f53-41e1-ac05-9e90d7f395a2","Type":"Concept"}},{"NoteLiteral":"16","Subject":{"InScheme":{"Id":"urn:eciu:note","Type":"ConceptScheme"},"PrefLabel":{"En":"MaximumNumberOfSeats"},"Id":"cce4d0db-3f53-41e1-ac05-9e90d7f395a2","Type":"Concept"}},{"NoteLiteral":"False","Subject":{"InScheme":{"Id":"urn:eciu:note","Type":"ConceptScheme"},"PrefLabel":{"En":"ECIULMSENabled"},"Id":"cce4d0db-3f53-41e1-ac05-9e90d7f395a2","Type":"Concept"}},{"NoteLiteral":"","Subject":{"InScheme":{"Id":"urn:eciu:note","Type":"ConceptScheme"},"PrefLabel":{"En":"LMSUrl"},"Id":"cce4d0db-3f53-41e1-ac05-9e90d7f395a2","Type":"Concept"}},{"NoteLiteral":"","Subject":{"InScheme":{"Id":"urn:eciu:note","Type":"ConceptScheme"},"PrefLabel":{"En":"TeamAccessDate"},"Id":"cce4d0db-3f53-41e1-ac05-9e90d7f395a2","Type":"Concept"}},{"NoteLiteral":"false","Subject":{"InScheme":{"Id":"urn:eciu:note","Type":"ConceptScheme"},"PrefLabel":{"En":"SelfPaced"},"Id":"cce4d0db-3f53-41e1-ac05-9e90d7f395a2","Type":"Concept"}},{"NoteLiteral":"0","Subject":{"InScheme":{"Id":"urn:eciu:note","Type":"ConceptScheme"},"PrefLabel":{"En":"Pace"},"Id":"cce4d0db-3f53-41e1-ac05-9e90d7f395a2","Type":"Concept"}},{"NoteLiteral":"Standard","Subject":{"InScheme":{"Id":"urn:eciu:note","Type":"ConceptScheme"},"PrefLabel":{"En":"Scope"},"Id":"cce4d0db-3f53-41e1-ac05-9e90d7f395a2","Type":"Concept"}}],"Id":"urn:eciu:learningOpportunity:cce4d0db-3f53-41e1-ac05-9e90d7f395a2","Type":"LearningOpportunity"}