{"Mode":{"InScheme":{"Id":"http://data.europa.eu/snb/learning-assessment/25831c2","Type":"ConceptScheme"},"PrefLabel":{"En":"Online"},"Id":"http://data.europa.eu/snb/learning-assessment/920fbb3cbe","Type":"Concept"},"DcType":null,"Title":{"En":"Solar-Driven Chemistry"},"AdmissionsProcedure":null,"ApplicationDeadline":"2024-10-11","Description":{"En":"**Prerequisites for the course: General chemistry knowledge required (For example: Chemistry for engineers 1 \u0026 Chemistry for engineers 2 )**\n\nThe course deals with important and timely topics devoted to solar energy harvesting, conversion, and storage. The core contents of the course can be summarized as follows:\n\n1. Global energy scenario and the importance of solar energy\n2. Principles of solar energy conversion and storage\n3. Photovoltaics (inorganic, organic, hybrid, from solar cells to modules)\n4. Conversion of solar energy into chemical energy (e.g., solar fuels)\n5. How to store solar energy \u2013 case study: batteries\n6. Chemistry of materials for solar energy conversion and storage\n7. Environmental impact of solar energy technologies\n8. Challenge-based work related to the topics of the course"},"LearningAchievementSpecification":{"EQFLevel":{"InScheme":{"Id":"http://data.europa.eu/snb/eqf/25831c2","Type":"ConceptScheme"},"PrefLabel":{"En":"Level 6"},"Id":"http://data.europa.eu/snb/eqf/6","Type":"Concept"},"CreditPoint":{"Framework":{"InScheme":{"Id":"http://data.europa.eu/snb/education-credit/25831c2","Type":"ConceptScheme"},"PrefLabel":{"En":"European Credit Transfer System"},"Id":"http://data.europa.eu/snb/education-credit/6fcec5c5af","Type":"Concept"},"Point":"3,0","Id":"urn:epass:creditPoint:94a2fcfc-291f-ef11-840a-7c1e5226a373","Type":"CreditPoint"},"LearningOutcome":[{"Title":{"En":"Environmental aspects of solar energy-driven applications"},"RelatedESCOSkill":[{"Notation":"Skill","InScheme":{"Id":"http://data.europa.eu/esco/concept-scheme/skills","Type":"ConceptScheme"},"PrefLabel":{"En":"work in teams"},"Id":"http://data.europa.eu/esco/skill/60c78287-22eb-4103-9c8c-28deaa460da0","Type":"Concept"},{"Notation":"Skill","InScheme":{"Id":"http://data.europa.eu/esco/concept-scheme/skills","Type":"ConceptScheme"},"PrefLabel":{"En":"supporting others"},"Id":"http://data.europa.eu/esco/skill/82463bb1-85d1-4e99-a4ce-08508fc3b2a3","Type":"Concept"},{"Notation":"Skill","InScheme":{"Id":"http://data.europa.eu/esco/concept-scheme/skills","Type":"ConceptScheme"},"PrefLabel":{"En":"communicating"},"Id":"http://data.europa.eu/esco/skill/6f142deb-03a9-4cd7-94ce-e0f023ae2169","Type":"Concept"}],"AdditionalNote":{"NoteLiteral":{"En":"The student will be able to analyze the environmental aspects of solar energy-driven applications."},"Id":"urn:eciu:note:862af108-2a1f-ef11-840a-000d3a2a7e23","Type":"Note"},"Id":"urn:epass:learningOutcome:94a2fcfc-291f-ef11-840a-7c1e5226a373-1","Type":"LearningOutcome"},{"Title":{"En":"Present energy scenario"},"RelatedESCOSkill":[{"Notation":"Skill","InScheme":{"Id":"http://data.europa.eu/esco/concept-scheme/skills","Type":"ConceptScheme"},"PrefLabel":{"En":"energy storage systems"},"Id":"http://data.europa.eu/esco/skill/6c6daac0-80f5-431f-a33f-c5b722094657","Type":"Concept"}],"AdditionalNote":{"NoteLiteral":{"En":"The student will be able to describe the present energy scenario and explain the need for energy conversion and storage."},"Id":"urn:eciu:note:4ea3324f-9c63-ef11-bfe2-000d3aaca11f","Type":"Note"},"Id":"urn:epass:learningOutcome:94a2fcfc-291f-ef11-840a-7c1e5226a373-2","Type":"LearningOutcome"},{"Title":{"En":"Solar energy conversion"},"RelatedESCOSkill":[{"Notation":"Skill","InScheme":{"Id":"http://data.europa.eu/esco/concept-scheme/skills","Type":"ConceptScheme"},"PrefLabel":{"En":"energy transformation"},"Id":"http://data.europa.eu/esco/skill/106b9659-4b9a-4ce2-8d16-80add5bf81b0","Type":"Concept"}],"AdditionalNote":{"NoteLiteral":{"En":"The student will be able to outline the fundamental principles of solar energy conversion."},"Id":"urn:eciu:note:544dcb04-2a1f-ef11-840a-6045bd8b3656","Type":"Note"},"Id":"urn:epass:learningOutcome:94a2fcfc-291f-ef11-840a-7c1e5226a373-3","Type":"LearningOutcome"},{"Title":{"En":"Solar energy harnessing technologies"},"RelatedESCOSkill":[{"Notation":"Skill","InScheme":{"Id":"http://data.europa.eu/esco/concept-scheme/skills","Type":"ConceptScheme"},"PrefLabel":{"En":"solar energy"},"Id":"http://data.europa.eu/esco/skill/05e5e14f-ffa6-4106-b311-c6335ccc2bd2","Type":"Concept"}],"AdditionalNote":{"NoteLiteral":{"En":"The student will be able to list and explain the various technologies that are used to harness the potential of solar energy (e.g., photovoltaics, solar fuels, storage)."},"Id":"urn:eciu:note:754dcb04-2a1f-ef11-840a-6045bd8b3656","Type":"Note"},"Id":"urn:epass:learningOutcome:94a2fcfc-291f-ef11-840a-7c1e5226a373-4","Type":"LearningOutcome"},{"Title":{"En":"Chemistry of the materials"},"RelatedESCOSkill":[{"Notation":"Skill","InScheme":{"Id":"http://data.europa.eu/esco/concept-scheme/skills","Type":"ConceptScheme"},"PrefLabel":{"En":"design solar energy systems"},"Id":"http://data.europa.eu/esco/skill/50ac5186-bb18-4ffb-9f29-00636853c8ea","Type":"Concept"}],"AdditionalNote":{"NoteLiteral":{"En":"The student will be able to explain the function of on the individual components involved in the utilization of solar energy with a focus on the chemistry of the materials."},"Id":"urn:eciu:note:0274db0a-2a1f-ef11-840a-6045bd8b3656","Type":"Note"},"Id":"urn:epass:learningOutcome:94a2fcfc-291f-ef11-840a-7c1e5226a373-5","Type":"LearningOutcome"}],"LearningSetting":null,"Mode":null,"Title":{"En":"Solar-Driven Chemistry"},"DcType":null,"HomePage":null,"VolumeOfLearning":null,"Id":"urn:eciu:qualification:94a2fcfc-291f-ef11-840a-7c1e5226a373","Type":"Qualification"},"IsPartOf":{"Mode":null,"DcType":null,"Title":{"En":"Solar-Driven Chemistry"},"AdmissionsProcedure":null,"ApplicationDeadline":null,"Description":null,"LearningAchievementSpecification":null,"IsPartOf":null,"Temporal":null,"ProvidedBy":null,"LearningActivitySpecification":null,"BannerImage":null,"MoreInformation":[{"NoteLiteral":"KEM.370","Subject":{"InScheme":{"Id":"urn:eciu:note","Type":"ConceptScheme"},"PrefLabel":{"En":"EducationIdentifier"},"Id":"245e4ce6-4d51-ee11-be6d-6045bd886fac","Type":"Concept"}}],"Id":"urn:eciu:learningOpportunity:245e4ce6-4d51-ee11-be6d-6045bd886fac","Type":"LearningOpportunity"},"Temporal":{"EndDate":"2024-10-22T00:00:00Z","Name":{"En":"Temporal"},"StartDate":"2024-12-05T00:00:00Z"},"ProvidedBy":{"Location":null,"Logo":null,"LegalName":{"En":"TAMPEREEN KORKEAKOULUSAATIO SR (TAU)"},"Registration":null,"Homepage":null,"Id":"urn:eciu:org:8f142831-6a54-ed11-bba2-6045bd886566","Type":"Organisation"},"LearningActivitySpecification":{"Mode":null,"DcType":null,"Title":{"En":""},"Description":null,"MoreInformation":[{"NoteLiteral":"The course is assessed based on spoken and written learning tasks. Some tasks can be assessed with pass/fail and others using numerical grading. The student should collect at least the minimum points from each category listed below:\n\n- Moodle questions from lectures: max 48\u00A0points, min 16\n- Presentation/opponent: max 12 points, min 4\n- Challenge: max 30 points, min 10\n\nThere is no final exam\n\nScale of grading is 1\u20135\n\nBE AWARE THESE TIMES ARE FINNISH TIME ZONE! (GMT\u002B3 right now, GMT\u002B2 during the winter time).\n\nThe course is online and there is no mobility involved.","Subject":{"InScheme":{"Id":"urn:eciu:note","Type":"ConceptScheme"},"PrefLabel":{"En":"ParticipantInformation"},"Id":"94a2fcfc-291f-ef11-840a-7c1e5226a373","Type":"Concept"}}],"HasPart":null,"Id":"urn:eciu:learningActivitySpec:94a2fcfc-291f-ef11-840a-7c1e5226a373","Type":"LearningActivitySpecification"},"BannerImage":null,"MoreInformation":[{"NoteLiteral":"","Subject":{"InScheme":{"Id":"urn:eciu:note","Type":"ConceptScheme"},"PrefLabel":{"En":"SourceIdentifier"},"Id":"94a2fcfc-291f-ef11-840a-7c1e5226a373","Type":"Concept"}},{"NoteLiteral":"Online Challenge","Subject":{"InScheme":{"Id":"urn:eciu:note","Type":"ConceptScheme"},"PrefLabel":{"En":"SubTitle"},"Id":"94a2fcfc-291f-ef11-840a-7c1e5226a373","Type":"Concept"}},{"NoteLiteral":"This course offers students the opportunity to gain knowledge of solar energy, solar cells, solar fuels, and artificial photosynthesis. Part of the course consists of typical lectures and the other part of the course will be resolving a challenge as part of a team provided by Liquid Sun (https://www.liquidsun.co/). The challenge is done completely online and there is no on-site studying.","Subject":{"InScheme":{"Id":"urn:eciu:note","Type":"ConceptScheme"},"PrefLabel":{"En":"Introduction"},"Id":"94a2fcfc-291f-ef11-840a-7c1e5226a373","Type":"Concept"}},{"NoteLiteral":"True","Subject":{"InScheme":{"Id":"urn:eciu:note","Type":"ConceptScheme"},"PrefLabel":{"En":"GenerateMicroCredentials"},"Id":"94a2fcfc-291f-ef11-840a-7c1e5226a373","Type":"Concept"}},{"NoteLiteral":"There is no specific admission process and the first 20 student to enroll will be accepted on the course . **However, it is expected for all students to have previous general knowledge of Chemistry (e.g. Chemistry for Engineers 1 \u0026 Chemistry for Engineers 2).** After signing up to the course and you will receive and activate your TUNI credentials. Once activated you will be able to access Tampere University\u0027s Moodle.","Subject":{"InScheme":{"Id":"urn:eciu:note","Type":"ConceptScheme"},"PrefLabel":{"En":"AdmissionProcessInformation"},"Id":"94a2fcfc-291f-ef11-840a-7c1e5226a373","Type":"Concept"}},{"NoteLiteral":"True","Subject":{"InScheme":{"Id":"urn:eciu:note","Type":"ConceptScheme"},"PrefLabel":{"En":"SimplifiedAdmissionProcess"},"Id":"94a2fcfc-291f-ef11-840a-7c1e5226a373","Type":"Concept"}},{"NoteLiteral":"2024-09-01","Subject":{"InScheme":{"Id":"urn:eciu:note","Type":"ConceptScheme"},"PrefLabel":{"En":"ApplicationPeriodStartDate"},"Id":"94a2fcfc-291f-ef11-840a-7c1e5226a373","Type":"Concept"}},{"NoteLiteral":"20","Subject":{"InScheme":{"Id":"urn:eciu:note","Type":"ConceptScheme"},"PrefLabel":{"En":"MaximumNumberOfSeats"},"Id":"94a2fcfc-291f-ef11-840a-7c1e5226a373","Type":"Concept"}},{"NoteLiteral":"False","Subject":{"InScheme":{"Id":"urn:eciu:note","Type":"ConceptScheme"},"PrefLabel":{"En":"ECIULMSENabled"},"Id":"94a2fcfc-291f-ef11-840a-7c1e5226a373","Type":"Concept"}},{"NoteLiteral":"","Subject":{"InScheme":{"Id":"urn:eciu:note","Type":"ConceptScheme"},"PrefLabel":{"En":"LMSUrl"},"Id":"94a2fcfc-291f-ef11-840a-7c1e5226a373","Type":"Concept"}},{"NoteLiteral":"","Subject":{"InScheme":{"Id":"urn:eciu:note","Type":"ConceptScheme"},"PrefLabel":{"En":"TeamAccessDate"},"Id":"94a2fcfc-291f-ef11-840a-7c1e5226a373","Type":"Concept"}},{"NoteLiteral":"false","Subject":{"InScheme":{"Id":"urn:eciu:note","Type":"ConceptScheme"},"PrefLabel":{"En":"SelfPaced"},"Id":"94a2fcfc-291f-ef11-840a-7c1e5226a373","Type":"Concept"}},{"NoteLiteral":"25","Subject":{"InScheme":{"Id":"urn:eciu:note","Type":"ConceptScheme"},"PrefLabel":{"En":"Pace"},"Id":"94a2fcfc-291f-ef11-840a-7c1e5226a373","Type":"Concept"}},{"NoteLiteral":"Mini","Subject":{"InScheme":{"Id":"urn:eciu:note","Type":"ConceptScheme"},"PrefLabel":{"En":"Scope"},"Id":"94a2fcfc-291f-ef11-840a-7c1e5226a373","Type":"Concept"}}],"Id":"urn:eciu:learningOpportunity:94a2fcfc-291f-ef11-840a-7c1e5226a373","Type":"LearningOpportunity"}