{"Mode":{"InScheme":{"Id":"http://data.europa.eu/snb/learning-assessment/25831c2","Type":"ConceptScheme"},"PrefLabel":{"En":"Online"},"Id":"http://data.europa.eu/snb/learning-assessment/920fbb3cbe","Type":"Concept"},"DcType":null,"Title":{"En":"Elements of AI, Part 2: Building AI"},"AdmissionsProcedure":null,"ApplicationDeadline":"2025-06-01","Description":{"En":"**Module content**\n\nThis micro-module aims to introduce\u00A0practical AI, focusing on basic\u00A0machine learning. The goal is to understand\u00A0how to\u00A0build AI systems using machine learning,\u00A0gain insight into the\u00A0possibilities and limitations\u00A0of the\u00A0technology,\u00A0and to get an overview of common\u00A0methods for machine learning.\n\n**Module outline**\n\nElements of AI, Part 2: Building AI is\u00A0an online module that you can take at your own pace. Simply go to the following website and start the course after you\u0027ve been admitted:\u00A0[https://buildingai.elementsofai.com/](https://buildingai.elementsofai.com/).\n\nThe micro-module is based on self-study and is examined with self-correcting tests and submissions. If you have completed the online module Elements of AI, Part 2:\u00A0Building AI\u00A0with advanced honors,\u00A0you can have your results validated. This includes a validation test with questions similar to those found in\u00A0Elements\u00A0of AI, Part 2:\u00A0Building\u00A0AI. For more information see the module\u0027s info page:\u00A0[Elements of AI, Part 2: Building AI](https://www.ida.liu.se/~ETE337/info/courseinfo.en.shtml)."},"LearningAchievementSpecification":{"EQFLevel":{"InScheme":{"Id":"http://data.europa.eu/snb/eqf/25831c2","Type":"ConceptScheme"},"PrefLabel":{"En":"Level 6"},"Id":"http://data.europa.eu/snb/eqf/6","Type":"Concept"},"CreditPoint":{"Framework":{"InScheme":{"Id":"http://data.europa.eu/snb/education-credit/25831c2","Type":"ConceptScheme"},"PrefLabel":{"En":"European Credit Transfer System"},"Id":"http://data.europa.eu/snb/education-credit/6fcec5c5af","Type":"Concept"},"Point":"2,0","Id":"urn:epass:creditPoint:b1c2cdcb-7063-4d5c-969d-30621a23a51e","Type":"CreditPoint"},"LearningOutcome":[{"Title":{"En":"Common methods in machine learning"},"RelatedESCOSkill":[{"Notation":"Skill","InScheme":{"Id":"http://data.europa.eu/esco/concept-scheme/skills","Type":"ConceptScheme"},"PrefLabel":{"En":"machine learning"},"Id":"http://data.europa.eu/esco/skill/3a2d5b45-56e4-4f5a-a55a-4a4a65afdc43","Type":"Concept"}],"AdditionalNote":{"NoteLiteral":{"En":"Give an account of common methods and models used in machine learning."},"Id":"urn:eciu:note:6664075d-50ae-ef11-b8e8-6045bd8e221f","Type":"Note"},"Id":"urn:epass:learningOutcome:b1c2cdcb-7063-4d5c-969d-30621a23a51e-1","Type":"LearningOutcome"},{"Title":{"En":"Machine Learning"},"RelatedESCOSkill":[{"Notation":"Skill","InScheme":{"Id":"http://data.europa.eu/esco/concept-scheme/skills","Type":"ConceptScheme"},"PrefLabel":{"En":"use ICT systems"},"Id":"http://data.europa.eu/esco/skill/31d35d3d-2bf2-49aa-9c20-92566ef80277","Type":"Concept"}],"AdditionalNote":{"NoteLiteral":{"En":"Describe what machine learning can be used for, as well as its possibilities and limitations."},"Id":"urn:eciu:note:e3dfccae-50ae-ef11-b8e8-6045bd8e221f","Type":"Note"},"Id":"urn:epass:learningOutcome:b1c2cdcb-7063-4d5c-969d-30621a23a51e-2","Type":"LearningOutcome"},{"Title":{"En":"Machine learning and data"},"RelatedESCOSkill":[{"Notation":"Skill","InScheme":{"Id":"http://data.europa.eu/esco/concept-scheme/skills","Type":"ConceptScheme"},"PrefLabel":{"En":"use IT tools"},"Id":"http://data.europa.eu/esco/skill/f632251a-4078-4546-b19f-7ef528d08325","Type":"Concept"}],"AdditionalNote":{"NoteLiteral":{"En":"Describe how data is used to train a machine learning model to solve a given problem."},"Id":"urn:eciu:note:8990bdd2-50ae-ef11-b8e8-6045bd8e221f","Type":"Note"},"Id":"urn:epass:learningOutcome:b1c2cdcb-7063-4d5c-969d-30621a23a51e-3","Type":"LearningOutcome"},{"Title":{"En":"Probability theory"},"RelatedESCOSkill":[{"Notation":"Skill","InScheme":{"Id":"http://data.europa.eu/esco/concept-scheme/skills","Type":"ConceptScheme"},"PrefLabel":{"En":"Identify statistical patterns"},"Id":"http://data.europa.eu/esco/skill/06670261-ea6b-4b52-a915-c7d4ff837f74","Type":"Concept"}],"AdditionalNote":{"NoteLiteral":{"En":"Describe the importance of handling uncertainty in machine learning and how probability theory can be used for this purpose."},"Id":"urn:eciu:note:f917dcf0-50ae-ef11-b8e8-6045bd8e221f","Type":"Note"},"Id":"urn:epass:learningOutcome:b1c2cdcb-7063-4d5c-969d-30621a23a51e-4","Type":"LearningOutcome"},{"Title":{"En":"Optimisation"},"RelatedESCOSkill":[{"Notation":"Skill","InScheme":{"Id":"http://data.europa.eu/esco/concept-scheme/skills","Type":"ConceptScheme"},"PrefLabel":{"En":"analyse big data"},"Id":"http://data.europa.eu/esco/skill/47a49cd6-097d-457a-9f7b-c290c14930d5","Type":"Concept"}],"AdditionalNote":{"NoteLiteral":{"En":"Describe how optimisation is used to train machine learning models."},"Id":"urn:eciu:note:0838c920-51ae-ef11-b8e8-6045bd8e221f","Type":"Note"},"Id":"urn:epass:learningOutcome:b1c2cdcb-7063-4d5c-969d-30621a23a51e-5","Type":"LearningOutcome"}],"LearningSetting":null,"Mode":null,"Title":{"En":"Elements of AI, Part 2: Building AI"},"DcType":null,"HomePage":null,"VolumeOfLearning":null,"Id":"urn:eciu:qualification:b1c2cdcb-7063-4d5c-969d-30621a23a51e","Type":"Qualification"},"IsPartOf":{"Mode":null,"DcType":null,"Title":{"En":"Elements of AI, Part 2: Building AI"},"AdmissionsProcedure":null,"ApplicationDeadline":null,"Description":null,"LearningAchievementSpecification":null,"IsPartOf":null,"Temporal":null,"ProvidedBy":null,"LearningActivitySpecification":null,"BannerImage":null,"MoreInformation":null,"Id":"urn:eciu:learningOpportunity:76019d99-d303-ef11-9f89-000d3a398ca7","Type":"LearningOpportunity"},"Temporal":{"EndDate":"2025-01-20T00:00:00Z","Name":{"En":"Temporal"},"StartDate":"2025-06-08T00:00:00Z"},"ProvidedBy":{"Location":null,"Logo":null,"LegalName":{"En":"LINKOPINGS UNIVERSITET (LIU)"},"Registration":null,"Homepage":null,"Id":"urn:eciu:org:f1122d1d-6a54-ed11-bba2-6045bd886566","Type":"Organisation"},"LearningActivitySpecification":{"Mode":null,"DcType":null,"Title":{"En":""},"Description":null,"MoreInformation":[{"NoteLiteral":"**The micro-module consists of five chapters:**\n\n1. Getting started with AI\n2. Dealing with uncertainty\n3. Machine learning\n4. Neural networks\n5. Conclusions\n\nRecommended self-study hours in total: 53 h\n\nFor more information, please check out the\u00A0[syllabus for the micro-module](https://studieinfo.liu.se/en/kurs/ETE337/vt-2025).","Subject":{"InScheme":{"Id":"urn:eciu:note","Type":"ConceptScheme"},"PrefLabel":{"En":"ParticipantInformation"},"Id":"b1c2cdcb-7063-4d5c-969d-30621a23a51e","Type":"Concept"}}],"HasPart":null,"Id":"urn:eciu:learningActivitySpec:b1c2cdcb-7063-4d5c-969d-30621a23a51e","Type":"LearningActivitySpecification"},"BannerImage":null,"MoreInformation":[{"NoteLiteral":"","Subject":{"InScheme":{"Id":"urn:eciu:note","Type":"ConceptScheme"},"PrefLabel":{"En":"SourceIdentifier"},"Id":"b1c2cdcb-7063-4d5c-969d-30621a23a51e","Type":"Concept"}},{"NoteLiteral":"Learn about the practical methods that make artificial intelligence a reality","Subject":{"InScheme":{"Id":"urn:eciu:note","Type":"ConceptScheme"},"PrefLabel":{"En":"SubTitle"},"Id":"b1c2cdcb-7063-4d5c-969d-30621a23a51e","Type":"Concept"}},{"NoteLiteral":"Building AI a flexible online module for anyone who wants to learn about \nhow practical AI systems can be constructed using machine learning. You will get a solid introduction to machine learning and neural networks, and  will learn where and how AI methods are applied in real life. It is easy to move freely between the three difficulty levels, from multiple choice exercises to programming with Python \u2013 depending on whether you know programming or not.","Subject":{"InScheme":{"Id":"urn:eciu:note","Type":"ConceptScheme"},"PrefLabel":{"En":"Introduction"},"Id":"b1c2cdcb-7063-4d5c-969d-30621a23a51e","Type":"Concept"}},{"NoteLiteral":"True","Subject":{"InScheme":{"Id":"urn:eciu:note","Type":"ConceptScheme"},"PrefLabel":{"En":"GenerateMicroCredentials"},"Id":"b1c2cdcb-7063-4d5c-969d-30621a23a51e","Type":"Concept"}},{"NoteLiteral":"**Flexible admission**\n\n**Entry requirements:**\u00A0admitted to studies at university level.\n\n**Supporting documentation:**\n\nAll applicants are required to submit a\u00A0transcript of records.\n\nIt is highly recommended to take the micro-module\u00A0[Elements of AI](https://engage.eciu.eu/micro-modules/0fb06c9f-9f03-ef11-9f89-000d3a398ca7/elements-of-ai)\u00A0before you take the Elements of AI, Part 2: Building AI.\n\nTo process your application we will\u00A0 also need the following information:\n\n- Name and\u00A0Surname\n- Legal sex (female/male)\n- Date of birth\n- Valid home address and phone number\n\nThis is necessary for the activation of your account at Link\u00F6ping University and to get access to the study material and the learning management system. Please fill in the above information in your profile on the ECIU engage platform, it will make the process much easier and faster for everyone.\n\nApplications will be continuously processed during the application period. Submitted applications will be assessed once a week (usually Mondays) and the applicants will receive a results notification shortly after that.\n\nIf admitted, the student will receive further instructions regarding the next steps in the process by the host university.","Subject":{"InScheme":{"Id":"urn:eciu:note","Type":"ConceptScheme"},"PrefLabel":{"En":"AdmissionProcessInformation"},"Id":"b1c2cdcb-7063-4d5c-969d-30621a23a51e","Type":"Concept"}},{"NoteLiteral":"False","Subject":{"InScheme":{"Id":"urn:eciu:note","Type":"ConceptScheme"},"PrefLabel":{"En":"SimplifiedAdmissionProcess"},"Id":"b1c2cdcb-7063-4d5c-969d-30621a23a51e","Type":"Concept"}},{"NoteLiteral":"2025-01-13","Subject":{"InScheme":{"Id":"urn:eciu:note","Type":"ConceptScheme"},"PrefLabel":{"En":"ApplicationPeriodStartDate"},"Id":"b1c2cdcb-7063-4d5c-969d-30621a23a51e","Type":"Concept"}},{"NoteLiteral":"50","Subject":{"InScheme":{"Id":"urn:eciu:note","Type":"ConceptScheme"},"PrefLabel":{"En":"MaximumNumberOfSeats"},"Id":"b1c2cdcb-7063-4d5c-969d-30621a23a51e","Type":"Concept"}},{"NoteLiteral":"False","Subject":{"InScheme":{"Id":"urn:eciu:note","Type":"ConceptScheme"},"PrefLabel":{"En":"ECIULMSENabled"},"Id":"b1c2cdcb-7063-4d5c-969d-30621a23a51e","Type":"Concept"}},{"NoteLiteral":"","Subject":{"InScheme":{"Id":"urn:eciu:note","Type":"ConceptScheme"},"PrefLabel":{"En":"LMSUrl"},"Id":"b1c2cdcb-7063-4d5c-969d-30621a23a51e","Type":"Concept"}},{"NoteLiteral":"","Subject":{"InScheme":{"Id":"urn:eciu:note","Type":"ConceptScheme"},"PrefLabel":{"En":"TeamAccessDate"},"Id":"b1c2cdcb-7063-4d5c-969d-30621a23a51e","Type":"Concept"}},{"NoteLiteral":"false","Subject":{"InScheme":{"Id":"urn:eciu:note","Type":"ConceptScheme"},"PrefLabel":{"En":"SelfPaced"},"Id":"b1c2cdcb-7063-4d5c-969d-30621a23a51e","Type":"Concept"}},{"NoteLiteral":"0","Subject":{"InScheme":{"Id":"urn:eciu:note","Type":"ConceptScheme"},"PrefLabel":{"En":"Pace"},"Id":"b1c2cdcb-7063-4d5c-969d-30621a23a51e","Type":"Concept"}},{"NoteLiteral":"Standard","Subject":{"InScheme":{"Id":"urn:eciu:note","Type":"ConceptScheme"},"PrefLabel":{"En":"Scope"},"Id":"b1c2cdcb-7063-4d5c-969d-30621a23a51e","Type":"Concept"}}],"Id":"urn:eciu:learningOpportunity:b1c2cdcb-7063-4d5c-969d-30621a23a51e","Type":"LearningOpportunity"}