{"Mode":{"InScheme":{"Id":"http://data.europa.eu/snb/learning-assessment/25831c2","Type":"ConceptScheme"},"PrefLabel":{"En":"Blended"},"Id":"http://data.europa.eu/snb/learning-assessment/e92d221e4d","Type":"Concept"},"DcType":null,"Title":{"En":"Industry Project Management Masterclass SS24_25"},"AdmissionsProcedure":{"NoteLiteral":{"En":"Application deadline: 31 March, 2025\n\n\nMinimum 90 ECTS credits obtained in the business area.\n\n\nLanguage proficiency level \u2013 B2 (CEFR)\n\n\nRecruitment documents (in English only): CV, transcript of records and motivation letter containing\n\ninformation about the student\u2019s personal motivation to join the challenge, attitude towards\n\nexperimenting and trying out new educational models.\n\n\nWhen admitted, you will be contacted by the host university regarding the next steps in the process."},"Id":"urn:eciu:note:9f10de34-8e22-4596-8b02-2889f15b149b","Type":"Note"},"ApplicationDeadline":"2025-03-31","Description":{"En":"In this learning opportunity, conducted by the Faculty of Organization and Management of Lodz\u00A0University of Technology in collaboration with Kaunas University of Technology and Dublin City\u00A0University, students have the opportunity to participate in remote classes, where they gain knowledge\u00A0and skills in CBL and computer simulation methods, as well as a face-to-face week in \u0141\u00F3d\u017A, Poland.\u00A0\n\nUpon completion of the program, students will receive a certificate of participation and a certification in\u00A0computer simulation issued by the REVAS company.\u00A0This challenge is targeted at students of business faculties and those interested in\u00A0synchronous/asynchronous learning through computer simulations. You will be introduced to the CBL\u00A0method, Miro, Wikamp Port (Lodz University of Technology learning management system LMS), and the specifics\u00A0of computer simulations, and work collaboratively in project teams consisting of approximately 3 to 5\u00A0people. The challenge culminates in presentations of the outcomes achieved by each team during a\u00A0face-to-face meeting in \u0141\u00F3d\u017A. Emphasis is placed on communication, feedback, peer learning, and self-development."},"LearningAchievementSpecification":{"EQFLevel":{"InScheme":{"Id":"http://data.europa.eu/snb/eqf/25831c2","Type":"ConceptScheme"},"PrefLabel":{"En":"Level 6"},"Id":"http://data.europa.eu/snb/eqf/6","Type":"Concept"},"CreditPoint":{"Framework":{"InScheme":{"Id":"http://data.europa.eu/snb/education-credit/25831c2","Type":"ConceptScheme"},"PrefLabel":{"En":"European Credit Transfer System"},"Id":"http://data.europa.eu/snb/education-credit/6fcec5c5af","Type":"Concept"},"Point":"9,0","Id":"urn:epass:creditPoint:9f10de34-8e22-4596-8b02-2889f15b149b","Type":"CreditPoint"},"LearningOutcome":[{"Title":{"En":"Learning Outcome 1"},"RelatedESCOSkill":[],"AdditionalNote":{"NoteLiteral":{"En":"use collaborative tools in online workshops"},"Id":"urn:eciu:note:32678869-92e3-ef11-a730-6045bd8ba04c","Type":"Note"},"Id":"urn:epass:learningOutcome:9f10de34-8e22-4596-8b02-2889f15b149b-1","Type":"LearningOutcome"},{"Title":{"En":"Learning Outcome 2"},"RelatedESCOSkill":[],"AdditionalNote":{"NoteLiteral":{"En":"design and present problem solutions adequate for CBL method"},"Id":"urn:eciu:note:a257edb1-92e3-ef11-a730-6045bd8ba04c","Type":"Note"},"Id":"urn:epass:learningOutcome:9f10de34-8e22-4596-8b02-2889f15b149b-2","Type":"LearningOutcome"},{"Title":{"En":"Learning Outcome 3"},"RelatedESCOSkill":[],"AdditionalNote":{"NoteLiteral":{"En":"based on result analysis, make effective decisions in problem solving"},"Id":"urn:eciu:note:22d70ce2-92e3-ef11-a730-6045bd8ba04c","Type":"Note"},"Id":"urn:epass:learningOutcome:9f10de34-8e22-4596-8b02-2889f15b149b-3","Type":"LearningOutcome"},{"Title":{"En":"Learning Outcome 4"},"RelatedESCOSkill":[],"AdditionalNote":{"NoteLiteral":{"En":"collaborate in international groups in various teamwork modalities"},"Id":"urn:eciu:note:1027cd06-93e3-ef11-a730-6045bd8ba04c","Type":"Note"},"Id":"urn:epass:learningOutcome:9f10de34-8e22-4596-8b02-2889f15b149b-4","Type":"LearningOutcome"},{"Title":{"En":"Learning Outcome 5"},"RelatedESCOSkill":[],"AdditionalNote":{"NoteLiteral":{"En":"critically analyze and engage with cultural issues, demonstrating the ability to apply inclusive practices in diverse settings by respecting, understanding, and addressing cultural differences."},"Id":"urn:eciu:note:1409b055-93e3-ef11-a730-6045bd8ba04c","Type":"Note"},"Id":"urn:epass:learningOutcome:9f10de34-8e22-4596-8b02-2889f15b149b-5","Type":"LearningOutcome"}],"LearningSetting":null,"Mode":null,"Title":{"En":"Industry Project Management Masterclass SS24_25"},"DcType":null,"HomePage":null,"VolumeOfLearning":"PT0H","Id":"urn:eciu:qualification:9f10de34-8e22-4596-8b02-2889f15b149b","Type":"Qualification"},"IsPartOf":{"Mode":null,"DcType":null,"Title":{"En":"Industry Project Management Masterclass SS24_25"},"AdmissionsProcedure":null,"ApplicationDeadline":null,"Description":null,"LearningAchievementSpecification":null,"IsPartOf":null,"Temporal":null,"ProvidedBy":null,"LearningActivitySpecification":null,"BannerImage":null,"MoreInformation":null,"Id":"urn:eciu:learningOpportunity:23b047bd-2ed7-ef11-a72f-6045bd9f7aba","Type":"LearningOpportunity"},"Temporal":{"EndDate":"2025-05-06T00:00:00Z","Name":{"En":"Temporal"},"StartDate":"2025-06-27T00:00:00Z"},"ProvidedBy":{"Location":null,"Logo":null,"LegalName":{"En":"POLITECHNIKA LODZKA (TUL)"},"Registration":null,"Homepage":null,"Id":"urn:eciu:org:71f04a2a-6a54-ed11-bba2-6045bd886566","Type":"Organisation"},"LearningActivitySpecification":{"Mode":null,"DcType":null,"Title":{"En":""},"Description":null,"MoreInformation":[{"NoteLiteral":"The challenge will be run from May 6/ to June 27, 2025  \n\nOnline meetings will take place on Tuesdays from 16:00 to 20:00 CET on: May 6 (Introduction), May 13 (Engage stage); May 20, May 27, June 3 (Investigate stage); June 10 (Act stage) On-site, face-to-face meeting in Poland (Act stage) will take place from June 23 to June 27, 2025 (10:00-16:00 CET every day). All participants are invited to spend a week at Lodz University of Technology campus in \u0141\u00F3d\u017A where they will collaborate, integrate, and participate in cultural activities. This week is an integral part of the programme, and therefore is not optional.  \n\nPlease check with your ECIU mobility officer if you are eligible for an Erasmus\u002B grant (BIP) and apply for this ECIU Challenge. Successful candidates will receive full details of travel and accommodation suggestion options on being enrolled to the intensive programme\n\nThis challenge promotes international mobility and has the format of the Erasmus\u002B Blended Intensive Programme. The total workload is 50 hours, of which 30 are contact hours and 20 online hours (5 days online and 5 days face-to-face). [\\*Embedded MM 5 online\u002B6 on-site]\u00A0\n\nThe learning outcomes are assessed as follows:\n\nLO 1: Revas certificate\n\nLO 2: presentation (f2f meeting)\n\nLO 3: reports\n\nLO 4: peer-review, teacher observations, meeting minutes\n\nLO 5: observations\n\nEvaluation is based on the on-site final presentation (pitch) of a project resulting from the virtual component and the findings developed during the face-to-face meeting in the company in \u0141\u00F3d\u017A.  \n\nThe final mark is calculated as follows: on-line 50% \u002B on-site 50% (60% positive evaluation is required\u00A0to pass the course).","Subject":{"InScheme":{"Id":"urn:eciu:note","Type":"ConceptScheme"},"PrefLabel":{"En":"ParticipantInformation"},"Id":"9f10de34-8e22-4596-8b02-2889f15b149b","Type":"Concept"}}],"HasPart":[{"Mode":{"InScheme":{"Id":"http://data.europa.eu/snb/learning-assessment/25831c2","Type":"ConceptScheme"},"PrefLabel":{"En":"Online"},"Id":"http://data.europa.eu/snb/learning-assessment/920fbb3cbe","Type":"Concept"},"DcType":{"InScheme":{"Id":"http://data.europa.eu/snb/learning-activity/25831c2","Type":"ConceptScheme"},"PrefLabel":{"En":"e-learning coursework"},"Id":"http://data.europa.eu/snb/learning-activity/bf2e3a7bae","Type":"Concept"},"Title":{"En":"CBL-based activities and cases"},"Description":null,"MoreInformation":null,"HasPart":null,"Id":"urn:eciu:learningActivitySpec:8dd83af2-93e3-ef11-a730-6045bd8ba04c","Type":"LearningActivitySpecification"},{"Mode":{"InScheme":{"Id":"http://data.europa.eu/snb/learning-assessment/25831c2","Type":"ConceptScheme"},"PrefLabel":{"En":"Online"},"Id":"http://data.europa.eu/snb/learning-assessment/920fbb3cbe","Type":"Concept"},"DcType":{"InScheme":{"Id":"http://data.europa.eu/snb/learning-activity/25831c2","Type":"ConceptScheme"},"PrefLabel":{"En":"research"},"Id":"http://data.europa.eu/snb/learning-activity/a7e556215a","Type":"Concept"},"Title":{"En":"Computer generated reports"},"Description":null,"MoreInformation":null,"HasPart":null,"Id":"urn:eciu:learningActivitySpec:dd23a82e-94e3-ef11-a730-6045bd8ba04c","Type":"LearningActivitySpecification"},{"Mode":{"InScheme":{"Id":"http://data.europa.eu/snb/learning-assessment/25831c2","Type":"ConceptScheme"},"PrefLabel":{"En":"Online"},"Id":"http://data.europa.eu/snb/learning-assessment/920fbb3cbe","Type":"Concept"},"DcType":{"InScheme":{"Id":"http://data.europa.eu/snb/learning-activity/25831c2","Type":"ConceptScheme"},"PrefLabel":{"En":"lab / simulation / practice coursework"},"Id":"http://data.europa.eu/snb/learning-activity/3c8bd58d62","Type":"Concept"},"Title":{"En":"Computer simulations"},"Description":null,"MoreInformation":null,"HasPart":null,"Id":"urn:eciu:learningActivitySpec:2006b75e-94e3-ef11-a730-6045bd8ba04c","Type":"LearningActivitySpecification"},{"Mode":{"InScheme":{"Id":"http://data.europa.eu/snb/learning-assessment/25831c2","Type":"ConceptScheme"},"PrefLabel":{"En":"Presential"},"Id":"http://data.europa.eu/snb/learning-assessment/9191af2ed9","Type":"Concept"},"DcType":{"InScheme":{"Id":"http://data.europa.eu/snb/learning-activity/25831c2","Type":"ConceptScheme"},"PrefLabel":{"En":"educational programme"},"Id":"http://data.europa.eu/snb/learning-activity/fd33e234ae","Type":"Concept"},"Title":{"En":"Cultural immersion activities"},"Description":null,"MoreInformation":null,"HasPart":null,"Id":"urn:eciu:learningActivitySpec:8198b78e-94e3-ef11-a730-6045bd8ba04c","Type":"LearningActivitySpecification"},{"Mode":{"InScheme":{"Id":"http://data.europa.eu/snb/learning-assessment/25831c2","Type":"ConceptScheme"},"PrefLabel":{"En":"Workbased"},"Id":"http://data.europa.eu/snb/learning-assessment/729f3bed4b","Type":"Concept"},"DcType":{"InScheme":{"Id":"http://data.europa.eu/snb/learning-activity/25831c2","Type":"ConceptScheme"},"PrefLabel":{"En":"job experience"},"Id":"http://data.europa.eu/snb/learning-activity/4357e0e681","Type":"Concept"},"Title":{"En":"Factory visit"},"Description":null,"MoreInformation":null,"HasPart":null,"Id":"urn:eciu:learningActivitySpec:43b2a9a6-94e3-ef11-a730-6045bd8ba04c","Type":"LearningActivitySpecification"},{"Mode":{"InScheme":{"Id":"http://data.europa.eu/snb/learning-assessment/25831c2","Type":"ConceptScheme"},"PrefLabel":{"En":"Online"},"Id":"http://data.europa.eu/snb/learning-assessment/920fbb3cbe","Type":"Concept"},"DcType":{"InScheme":{"Id":"http://data.europa.eu/snb/learning-activity/25831c2","Type":"ConceptScheme"},"PrefLabel":{"En":"workshop, seminar or conference"},"Id":"http://data.europa.eu/snb/learning-activity/efff75e10a","Type":"Concept"},"Title":{"En":"Presentation"},"Description":null,"MoreInformation":null,"HasPart":null,"Id":"urn:eciu:learningActivitySpec:c88422cb-94e3-ef11-a730-6045bd8ba04c","Type":"LearningActivitySpecification"}],"Id":"urn:eciu:learningActivitySpec:9f10de34-8e22-4596-8b02-2889f15b149b","Type":"LearningActivitySpecification"},"BannerImage":null,"MoreInformation":[{"NoteLiteral":"","Subject":{"InScheme":{"Id":"urn:eciu:note","Type":"ConceptScheme"},"PrefLabel":{"En":"SourceIdentifier"},"Id":"9f10de34-8e22-4596-8b02-2889f15b149b","Type":"Concept"}},{"NoteLiteral":"Practical Solutions for Managing Challenges in Industry through Simulations.","Subject":{"InScheme":{"Id":"urn:eciu:note","Type":"ConceptScheme"},"PrefLabel":{"En":"SubTitle"},"Id":"9f10de34-8e22-4596-8b02-2889f15b149b","Type":"Concept"}},{"NoteLiteral":"Are you ready to collaborate with a world-wide stakeholder and transform its managing industrial organization system? Through a real-world, challenge-based project, and working on-line and face-to-face in international teams, you will connect global and local issues and actions to design impactful solutions. Through business simulations, you will develop analytical, problem-framing, critical thinking, teamworking and leadership skills. During the face-to-face meeting, you will engage in workshops, experience a factory tour, listen to guest speakers and experts who will offer business insights.","Subject":{"InScheme":{"Id":"urn:eciu:note","Type":"ConceptScheme"},"PrefLabel":{"En":"Introduction"},"Id":"9f10de34-8e22-4596-8b02-2889f15b149b","Type":"Concept"}},{"NoteLiteral":"True","Subject":{"InScheme":{"Id":"urn:eciu:note","Type":"ConceptScheme"},"PrefLabel":{"En":"GenerateMicroCredentials"},"Id":"9f10de34-8e22-4596-8b02-2889f15b149b","Type":"Concept"}},{"NoteLiteral":"Application deadline: 31 March, 2025\n\nMinimum 90 ECTS credits obtained in the business area.\n\nLanguage proficiency level \u2013 B2 (CEFR)\n\nRecruitment documents (in English only): CV, transcript of records and motivation letter containing\u00A0information about the student\u2019s personal motivation to join the challenge, attitude towards\u00A0experimenting and trying out new educational models.\u00A0When admitted, you will be contacted by the host university regarding the next steps in the process.\u00A0\n\n5 meetings are organized online; 1 weekly face-to-face meeting takes place in \u0141\u00F3d\u017A.\n\nThis challenge has an embedded micromodule on Challenge-based Learning through cases,\u00A0conducted online and through MS Teams meetings.","Subject":{"InScheme":{"Id":"urn:eciu:note","Type":"ConceptScheme"},"PrefLabel":{"En":"AdmissionProcessInformation"},"Id":"9f10de34-8e22-4596-8b02-2889f15b149b","Type":"Concept"}},{"NoteLiteral":"False","Subject":{"InScheme":{"Id":"urn:eciu:note","Type":"ConceptScheme"},"PrefLabel":{"En":"SimplifiedAdmissionProcess"},"Id":"9f10de34-8e22-4596-8b02-2889f15b149b","Type":"Concept"}},{"NoteLiteral":"2025-02-02","Subject":{"InScheme":{"Id":"urn:eciu:note","Type":"ConceptScheme"},"PrefLabel":{"En":"ApplicationPeriodStartDate"},"Id":"9f10de34-8e22-4596-8b02-2889f15b149b","Type":"Concept"}},{"NoteLiteral":"30","Subject":{"InScheme":{"Id":"urn:eciu:note","Type":"ConceptScheme"},"PrefLabel":{"En":"MaximumNumberOfSeats"},"Id":"9f10de34-8e22-4596-8b02-2889f15b149b","Type":"Concept"}},{"NoteLiteral":"False","Subject":{"InScheme":{"Id":"urn:eciu:note","Type":"ConceptScheme"},"PrefLabel":{"En":"ECIULMSENabled"},"Id":"9f10de34-8e22-4596-8b02-2889f15b149b","Type":"Concept"}},{"NoteLiteral":"","Subject":{"InScheme":{"Id":"urn:eciu:note","Type":"ConceptScheme"},"PrefLabel":{"En":"LMSUrl"},"Id":"9f10de34-8e22-4596-8b02-2889f15b149b","Type":"Concept"}},{"NoteLiteral":"","Subject":{"InScheme":{"Id":"urn:eciu:note","Type":"ConceptScheme"},"PrefLabel":{"En":"TeamAccessDate"},"Id":"9f10de34-8e22-4596-8b02-2889f15b149b","Type":"Concept"}},{"NoteLiteral":"false","Subject":{"InScheme":{"Id":"urn:eciu:note","Type":"ConceptScheme"},"PrefLabel":{"En":"SelfPaced"},"Id":"9f10de34-8e22-4596-8b02-2889f15b149b","Type":"Concept"}},{"NoteLiteral":"50","Subject":{"InScheme":{"Id":"urn:eciu:note","Type":"ConceptScheme"},"PrefLabel":{"En":"Pace"},"Id":"9f10de34-8e22-4596-8b02-2889f15b149b","Type":"Concept"}},{"NoteLiteral":"Standard","Subject":{"InScheme":{"Id":"urn:eciu:note","Type":"ConceptScheme"},"PrefLabel":{"En":"Scope"},"Id":"9f10de34-8e22-4596-8b02-2889f15b149b","Type":"Concept"}}],"Id":"urn:eciu:learningOpportunity:9f10de34-8e22-4596-8b02-2889f15b149b","Type":"LearningOpportunity"}