{"Mode":{"InScheme":{"Id":"http://data.europa.eu/snb/learning-assessment/25831c2","Type":"ConceptScheme"},"PrefLabel":{"En":"Blended"},"Id":"http://data.europa.eu/snb/learning-assessment/e92d221e4d","Type":"Concept"},"DcType":null,"Title":{"En":"Creativity and Artificial Intelligence"},"AdmissionsProcedure":null,"ApplicationDeadline":"2025-03-11","Description":{"En":"In the face of the current AI revolution, Nobel laureate Christopher Pissarides recently cautioned against blindly studying STEM subjects and emphasised the need to foster creativity skills which he considers increasingly valuable in the workplace of tomorrow. Pointing in a similar direction, the World Economic Forum identifies creative thinking and AI as two essential future skills. This ECIU Challenge creates a learning context in which students in STEM and other areas of study can train these two highly important skills. In order to develop a relevant and sustainable solution to a challenge revolving around creativity in the era of AI, it is necessary to combine insights from different domains and disciplines. The course provides an environment in which the students bring their different disciplinary backgrounds and skills to the table to collaboratively work on such a solution"},"LearningAchievementSpecification":{"EQFLevel":{"InScheme":{"Id":"http://data.europa.eu/snb/eqf/25831c2","Type":"ConceptScheme"},"PrefLabel":{"En":"Level 7"},"Id":"http://data.europa.eu/snb/eqf/7","Type":"Concept"},"CreditPoint":{"Framework":{"InScheme":{"Id":"http://data.europa.eu/snb/education-credit/25831c2","Type":"ConceptScheme"},"PrefLabel":{"En":"European Credit Transfer System"},"Id":"http://data.europa.eu/snb/education-credit/6fcec5c5af","Type":"Concept"},"Point":"3,0","Id":"urn:epass:creditPoint:80d5608e-d11f-432c-a79d-c4210e443765","Type":"CreditPoint"},"LearningOutcome":[{"Title":{"En":"Possibilities and limits of AI"},"RelatedESCOSkill":[{"Notation":"Skill","InScheme":{"Id":"http://data.europa.eu/esco/concept-scheme/skills","Type":"ConceptScheme"},"PrefLabel":{"En":"principles of artificial intelligence"},"Id":"http://data.europa.eu/esco/skill/e465a154-93f7-4973-9ce1-31659fe16dd2","Type":"Concept"},{"Notation":"Skill","InScheme":{"Id":"http://data.europa.eu/esco/concept-scheme/skills","Type":"ConceptScheme"},"PrefLabel":{"En":"use ICT systems"},"Id":"http://data.europa.eu/esco/skill/31d35d3d-2bf2-49aa-9c20-92566ef80277","Type":"Concept"}],"AdditionalNote":{"NoteLiteral":{"En":"By the end of the Challenge learners will gain an understanding of key possibilities and limits of AI and its impact on human creativity."},"Id":"urn:eciu:note:92426a8b-ced7-ef11-a72f-000d3a22dc2e","Type":"Note"},"Id":"urn:epass:learningOutcome:80d5608e-d11f-432c-a79d-c4210e443765-1","Type":"LearningOutcome"},{"Title":{"En":"Soft skills relating to interdisciplinary and international collaboration"},"RelatedESCOSkill":[{"Notation":"Skill","InScheme":{"Id":"http://data.europa.eu/esco/concept-scheme/skills","Type":"ConceptScheme"},"PrefLabel":{"En":"work in teams"},"Id":"http://data.europa.eu/esco/skill/60c78287-22eb-4103-9c8c-28deaa460da0","Type":"Concept"},{"Notation":"Skill","InScheme":{"Id":"http://data.europa.eu/esco/concept-scheme/skills","Type":"ConceptScheme"},"PrefLabel":{"En":"demonstrate intercultural competence"},"Id":"http://data.europa.eu/esco/skill/c10d5d87-36cf-42f5-8a12-e560fb5f4af8","Type":"Concept"},{"Notation":"Skill","InScheme":{"Id":"http://data.europa.eu/esco/concept-scheme/skills","Type":"ConceptScheme"},"PrefLabel":{"En":"listening and asking questions"},"Id":"http://data.europa.eu/esco/skill/S1.7.3","Type":"Concept"}],"AdditionalNote":{"NoteLiteral":{"En":"By the end of the Challenge learners will cultivate soft skills relating to interdisciplinary and international collaboration, critical thinking, communication, ideation, and collective creativity."},"Id":"urn:eciu:note:782bf5c8-ced7-ef11-a72f-000d3a22dc2e","Type":"Note"},"Id":"urn:epass:learningOutcome:80d5608e-d11f-432c-a79d-c4210e443765-2","Type":"LearningOutcome"},{"Title":{"En":"Think holistically about creative processes"},"RelatedESCOSkill":[{"Notation":"Skill","InScheme":{"Id":"http://data.europa.eu/esco/concept-scheme/skills","Type":"ConceptScheme"},"PrefLabel":{"En":"think creatively"},"Id":"http://data.europa.eu/esco/skill/c624c6a3-b0ba-4a31-a296-0d433fe47e41","Type":"Concept"},{"Notation":"Skill","InScheme":{"Id":"http://data.europa.eu/esco/concept-scheme/skills","Type":"ConceptScheme"},"PrefLabel":{"En":"create new concepts"},"Id":"http://data.europa.eu/esco/skill/f08e2bd6-0366-4948-a670-1f03f130126f","Type":"Concept"},{"Notation":"Skill","InScheme":{"Id":"http://data.europa.eu/esco/concept-scheme/skills","Type":"ConceptScheme"},"PrefLabel":{"En":"think holistically"},"Id":"http://data.europa.eu/esco/skill/d56e2c2f-3e01-4b76-a7bb-ecb6d430172f","Type":"Concept"}],"AdditionalNote":{"NoteLiteral":{"En":"By the end of the Challenge learners will be able to bridge the gap between theory and practice by applying learned innovation methods to real-world challenges, thereby gaining a practical understanding of the concepts. Additionally, students will develop skills in analysing and synthesising scientific research related to creativity, leading to a broader and deeper understanding of the field."},"Id":"urn:eciu:note:173a4312-cfd7-ef11-a72f-000d3a22dc2e","Type":"Note"},"Id":"urn:epass:learningOutcome:80d5608e-d11f-432c-a79d-c4210e443765-3","Type":"LearningOutcome"}],"LearningSetting":null,"Mode":null,"Title":{"En":"Creativity and Artificial Intelligence"},"DcType":null,"HomePage":null,"VolumeOfLearning":null,"Id":"urn:eciu:qualification:80d5608e-d11f-432c-a79d-c4210e443765","Type":"Qualification"},"IsPartOf":{"Mode":null,"DcType":null,"Title":{"En":"Creativity and Artificial Intelligence"},"AdmissionsProcedure":null,"ApplicationDeadline":null,"Description":null,"LearningAchievementSpecification":null,"IsPartOf":null,"Temporal":null,"ProvidedBy":null,"LearningActivitySpecification":null,"BannerImage":null,"MoreInformation":null,"Id":"urn:eciu:learningOpportunity:1e0f6253-6fc9-ee11-9078-6045bd886f79","Type":"LearningOpportunity"},"Temporal":{"EndDate":"2025-04-07T00:00:00Z","Name":{"En":"Temporal"},"StartDate":"2025-06-23T00:00:00Z"},"ProvidedBy":{"Location":null,"Logo":null,"LegalName":{"En":"TECHNISCHE UNIVERSITAT HAMBURG (TUHH"},"Registration":null,"Homepage":null,"Id":"urn:eciu:org:d2f87009-6a54-ed11-bba2-6045bd886566","Type":"Organisation"},"LearningActivitySpecification":{"Mode":null,"DcType":null,"Title":{"En":""},"Description":null,"MoreInformation":[{"NoteLiteral":"The course will mainly take a hybrid format by using a 360\u00B0 conference camera which affords an immersive meeting experience for students on-site (from TUHH) and abroad.\n\nAll synchronous **meetings will take place on Mondays starting 4.15 pm (CET)** - please check schedule below.\n\nSelf-learning and group reflection segments will be part of all three Challenge phases. There will be presentation and feedback sessions at the end of each phase.\u00A0 Moreover, the students will engage in red-teaming sessions, challenging and refining features of their solutions through collaborative critique. In addition, inputs on AI and the state of the art in creativity research (including insights from psychology, philosophy, and cognitive science) will be provided.  \n\nExternal stakeholders will provide perspectives from different areas relevant to creativity and AI. This allows the students to interact with domain experts and engage with their feedback and ideas in developing or refining their solutions.\n\n**Engage Phase:** At the beginning of the seminar, the students get to know each other. In this context, team building plays a key role. Sub-teams are being formed, led by team leaders. Eventually, the teams formulate concrete and actionable challenges.\n\nApr 7th 4.15-7 pm (CET): Kick-Off Meeting\n\nplan 2 h of self-organized group meeting before next meeting Apr 14th\n\nApr 14th 4.15-6 pm (CET): Input on Ethics of Generative AI and Milestone Meeting 1\n\n**Investigate Phase:** The students conduct research relevant to the challenges and potential solutions.\n\nbetween Apr 15th and May 04th 4 h self-organized group meeting and individual research before next meeting Apr 28th\n\nApr 28th 4.15-6 pm (CET): Stakeholder meeting and Work Session\n\nMay 05th 4.15-6 pm (CET): Milestone Meeting 2\n\n**Act Phase:** The students develop innovative, interdisciplinary solutions to the challenges by drawing on the knowledge they acquired in the previous phases and the skills the team members bring to the table. The teams are encouraged to design a prototype or conceptual product.\n\nbetween May 06th and final presentation: self-organised group meetings with approx. workload of 14 h\n\nMay 12th 4.15-6 pm (CET): Ethics by Design Session combined with Discussion \u0026 Feedback Session\n\nMay 19th 4.15-6 pm (CET): Inclusive Design Session combined with Discussion \u0026 Feedback Session\n\nJun 02nd 4.15-6 pm (CET): Discussion \u0026 Feedback Session\n\nJun 09th 4.15-6 pm (CET): Discussion \u0026 Feedback Session\n\nJun 23th 4.15-7 pm (CET): FINAL PRESENTATIONS\n\ntbd: Stakeholder meeting\u00A0with approx. workload of 2 h","Subject":{"InScheme":{"Id":"urn:eciu:note","Type":"ConceptScheme"},"PrefLabel":{"En":"ParticipantInformation"},"Id":"80d5608e-d11f-432c-a79d-c4210e443765","Type":"Concept"}}],"HasPart":null,"Id":"urn:eciu:learningActivitySpec:80d5608e-d11f-432c-a79d-c4210e443765","Type":"LearningActivitySpecification"},"BannerImage":null,"MoreInformation":[{"NoteLiteral":"","Subject":{"InScheme":{"Id":"urn:eciu:note","Type":"ConceptScheme"},"PrefLabel":{"En":"SourceIdentifier"},"Id":"80d5608e-d11f-432c-a79d-c4210e443765","Type":"Concept"}},{"NoteLiteral":"Use your creativity to identify a challenge at the intersections of ethics, creativity and AI!","Subject":{"InScheme":{"Id":"urn:eciu:note","Type":"ConceptScheme"},"PrefLabel":{"En":"SubTitle"},"Id":"80d5608e-d11f-432c-a79d-c4210e443765","Type":"Concept"}},{"NoteLiteral":"Artificial Intelligence (AI) can now write short stories, produce artworks, draft business plans, play strategy games like chess or Go (and often better than humans), and solve scientific problems. For that reason, society is confronted with complex questions such as: Can AI be creative? To what extent does AI impact human creativity? What is creativity in the first place and how does it work? AI affords unforeseen creative possibilities. At the same time, AI raises multifaceted sociotechnical questions, ranging from bias, misinformation, and human-machine interaction harms to mass unemployment and a new human self-understanding. Both exploring the potential of AI-powered creativity and finding solutions to the risks it generates requires experimentation and outside-the-box thinking. The seminar enables the participating students to use their collective creativity to identify a challenge at the intersection of creativity and AI and to collaboratively develop an innovative, interdisciplinary solution. The challenge provides a unique learning environment that empowers the participants to acquire not only a theoretical understanding of, but also practical competencies concerning, AI-driven creativity. Moreover, by interacting with a diverse set of external stakeholders, the students gain insights into different domains and industries.","Subject":{"InScheme":{"Id":"urn:eciu:note","Type":"ConceptScheme"},"PrefLabel":{"En":"Introduction"},"Id":"80d5608e-d11f-432c-a79d-c4210e443765","Type":"Concept"}},{"NoteLiteral":"True","Subject":{"InScheme":{"Id":"urn:eciu:note","Type":"ConceptScheme"},"PrefLabel":{"En":"GenerateMicroCredentials"},"Id":"80d5608e-d11f-432c-a79d-c4210e443765","Type":"Concept"}},{"NoteLiteral":"All students with an interest in Creativity and Artificial Intelligence as well as the generation and evaluation of new and useful ideas are very welcome.\n\nQuestions regarding the course itself will be answered by\u00A0jonas.bozenhard@tuhh.de from March 2025.\n\nTo apply for the course a CV and Transcript of Record are needed.\n\nPlease be aware, students who will fail to attend the first session on April 7th without valid excuse will be excluded from the course and will not be able to join the remaining sessions as places are limited.\n\n**For TUHH students**:\u00A0Please note that you can receive TUHH credits for your master\u0027s program only via the corresponding NTA course\u00A0for which you must register at TUHH. TUHH Bachelor students are also welcome, but - as they are enrolled at TUHH \u2013 will not receive automatic credit in addition to the ECIU Microcredential.","Subject":{"InScheme":{"Id":"urn:eciu:note","Type":"ConceptScheme"},"PrefLabel":{"En":"AdmissionProcessInformation"},"Id":"80d5608e-d11f-432c-a79d-c4210e443765","Type":"Concept"}},{"NoteLiteral":"False","Subject":{"InScheme":{"Id":"urn:eciu:note","Type":"ConceptScheme"},"PrefLabel":{"En":"SimplifiedAdmissionProcess"},"Id":"80d5608e-d11f-432c-a79d-c4210e443765","Type":"Concept"}},{"NoteLiteral":"2025-01-26","Subject":{"InScheme":{"Id":"urn:eciu:note","Type":"ConceptScheme"},"PrefLabel":{"En":"ApplicationPeriodStartDate"},"Id":"80d5608e-d11f-432c-a79d-c4210e443765","Type":"Concept"}},{"NoteLiteral":"15","Subject":{"InScheme":{"Id":"urn:eciu:note","Type":"ConceptScheme"},"PrefLabel":{"En":"MaximumNumberOfSeats"},"Id":"80d5608e-d11f-432c-a79d-c4210e443765","Type":"Concept"}},{"NoteLiteral":"False","Subject":{"InScheme":{"Id":"urn:eciu:note","Type":"ConceptScheme"},"PrefLabel":{"En":"ECIULMSENabled"},"Id":"80d5608e-d11f-432c-a79d-c4210e443765","Type":"Concept"}},{"NoteLiteral":"","Subject":{"InScheme":{"Id":"urn:eciu:note","Type":"ConceptScheme"},"PrefLabel":{"En":"LMSUrl"},"Id":"80d5608e-d11f-432c-a79d-c4210e443765","Type":"Concept"}},{"NoteLiteral":"","Subject":{"InScheme":{"Id":"urn:eciu:note","Type":"ConceptScheme"},"PrefLabel":{"En":"TeamAccessDate"},"Id":"80d5608e-d11f-432c-a79d-c4210e443765","Type":"Concept"}},{"NoteLiteral":"false","Subject":{"InScheme":{"Id":"urn:eciu:note","Type":"ConceptScheme"},"PrefLabel":{"En":"SelfPaced"},"Id":"80d5608e-d11f-432c-a79d-c4210e443765","Type":"Concept"}},{"NoteLiteral":"25","Subject":{"InScheme":{"Id":"urn:eciu:note","Type":"ConceptScheme"},"PrefLabel":{"En":"Pace"},"Id":"80d5608e-d11f-432c-a79d-c4210e443765","Type":"Concept"}},{"NoteLiteral":"Standard","Subject":{"InScheme":{"Id":"urn:eciu:note","Type":"ConceptScheme"},"PrefLabel":{"En":"Scope"},"Id":"80d5608e-d11f-432c-a79d-c4210e443765","Type":"Concept"}}],"Id":"urn:eciu:learningOpportunity:80d5608e-d11f-432c-a79d-c4210e443765","Type":"LearningOpportunity"}