{"Mode":{"InScheme":{"Id":"http://data.europa.eu/snb/learning-assessment/25831c2","Type":"ConceptScheme"},"PrefLabel":{"En":"Blended"},"Id":"http://data.europa.eu/snb/learning-assessment/e92d221e4d","Type":"Concept"},"DcType":null,"Title":{"En":"New ideas to revolutionize the Future of Plant-Based food"},"AdmissionsProcedure":null,"ApplicationDeadline":"2024-09-26","Description":{"En":"The challenge is to find solutions to lead the next revolution in sustainable eating, by transforming the culinary landscape with MOPUR, a groundbreaking vegetarian alternative to meat. Created from gluten and legumes and enriched with the natural fermentation of Lactobacillus plantarum and Saccharomyces cerevisiae, MOPUR offers a delicious, eco-friendly solution to high carbon footprints and meat consumption. In this challenge, we will delve into the innovative production technology of MOPUR, explore current market, and understand the complexities of food logistics, boost creativity to develop new food preparations that move beyond traditional salami-like products and focus on marketing messages that resonate with modern consumers and drive the adoption of sustainable eating habits."},"LearningAchievementSpecification":{"EQFLevel":{"InScheme":{"Id":"http://data.europa.eu/snb/eqf/25831c2","Type":"ConceptScheme"},"PrefLabel":{"En":"Level 6"},"Id":"http://data.europa.eu/snb/eqf/6","Type":"Concept"},"CreditPoint":{"Framework":{"InScheme":{"Id":"http://data.europa.eu/snb/education-credit/25831c2","Type":"ConceptScheme"},"PrefLabel":{"En":"European Credit Transfer System"},"Id":"http://data.europa.eu/snb/education-credit/6fcec5c5af","Type":"Concept"},"Point":"3,0","Id":"urn:epass:creditPoint:a9e353a5-0437-4fe0-a527-e160127d80af","Type":"CreditPoint"},"LearningOutcome":[{"Title":{"En":"Forecasting"},"RelatedESCOSkill":[{"Notation":"Skill","InScheme":{"Id":"http://data.europa.eu/esco/concept-scheme/skills","Type":"ConceptScheme"},"PrefLabel":{"En":"think innovately"},"Id":"http://data.europa.eu/esco/skill/c2a0c52c-0b4b-4180-a918-92650ea3b458","Type":"Concept"}],"AdditionalNote":{"NoteLiteral":{"En":"Forecast the long-term impacts of technological, environmental, and societal changes on the evolution of plant-based foods."},"Id":"urn:eciu:note:bb1b9533-9528-ef11-840a-000d3a46ef97","Type":"Note"},"Id":"urn:epass:learningOutcome:a9e353a5-0437-4fe0-a527-e160127d80af-1","Type":"LearningOutcome"},{"Title":{"En":"Understanding the Plant-Based Food Landscape"},"RelatedESCOSkill":[{"Notation":"Skill","InScheme":{"Id":"http://data.europa.eu/esco/concept-scheme/skills","Type":"ConceptScheme"},"PrefLabel":{"En":"demonstrate willingness to learn"},"Id":"http://data.europa.eu/esco/skill/A1.8.0","Type":"Concept"}],"AdditionalNote":{"NoteLiteral":{"En":"Explain the current trends, challenges, and opportunities in the plant-based food industry."},"Id":"urn:eciu:note:5218c9c3-9328-ef11-840b-0022487fecad","Type":"Note"},"Id":"urn:epass:learningOutcome:a9e353a5-0437-4fe0-a527-e160127d80af-2","Type":"LearningOutcome"},{"Title":{"En":"Innovation and Product Development"},"RelatedESCOSkill":[],"AdditionalNote":{"NoteLiteral":{"En":"Design and conceptualize new plant-based food products that address current market gaps and consumer needs."},"Id":"urn:eciu:note:3570daba-9428-ef11-840b-0022487fecad","Type":"Note"},"Id":"urn:epass:learningOutcome:a9e353a5-0437-4fe0-a527-e160127d80af-3","Type":"LearningOutcome"}],"LearningSetting":null,"Mode":null,"Title":{"En":"New ideas to revolutionize the Future of Plant-Based food"},"DcType":null,"HomePage":null,"VolumeOfLearning":null,"Id":"urn:eciu:qualification:a9e353a5-0437-4fe0-a527-e160127d80af","Type":"Qualification"},"IsPartOf":{"Mode":null,"DcType":null,"Title":{"En":"New ideas to revolutionize the Future of Plant-Based food"},"AdmissionsProcedure":null,"ApplicationDeadline":null,"Description":null,"LearningAchievementSpecification":null,"IsPartOf":null,"Temporal":null,"ProvidedBy":null,"LearningActivitySpecification":null,"BannerImage":null,"MoreInformation":null,"Id":"urn:eciu:learningOpportunity:10d1c552-8f28-ef11-840b-0022487fecad","Type":"LearningOpportunity"},"Temporal":{"EndDate":"2024-10-07T00:00:00Z","Name":{"En":"Temporal"},"StartDate":"2024-12-20T00:00:00Z"},"ProvidedBy":{"Location":null,"Logo":null,"LegalName":{"En":"UNIVERSITA DEGLI STUDI DI TRENTO (UNITN)"},"Registration":null,"Homepage":null,"Id":"urn:eciu:org:c7bc8551-6a54-ed11-bba2-6045bd886566","Type":"Organisation"},"LearningActivitySpecification":{"Mode":null,"DcType":null,"Title":{"En":""},"Description":null,"MoreInformation":[{"NoteLiteral":"The challenge is to create\u00A0 new food preparations and marketing strategies for MOPUR, a sustainable vegetarian alternative to meat salami. Participants will explore MOPUR production, legislation, and logistics, and develop market-ready products and compelling marketing messages with experts.\n\n- Introduction to MOPUR and challenge-based learning; team formation and brainstorming.\n\n- Market and consumer trends; market analysis, Production technology and legislative framework, logistics.\n\n- Ideation and prototyping; hands-on product development.\n\n- Marketing strategies and communication; creating marketing campaigns.\n\n- Final presentations and feedback; refining strategies and implementation planning.\n\n**Evaluation**\n\n- Participation and Collaboration: 20%\n\n- Reports: 30%\n\n- Final Presentation: 30%\n\n**Resources**\n\n- Online course materials\n\n- Access to a food production lab\n\n- Guest lectures from experts\n\n**Instructors and Support**\n\n- Expert in food science and technology\n\n- Guest lecturers (market analysts, marketing professionals, legal experts)\n\n- Support from teaching assistants and lab technicians\n\n**Physical presence in Trento is required from 11 to 15 November.**\n\n**If you are an international student, ask for financial support from the mobility office of your home university, mentioning that this learning opportunity can be a BIP (Blended Intensive Program).**\n\nMore information **[here](https://www.soi.unitn.it/courses/soi-142-new-ideas-to-revolutionize-the-future-of-plant-based-food/)**!","Subject":{"InScheme":{"Id":"urn:eciu:note","Type":"ConceptScheme"},"PrefLabel":{"En":"ParticipantInformation"},"Id":"a9e353a5-0437-4fe0-a527-e160127d80af","Type":"Concept"}}],"HasPart":null,"Id":"urn:eciu:learningActivitySpec:a9e353a5-0437-4fe0-a527-e160127d80af","Type":"LearningActivitySpecification"},"BannerImage":null,"MoreInformation":[{"NoteLiteral":"","Subject":{"InScheme":{"Id":"urn:eciu:note","Type":"ConceptScheme"},"PrefLabel":{"En":"SourceIdentifier"},"Id":"a9e353a5-0437-4fe0-a527-e160127d80af","Type":"Concept"}},{"NoteLiteral":"Be a trailblazer in the world of plant-based foods!","Subject":{"InScheme":{"Id":"urn:eciu:note","Type":"ConceptScheme"},"PrefLabel":{"En":"SubTitle"},"Id":"a9e353a5-0437-4fe0-a527-e160127d80af","Type":"Concept"}},{"NoteLiteral":"The consumption of meat has high footprint and carbon emissions and veg alternatives are receiving increasing attention by the food industries and the consumers.\n\nRegister now to participate in this transformative challenge to redefine the future of plant-based food based on MOPUR. Let\u0027s innovate, collaborate, and make a lasting impact on the food industry together!\nThe challenge will cover various areas: Develop original food preparations utilizing MOPUR that appeal to diverse palates; Create effective marketing strategies to position MOPUR as a leading choice in plant-based nutrition; Understand and apply knowledge in food production, legislation, and logistics to real-world challenges; Foster a collaborative environment where teamwork and diverse perspectives drive innovation; Prototype and test new solutions directly with consumers to ensure market readiness.","Subject":{"InScheme":{"Id":"urn:eciu:note","Type":"ConceptScheme"},"PrefLabel":{"En":"Introduction"},"Id":"a9e353a5-0437-4fe0-a527-e160127d80af","Type":"Concept"}},{"NoteLiteral":"True","Subject":{"InScheme":{"Id":"urn:eciu:note","Type":"ConceptScheme"},"PrefLabel":{"En":"GenerateMicroCredentials"},"Id":"a9e353a5-0437-4fe0-a527-e160127d80af","Type":"Concept"}},{"NoteLiteral":"To apply for the Challenge, please upload:\n\n- your CV in English;\n\n- if available, the English language certification\n\n- a brief motivational letter (1.000 characters) OR a motivational video (max 40\u2019\u2019, preferably youtube link) where you explain WHY you are interested in THIS Challenge.\n\n- Transcript of records\n\nPlease identify your Applicant status:\n\n1-UniTrento PhD or Student\n\n\u00A02-ECIU student\n\n\u00A03-Erasmus\u002B or Bilateral agreement student (in Trento for the whole semester)\n\n4-Student enrolled in Erasmus\u002B (non ECIU) partner University, applying for a challenge or BIP-Blended Intensive Program in Trento\n\n5-Other (extra fees may apply)\n\nStatus 1, 2 and 3 applicants need to submit two applications (similar documents, same deadline on 25 September):\n\n[SOI Admission Apply](https://webapps.unitn.it/Apply/it/MyUnitn/Home/334102/serv-studenti/Sel_SoI_2024_1)\n\n[ECIU Admission application](https://engage.eciu.eu/browse?universityIds=c7bc8551-6a54-ed11-bba2-6045bd886566\u0026amp;learningOppStatuses=1)\n\nStatus 4 and 5 applicants only submit their application in the[SOI Admission Apply](https://webapps.unitn.it/Apply/it/MyUnitn/Home/334102/serv-studenti/Sel_SoI_2024_1)\n\n[Here](https://docs.google.com/document/d/1p_7yzGdwBz1VL5Tq86o03TM7zG47B7yT/edit?usp=sharing\u0026amp;ouid=117641408050668552988\u0026amp;rtpof=true\u0026amp;sd=true)you can find guidelines on the application process.","Subject":{"InScheme":{"Id":"urn:eciu:note","Type":"ConceptScheme"},"PrefLabel":{"En":"AdmissionProcessInformation"},"Id":"a9e353a5-0437-4fe0-a527-e160127d80af","Type":"Concept"}},{"NoteLiteral":"False","Subject":{"InScheme":{"Id":"urn:eciu:note","Type":"ConceptScheme"},"PrefLabel":{"En":"SimplifiedAdmissionProcess"},"Id":"a9e353a5-0437-4fe0-a527-e160127d80af","Type":"Concept"}},{"NoteLiteral":"2024-06-12","Subject":{"InScheme":{"Id":"urn:eciu:note","Type":"ConceptScheme"},"PrefLabel":{"En":"ApplicationPeriodStartDate"},"Id":"a9e353a5-0437-4fe0-a527-e160127d80af","Type":"Concept"}},{"NoteLiteral":"100","Subject":{"InScheme":{"Id":"urn:eciu:note","Type":"ConceptScheme"},"PrefLabel":{"En":"MaximumNumberOfSeats"},"Id":"a9e353a5-0437-4fe0-a527-e160127d80af","Type":"Concept"}},{"NoteLiteral":"False","Subject":{"InScheme":{"Id":"urn:eciu:note","Type":"ConceptScheme"},"PrefLabel":{"En":"ECIULMSENabled"},"Id":"a9e353a5-0437-4fe0-a527-e160127d80af","Type":"Concept"}},{"NoteLiteral":"","Subject":{"InScheme":{"Id":"urn:eciu:note","Type":"ConceptScheme"},"PrefLabel":{"En":"LMSUrl"},"Id":"a9e353a5-0437-4fe0-a527-e160127d80af","Type":"Concept"}},{"NoteLiteral":"","Subject":{"InScheme":{"Id":"urn:eciu:note","Type":"ConceptScheme"},"PrefLabel":{"En":"TeamAccessDate"},"Id":"a9e353a5-0437-4fe0-a527-e160127d80af","Type":"Concept"}},{"NoteLiteral":"false","Subject":{"InScheme":{"Id":"urn:eciu:note","Type":"ConceptScheme"},"PrefLabel":{"En":"SelfPaced"},"Id":"a9e353a5-0437-4fe0-a527-e160127d80af","Type":"Concept"}},{"NoteLiteral":"0","Subject":{"InScheme":{"Id":"urn:eciu:note","Type":"ConceptScheme"},"PrefLabel":{"En":"Pace"},"Id":"a9e353a5-0437-4fe0-a527-e160127d80af","Type":"Concept"}},{"NoteLiteral":"Standard","Subject":{"InScheme":{"Id":"urn:eciu:note","Type":"ConceptScheme"},"PrefLabel":{"En":"Scope"},"Id":"a9e353a5-0437-4fe0-a527-e160127d80af","Type":"Concept"}}],"Id":"urn:eciu:learningOpportunity:a9e353a5-0437-4fe0-a527-e160127d80af","Type":"LearningOpportunity"}