{"Mode":{"InScheme":{"Id":"http://data.europa.eu/snb/learning-assessment/25831c2","Type":"ConceptScheme"},"PrefLabel":{"En":"Online"},"Id":"http://data.europa.eu/snb/learning-assessment/920fbb3cbe","Type":"Concept"},"DcType":null,"Title":{"En":"Data Representation Real World"},"AdmissionsProcedure":null,"ApplicationDeadline":"2024-08-16","Description":{"En":"For computer systems to learn from experience they need information from the outside world structured in a way that is better suited to how they learn. To do so effectively, we must explore different means of representing common types of information such as images, video, sensors and text. In this course, we will explore useful ways of doing exactly that.\n\nIn this course, we will examine some practical examples of data representation as they can occur with real-world machine-learning tasks.\n\nWe will examine suitable feature representations for images, text and time series\n\nWe will develop an appreciation for the data representation challenge and the importance of giving attention to this stage of the machine learning development process.\n\nUpon completion of this module, you will be able to Apply a range of concepts to explore different representations of data. Understand the limits and breadth of Machine Learning capabilities and Evaluate different representations of data for different purposes."},"LearningAchievementSpecification":{"EQFLevel":{"InScheme":{"Id":"http://data.europa.eu/snb/eqf/25831c2","Type":"ConceptScheme"},"PrefLabel":{"En":"Level 7"},"Id":"http://data.europa.eu/snb/eqf/7","Type":"Concept"},"CreditPoint":null,"LearningOutcome":[{"Title":{"En":"L01"},"RelatedESCOSkill":[{"Notation":"Skill","InScheme":{"Id":"http://data.europa.eu/esco/concept-scheme/skills","Type":"ConceptScheme"},"PrefLabel":{"En":"analyse big data"},"Id":"http://data.europa.eu/esco/skill/47a49cd6-097d-457a-9f7b-c290c14930d5","Type":"Concept"}],"AdditionalNote":{"NoteLiteral":{"En":"Upon completion of the ELO, the learner will apply a range of concepts to explore different representations of data"},"Id":"urn:eciu:note:f92757f4-3911-ef11-9f89-0022488b0cca","Type":"Note"},"Id":"urn:epass:learningOutcome:05eb0536-0b21-46d1-8b2e-ac35f753fc7b-1","Type":"LearningOutcome"},{"Title":{"En":"L02"},"RelatedESCOSkill":[{"Notation":"Skill","InScheme":{"Id":"http://data.europa.eu/esco/concept-scheme/skills","Type":"ConceptScheme"},"PrefLabel":{"En":"machine learning"},"Id":"http://data.europa.eu/esco/skill/3a2d5b45-56e4-4f5a-a55a-4a4a65afdc43","Type":"Concept"}],"AdditionalNote":{"NoteLiteral":{"En":"Upon completion of the ELO, the learner will understand the limits and breadth of Machine Learning capabilities;"},"Id":"urn:eciu:note:2f66485b-df11-ef11-9f89-6045bd89eae4","Type":"Note"},"Id":"urn:epass:learningOutcome:05eb0536-0b21-46d1-8b2e-ac35f753fc7b-2","Type":"LearningOutcome"},{"Title":{"En":"L03"},"RelatedESCOSkill":[{"Notation":"Skill","InScheme":{"Id":"http://data.europa.eu/esco/concept-scheme/skills","Type":"ConceptScheme"},"PrefLabel":{"En":"Identify statistical patterns"},"Id":"http://data.europa.eu/esco/skill/06670261-ea6b-4b52-a915-c7d4ff837f74","Type":"Concept"}],"AdditionalNote":{"NoteLiteral":{"En":"Upon completion of the ELO, the learner will evaluate different representations of data for different purposes."},"Id":"urn:eciu:note:4d1b4692-df11-ef11-9f89-6045bd89eae4","Type":"Note"},"Id":"urn:epass:learningOutcome:05eb0536-0b21-46d1-8b2e-ac35f753fc7b-3","Type":"LearningOutcome"}],"LearningSetting":null,"Mode":null,"Title":{"En":"Data Representation Real World"},"DcType":null,"HomePage":null,"VolumeOfLearning":"PT4H","Id":"urn:eciu:qualification:05eb0536-0b21-46d1-8b2e-ac35f753fc7b","Type":"Qualification"},"IsPartOf":{"Mode":null,"DcType":null,"Title":{"En":"Data Representation Real World"},"AdmissionsProcedure":null,"ApplicationDeadline":null,"Description":null,"LearningAchievementSpecification":null,"IsPartOf":null,"Temporal":null,"ProvidedBy":null,"LearningActivitySpecification":null,"BannerImage":null,"MoreInformation":[{"NoteLiteral":"CA684","Subject":{"InScheme":{"Id":"urn:eciu:note","Type":"ConceptScheme"},"PrefLabel":{"En":"EducationIdentifier"},"Id":"42a013a8-3811-ef11-9f89-0022488b0cca","Type":"Concept"}}],"Id":"urn:eciu:learningOpportunity:42a013a8-3811-ef11-9f89-0022488b0cca","Type":"LearningOpportunity"},"Temporal":{"EndDate":"2024-05-20T00:00:00Z","Name":{"En":"Temporal"},"StartDate":"2024-08-30T00:00:00Z"},"ProvidedBy":{"Location":null,"Logo":null,"LegalName":{"En":"DUBLIN CITY UNIVERSITY (DCU)"},"Registration":null,"Homepage":null,"Id":"urn:eciu:org:ee9c51fc-6954-ed11-bba2-6045bd886566","Type":"Organisation"},"LearningActivitySpecification":{"Mode":null,"DcType":null,"Title":{"En":""},"Description":null,"MoreInformation":[{"NoteLiteral":"- The course will become **accessible as of the 20th of May 2024**.\n- You can already register for it by clicking **this link:** **[https://www.futurelearn.com/invitations/dcu/data-representation-real-world/fqp7f8bwgkjzh9vwvvzxlx3917epqk4](https://www.futurelearn.com/invitations/dcu/data-representation-fundamentals/qehhyn5tbe663e3sb9qm8l7b08et6zf)**\n- On clicking the link, you will be prompted to **set up an account with the FutureLearn**, which will be your Learning Environment for this course.\n- To gain access to the course in FutureLearn, **please use your Tampere City email address** when opening the account.\n- The course is asynchronous and provides you with the opportunity to comment on course content etc. with your peers during the course.","Subject":{"InScheme":{"Id":"urn:eciu:note","Type":"ConceptScheme"},"PrefLabel":{"En":"ParticipantInformation"},"Id":"05eb0536-0b21-46d1-8b2e-ac35f753fc7b","Type":"Concept"}}],"HasPart":null,"Id":"urn:eciu:learningActivitySpec:05eb0536-0b21-46d1-8b2e-ac35f753fc7b","Type":"LearningActivitySpecification"},"BannerImage":null,"MoreInformation":[{"NoteLiteral":"","Subject":{"InScheme":{"Id":"urn:eciu:note","Type":"ConceptScheme"},"PrefLabel":{"En":"SourceIdentifier"},"Id":"05eb0536-0b21-46d1-8b2e-ac35f753fc7b","Type":"Concept"}},{"NoteLiteral":"(Data analytics)","Subject":{"InScheme":{"Id":"urn:eciu:note","Type":"ConceptScheme"},"PrefLabel":{"En":"SubTitle"},"Id":"05eb0536-0b21-46d1-8b2e-ac35f753fc7b","Type":"Concept"}},{"NoteLiteral":"In this course, we will examine some practical examples of data representation as they can occur with real-world machine-learning tasks.","Subject":{"InScheme":{"Id":"urn:eciu:note","Type":"ConceptScheme"},"PrefLabel":{"En":"Introduction"},"Id":"05eb0536-0b21-46d1-8b2e-ac35f753fc7b","Type":"Concept"}},{"NoteLiteral":"True","Subject":{"InScheme":{"Id":"urn:eciu:note","Type":"ConceptScheme"},"PrefLabel":{"En":"GenerateMicroCredentials"},"Id":"05eb0536-0b21-46d1-8b2e-ac35f753fc7b","Type":"Concept"}},{"NoteLiteral":"","Subject":{"InScheme":{"Id":"urn:eciu:note","Type":"ConceptScheme"},"PrefLabel":{"En":"AdmissionProcessInformation"},"Id":"05eb0536-0b21-46d1-8b2e-ac35f753fc7b","Type":"Concept"}},{"NoteLiteral":"True","Subject":{"InScheme":{"Id":"urn:eciu:note","Type":"ConceptScheme"},"PrefLabel":{"En":"SimplifiedAdmissionProcess"},"Id":"05eb0536-0b21-46d1-8b2e-ac35f753fc7b","Type":"Concept"}},{"NoteLiteral":"2024-05-13","Subject":{"InScheme":{"Id":"urn:eciu:note","Type":"ConceptScheme"},"PrefLabel":{"En":"ApplicationPeriodStartDate"},"Id":"05eb0536-0b21-46d1-8b2e-ac35f753fc7b","Type":"Concept"}},{"NoteLiteral":"30","Subject":{"InScheme":{"Id":"urn:eciu:note","Type":"ConceptScheme"},"PrefLabel":{"En":"MaximumNumberOfSeats"},"Id":"05eb0536-0b21-46d1-8b2e-ac35f753fc7b","Type":"Concept"}},{"NoteLiteral":"False","Subject":{"InScheme":{"Id":"urn:eciu:note","Type":"ConceptScheme"},"PrefLabel":{"En":"ECIULMSENabled"},"Id":"05eb0536-0b21-46d1-8b2e-ac35f753fc7b","Type":"Concept"}},{"NoteLiteral":"https://www.futurelearn.com/invitations/dcu/data-representation-real-world/fqp7f8bwgkjzh9vwvvzxlx3917epqk4","Subject":{"InScheme":{"Id":"urn:eciu:note","Type":"ConceptScheme"},"PrefLabel":{"En":"LMSUrl"},"Id":"05eb0536-0b21-46d1-8b2e-ac35f753fc7b","Type":"Concept"}},{"NoteLiteral":"","Subject":{"InScheme":{"Id":"urn:eciu:note","Type":"ConceptScheme"},"PrefLabel":{"En":"TeamAccessDate"},"Id":"05eb0536-0b21-46d1-8b2e-ac35f753fc7b","Type":"Concept"}},{"NoteLiteral":"false","Subject":{"InScheme":{"Id":"urn:eciu:note","Type":"ConceptScheme"},"PrefLabel":{"En":"SelfPaced"},"Id":"05eb0536-0b21-46d1-8b2e-ac35f753fc7b","Type":"Concept"}},{"NoteLiteral":"25","Subject":{"InScheme":{"Id":"urn:eciu:note","Type":"ConceptScheme"},"PrefLabel":{"En":"Pace"},"Id":"05eb0536-0b21-46d1-8b2e-ac35f753fc7b","Type":"Concept"}},{"NoteLiteral":"Standard","Subject":{"InScheme":{"Id":"urn:eciu:note","Type":"ConceptScheme"},"PrefLabel":{"En":"Scope"},"Id":"05eb0536-0b21-46d1-8b2e-ac35f753fc7b","Type":"Concept"}}],"Id":"urn:eciu:learningOpportunity:05eb0536-0b21-46d1-8b2e-ac35f753fc7b","Type":"LearningOpportunity"}